1167|0,3915,118084,118016,0;0,3921,21389,20736,0;1,3897,69829,69632,0;1,3904,38492,38400,0;1,3910,154335,154112,0;1,3912,31623,31488,0;1,3913,235437,229376,0;1,3919,257348,254976,0;2,3905,71905,71680,0;2,3908,130940,122880,0;3,3845,187296,180224,0;3,3916,106016,102912,0;4,3902,27839,24576,0;4,3907,121453,117760,0;4,3917,127080,121600,0;5,3906,181073,180224,0;5,3922,39487,36608,0;6,3874,17041,16896,0;6,3885,15822,8192,0;6,3891,36403,36352,0;6,3898,136136,129536,129536;6,3909,17041,14592,16384;6,3911,77444,76800,0;7,3899,49696,49664,0;7,3914,484111,483328,0;7,3918,49011,47616,0;7,3920,39405,38400,0|53.28389911141148|3845,0,1,2.1632719626500623;3874,0,0,1.5226669086848748;3885,0,1,2.1632719626500623;3891,0,0,1.5226669086848748;3897,0,0,1.5226669086848748;3898,0,2,2.3769391644988915;3899,0,0,1.5226669086848748;3902,0,1,2.1632719626500623;3904,0,0,1.5226669086848748;3905,0,0,1.5226669086848748;3906,0,1,2.1632719626500623;3907,0,1,2.1632719626500623;3908,0,1,2.1632719626500623;3909,0,2,2.3769391644988915;3910,0,0,1.5226669086848748;3911,0,1,2.1632719626500623;3912,0,0,1.5226669086848748;3913,0,1,2.1632719626500623;3914,0,1,2.1632719626500623;3915,0,0,1.5226669086848748;3916,0,1,2.1632719626500623;3917,0,2,2.3769391644988915;3918,0,1,2.1632719626500623;3919,0,1,2.1632719626500623;3920,0,1,2.1632719626500623;3921,0,1,2.1632719626500623;3922,0,1,2.1632719626500623
1168|0,3921,21389,21248,0;0,3923,244220,243712,0;1,3913,235437,235264,0;1,3919,257348,257280,0;1,3926,115016,114176,0;2,3908,130940,130816,0;2,3925,41717,0,0;2,3927,460,0,0;3,3845,187296,187136,0;3,3916,106016,105984,0;4,3902,27839,27648,0;4,3907,121453,121344,0;4,3917,127080,122880,0;4,3924,27968,24576,26624;4,3928,58386,57856,0;4,3929,95166,94720,0;5,3906,181073,180992,0;5,3922,39487,39424,0;6,3885,15822,15616,0;6,3898,136136,131072,129536;6,3909,17041,16384,16384;6,3911,77444,77312,0;6,3931,204559,148736,0;7,3914,484111,484096,0;7,3918,49011,48896,0;7,3920,39405,39168,0|62.17003371334113|3845,0,0,1.274511114284704;3885,0,0,1.274511114284704;3898,0,1,2.6241392001740462;3902,0,0,1.274511114284704;3906,0,0,1.274511114284704;3907,0,0,1.274511114284704;3908,0,0,1.274511114284704;3909,0,1,2.6241392001740462;3911,0,0,1.274511114284704;3913,0,0,1.274511114284704;3914,0,0,1.274511114284704;3916,0,0,1.274511114284704;3917,0,1,2.6241392001740462;3918,0,0,1.274511114284704;3919,0,0,1.274511114284704;3920,0,0,1.274511114284704;3921,0,0,1.274511114284704;3922,0,0,1.274511114284704;3923,0,1,2.6241392001740462;3924,0,2,4.227331178470125;3925,0,4,6.489967194833745;3926,0,2,4.227331178470125;3927,0,3,5.6812337539312034;3928,0,1,2.6241392001740462;3929,0,1,2.6241392001740462;3931,0,5,6.681668492321086
1169|0,3923,244220,243968,0;0,3932,76068,72960,0;1,3926,115016,114688,0;2,3925,41717,8192,0;2,3927,460,256,0;2,3936,60355,59904,0;2,3937,195373,192768,0;3,3930,112066,111360,0;4,3917,127080,126976,0;4,3924,27968,26624,26624;4,3928,58386,58368,0;4,3929,95166,94976,0;5,3933,65746,65536,0;5,3934,45781,41472,0;5,3935,62886,62464,0;6,3898,136136,135936,129536;6,3909,17041,16896,16384;6,3931,204559,155648,0|55.8513304316819|3898,0,0,1.4165017799706985;3909,0,0,1.4165017799706985;3917,0,0,1.4165017799706985;3923,0,0,1.4165017799706985;3924,0,1,3.052626934896709;3925,0,3,5.350657244670043;3926,0,1,3.052626934896709;3927,2,2,4.539176510617977;3928,0,0,1.4165017799706985;3929,0,0,1.4165017799706985;3930,0,1,3.052626934896709;3931,0,4,5.542358542157385;3932,0,2,4.539176510617977;3933,0,0,1.4165017799706985;3934,0,1,3.052626934896709;3935,0,1,3.052626934896709;3936,2,3,5.350657244670043;3937,2,3,5.350657244670043
1170|0,3932,76068,73728,0;0,3939,52697,52224,52480;1,3926,115016,114944,0;2,3925,41717,24576,0;2,3927,460,256,0;2,3936,60355,59904,0;2,3937,195373,192768,0;3,3930,112066,111872,0;4,3924,27968,27904,26624;5,3934,45781,45568,0;5,3935,62886,62720,0;6,3931,204559,163840,0;7,3938,35303,34816,0;7,3941,27660,26624,27136|40.79749767233848|3924,0,0,1.6478469390306507;3925,0,2,3.9570037860595617;3926,0,0,1.6478469390306507;3927,1,1,3.1453856873500188;3930,0,0,1.6478469390306507;3931,0,3,4.148705083546903;3932,0,1,3.1453856873500188;3934,0,0,1.6478469390306507;3935,0,0,1.6478469390306507;3936,1,2,3.9570037860595617;3937,1,2,3.9570037860595617;3938,0,1,3.1453856873500188;3939,0,1,3.1453856873500188;3941,0,2,3.9570037860595617
1171|0,3932,76068,76032,0;0,3939,52697,52480,52480;0,3945,24266,22272,0;1,3944,76044,74240,0;2,3925,41717,40960,0;2,3927,460,256,0;2,3936,60355,59904,0;2,3937,195373,192768,0;2,3940,113926,113664,0;2,3942,75565,72704,0;2,3951,651005,643328,0;3,3948,2956,0,0;5,3943,50558,40960,0;5,3952,38533,38144,0;6,3931,204559,180224,0;6,3949,235293,232192,0;6,3950,204610,204032,0;7,3938,35303,35072,0;7,3941,27660,27136,27136;7,3946,30803,29184,0;7,3947,2952,0,0|58.910148276911755|3925,0,1,2.9666239688993548;3927,0,0,1.7759311208045758;3931,0,2,3.1955933559667584;3932,0,0,1.7759311208045758;3936,0,1,2.9666239688993548;3937,0,1,2.9666239688993548;3938,0,0,1.7759311208045758;3939,0,0,1.7759311208045758;3940,0,1,2.9666239688993548;3941,0,1,2.9666239688993548;3942,0,2,3.1955933559667584;3943,0,2,3.1955933559667584;3944,0,1,2.9666239688993548;3945,0,1,2.9666239688993548;3946,0,1,2.9666239688993548;3947,0,1,2.9666239688993548;3948,0,1,2.9666239688993548;3949,1,2,3.1955933559667584;3950,1,2,3.1955933559667584;3951,0,2,3.1955933559667584;3952,0,1,2.9666239688993548
1172|0,3945,24266,24064,0;1,3944,76044,76032,0;2,3925,41717,41472,0;2,3936,60355,60160,0;2,3937,195373,195328,0;2,3940,113926,113920,0;2,3942,75565,73728,0;2,3951,651005,647168,0;3,3948,2956,2816,0;4,3963,396,0,0;5,3943,50558,49152,0;5,3952,38533,38400,0;6,3931,204559,196608,0;6,3949,235293,232192,0;6,3950,204610,204032,0;7,3941,27660,27648,27136;7,3946,30803,30720,0;7,3947,2952,2816,0|23.09922311734263|3925,0,0,1.1936232941209393;3931,0,1,1.4241952688588992;3936,0,0,1.1936232941209393;3937,0,0,1.1936232941209393;3940,0,0,1.1936232941209393;3941,0,0,1.1936232941209393;3942,0,1,1.4241952688588992;3943,0,1,1.4241952688588992;3944,0,0,1.1936232941209393;3945,0,0,1.1936232941209393;3946,0,0,1.1936232941209393;3947,0,0,1.1936232941209393;3948,0,0,1.1936232941209393;3949,0,1,1.4241952688588992;3950,0,1,1.4241952688588992;3951,0,1,1.4241952688588992;3952,0,0,1.1936232941209393;3963,0,1,1.4241952688588992
1173|0,3960,88942,73216,0;0,3962,115345,113152,0;0,3972,23371,21248,0;1,3966,44717,43776,0;1,3975,117770,0,0;1,3976,39073,38400,0;2,3942,75565,75520,0;2,3951,651005,650752,0;2,3964,250995,246784,0;3,3970,337738,335360,0;3,3973,557561,557056,0;4,3963,396,256,0;4,3967,59894,0,0;4,3969,115008,108032,0;4,3971,69802,64000,0;5,3943,50558,50432,0;5,3955,58843,48128,0;5,3958,87774,74752,0;5,3961,57928,55808,0;5,3965,270226,268544,0;5,3968,145705,138240,0;6,3931,204559,204544,0;6,3949,235293,235264,0;6,3950,204610,204544,0;6,3956,37815,36352,0;6,3957,17812,16896,0;6,3974,110204,110080,0;7,3953,206179,204800,0;7,3954,54465,52736,0;7,3959,96052,91136,0|128.79259104107024|3931,0,0,1.809187949941523;3942,0,0,1.809187949941523;3943,0,0,1.809187949941523;3949,0,0,1.809187949941523;3950,0,0,1.809187949941523;3951,0,0,1.809187949941523;3953,0,1,3.2434011349552923;3954,0,1,3.2434011349552923;3955,0,2,4.826304152118568;3956,0,1,3.2434011349552923;3957,0,1,3.2434011349552923;3958,0,3,6.194625211358602;3959,0,1,3.2434011349552923;3960,0,2,4.826304152118568;3961,1,3,6.194625211358602;3962,0,2,4.826304152118568;3963,0,0,1.809187949941523;3964,0,1,3.2434011349552923;3965,1,2,4.826304152118568;3966,0,1,3.2434011349552923;3967,0,5,8.694411043594666;3968,1,3,6.194625211358602;3969,0,5,8.694411043594666;3970,0,2,4.826304152118568;3971,0,6,9.95234442077322;3972,0,1,3.2434011349552923;3973,0,1,3.2434011349552923;3974,0,0,1.809187949941523;3975,0,9,11.82851318935395;3976,0,1,3.2434011349552923
1174|0,3960,88942,81920,0;0,3962,115345,114688,0;0,3972,23371,23296,0;0,3982,463,0,0;0,3983,9358,0,0;0,3984,57951,56576,0;0,3987,19602,16384,19200;1,3966,44717,44544,0;1,3975,117770,8192,0;1,3976,39073,38912,0;1,3979,36615,31232,0;1,3980,76163,69632,0;1,3988,36165,30976,0;2,3964,250995,250880,0;3,3970,337738,335872,0;3,3973,557561,557312,0;3,3977,2956,0,0;3,3978,2963,0,0;4,3967,59894,8192,0;4,3969,115008,114688,0;4,3971,69802,65280,0;4,3985,2954,0,0;4,3986,5132,0,0;5,3955,58843,57344,0;5,3958,87774,81664,0;5,3961,57928,55808,0;5,3965,270226,268544,0;5,3968,145705,138240,0;6,3956,37815,37632,0;6,3957,17812,17664,0;7,3953,206179,206080,0;7,3954,54465,54272,0;7,3959,96052,96000,0;7,3981,119518,118784,0|159.6263104763362|3953,0,0,1.6910301543182158;3954,0,0,1.6910301543182158;3955,0,1,3.3319468451556293;3956,0,0,1.6910301543182158;3957,0,0,1.6910301543182158;3958,0,2,4.710684724254279;3959,0,0,1.6910301543182158;3960,0,1,3.3319468451556293;3961,0,2,4.710684724254279;3962,0,1,3.3319468451556293;3964,0,0,1.6910301543182158;3965,0,1,3.3319468451556293;3966,0,0,1.6910301543182158;3967,0,4,7.305790181724073;3968,0,2,4.710684724254279;3969,3,4,7.305790181724073;3970,0,1,3.3319468451556293;3971,3,5,8.563723558902627;3972,0,0,1.6910301543182158;3973,0,0,1.6910301543182158;3975,0,8,11.010081099334752;3976,0,0,1.6910301543182158;3977,0,1,3.3319468451556293;3978,0,1,3.3319468451556293;3979,0,8,11.010081099334752;3980,0,8,11.010081099334752;3981,0,1,3.3319468451556293;3982,0,1,3.3319468451556293;3983,0,2,4.710684724254279;3984,0,3,6.029269873299174;3985,3,4,7.305790181724073;3986,3,4,7.305790181724073;3987,1,3,6.029269873299174;3988,0,8,11.010081099334752
1175|0,3960,88942,88832,0;0,3962,115345,115200,0;0,3982,463,256,0;0,3983,9358,8192,0;0,3984,57951,56832,0;0,3987,19602,16384,19200;1,3975,117770,16384,0;1,3979,36615,32768,0;1,3980,76163,73728,0;1,3988,36165,32768,0;1,3992,120272,118784,0;2,3990,142126,141568,0;2,3991,67596,66816,0;2,3994,781,0,0;3,3970,337738,337664,0;3,3977,2956,2816,0;3,3978,2963,2816,0;3,3989,70704,0,0;3,3993,109409,105984,0;4,3967,59894,24576,0;4,3969,115008,114688,0;4,3971,69802,65280,0;4,3985,2954,0,0;4,3986,5132,0,0;5,3955,58843,58624,0;5,3958,87774,81920,0;5,3961,57928,57344,0;5,3965,270226,270080,0;5,3968,145705,139264,0;7,3981,119518,119296,0;7,3995,484499,484096,0|155.78688788278862|3955,0,0,1.766925869962297;3958,0,1,3.335707752679344;3960,0,0,1.766925869962297;3961,0,1,3.335707752679344;3962,0,0,1.766925869962297;3965,0,0,1.766925869962297;3967,0,3,6.305910301497628;3968,0,1,3.335707752679344;3969,2,3,6.305910301497628;3970,0,0,1.766925869962297;3971,2,4,7.689852857801066;3975,0,7,10.297062682991475;3977,0,0,1.766925869962297;3978,0,0,1.766925869962297;3979,6,7,10.297062682991475;3980,6,7,10.297062682991475;3981,0,0,1.766925869962297;3982,0,0,1.766925869962297;3983,0,1,3.335707752679344;3984,0,2,4.841841447398483;3985,2,3,6.305910301497628;3986,2,3,6.305910301497628;3987,0,2,4.841841447398483;3988,6,7,10.297062682991475;3989,0,6,10.07922328658287;3990,0,1,3.335707752679344;3991,0,1,3.335707752679344;3992,6,7,10.297062682991475;3993,0,5,9.0371793715644;3994,0,1,3.335707752679344;3995,0,1,3.335707752679344
1176|0,3983,9358,9216,0;0,3984,57951,57344,0;0,3987,19602,19200,19200;1,3975,117770,32768,0;1,3979,36615,32768,0;1,3980,76163,73728,0;1,3988,36165,32768,0;1,3992,120272,118784,0;2,3990,142126,142080,0;2,3991,67596,67584,0;2,3994,781,768,0;3,3989,70704,8192,0;3,3993,109409,106496,0;4,3967,59894,40960,0;4,3969,115008,114688,0;4,3971,69802,65280,0;4,3985,2954,0,0;4,3986,5132,0,0;5,3958,87774,87552,0;5,3961,57928,57856,0;5,3968,145705,145664,0;6,4000,44304,0,0;7,3995,484499,484352,0;7,3996,35563,35072,0|120.53606140555901|3958,0,0,1.7592608744174525;3961,0,0,1.7592608744174525;3967,0,2,5.013476299622682;3968,0,0,1.7592608744174525;3969,1,2,5.013476299622682;3971,1,3,6.435514654266202;3975,0,6,9.042907632333245;3979,5,6,9.042907632333245;3980,5,6,9.042907632333245;3983,0,0,1.7592608744174525;3984,0,1,3.4556331726864142;3985,1,2,5.013476299622682;3986,1,2,5.013476299622682;3987,0,1,3.4556331726864142;3988,5,6,9.042907632333245;3989,0,5,8.82506823592464;3990,0,0,1.7592608744174525;3991,0,0,1.7592608744174525;3992,5,6,9.042907632333245;3993,3,4,7.783024320906171;3994,0,0,1.7592608744174525;3995,0,0,1.7592608744174525;3996,0,1,3.4556331726864142;4000,0,4,7.783024320906171
1177|0,3984,57951,57856,0;0,3987,19602,19456,19200;0,4002,103878,101120,0;1,3975,117770,49152,0;1,3979,36615,32768,0;1,3980,76163,73728,0;1,3988,36165,32768,0;1,3992,120272,118784,0;1,4007,59534,57344,59136;3,3989,70704,24576,0;3,3993,109409,106496,0;3,4004,108316,107008,0;3,4006,74365,72704,0;4,3967,59894,57344,0;4,3969,115008,114688,0;4,3971,69802,65280,0;4,3985,2954,0,0;4,3986,5132,0,0;4,3997,27839,26624,0;4,3998,59670,58368,0;4,3999,27903,26624,0;4,4003,81042,78848,0;4,4005,130029,126976,0;6,4000,44304,16384,0;6,4001,17685,16896,0;7,3996,35563,35328,0|129.48684301782887|3967,0,1,3.3953805048716594;3969,0,1,3.3953805048716594;3971,0,2,4.846746213886359;3975,0,5,7.585491461016275;3979,4,5,7.585491461016275;3980,4,5,7.585491461016275;3984,0,0,1.7901465711060842;3985,0,1,3.3953805048716594;3986,0,1,3.3953805048716594;3987,0,0,1.7901465711060842;3988,4,5,7.585491461016275;3989,0,4,7.3521778126752775;3992,4,5,7.585491461016275;3993,2,3,6.20043729011276;3996,0,0,1.7901465711060842;3997,0,1,3.3953805048716594;3998,0,1,3.3953805048716594;3999,0,1,3.3953805048716594;4000,0,3,6.20043729011276;4001,1,2,4.846746213886359;4002,0,1,3.3953805048716594;4003,0,1,3.3953805048716594;4004,2,3,6.20043729011276;4005,0,2,4.846746213886359;4006,2,4,7.3521778126752775;4007,4,6,7.784615318236421
1178|0,4002,103878,103680,0;1,3975,117770,65536,0;1,3979,36615,32768,0;1,3980,76163,73728,0;1,3988,36165,32768,0;1,3992,120272,118784,0;1,4007,59534,57344,59136;2,4009,150837,130816,0;3,3989,70704,40960,0;3,3993,109409,106496,0;3,4004,108316,107008,0;3,4006,74365,72704,0;4,3967,59894,59648,0;4,3969,115008,114944,0;4,3971,69802,65536,0;4,3985,2954,2816,0;4,3986,5132,5120,0;4,3997,27839,27648,0;4,3998,59670,59648,0;4,3999,27903,27648,0;4,4003,81042,80896,0;4,4005,130029,127232,0;6,4000,44304,32768,0;6,4001,17685,16896,0;7,4008,354977,354560,354816|96.04502797940408|3967,0,0,1.7048690986550177;3969,0,0,1.7048690986550177;3971,0,1,3.251852056327979;3975,0,4,6.02929979570183;3979,3,4,6.02929979570183;3980,3,4,6.02929979570183;3985,0,0,1.7048690986550177;3986,0,0,1.7048690986550177;3988,3,4,6.02929979570183;3989,0,3,5.795986147360832;3992,3,4,6.02929979570183;3993,1,2,4.643638930894461;3997,0,0,1.7048690986550177;3998,0,0,1.7048690986550177;3999,0,0,1.7048690986550177;4000,0,2,4.643638930894461;4001,0,1,3.251852056327979;4002,0,0,1.7048690986550177;4003,0,0,1.7048690986550177;4004,1,2,4.643638930894461;4005,0,1,3.251852056327979;4006,1,3,5.795986147360832;4007,3,5,6.228423652921975;4008,0,1,3.251852056327979;4009,0,3,5.795986147360832
1179|1,3975,117770,81920,0;1,3979,36615,32768,0;1,3980,76163,73728,0;1,3988,36165,32768,0;1,3992,120272,118784,0;1,4007,59534,57344,59136;2,4009,150837,139264,0;3,3989,70704,57344,0;3,3993,109409,106496,0;3,4004,108316,107008,0;3,4006,74365,72704,0;4,3971,69802,69632,0;4,4005,130029,129792,0;4,4010,95490,94976,0;5,4017,34313,0,0;5,4021,43644,39424,0;5,4023,691693,688896,0;6,4000,44304,40960,0;6,4001,17685,17664,0;6,4011,5836,0,0;6,4012,14406,0,0;7,4008,354977,354816,354816;7,4013,26698,23552,0|98.00401884320104|3971,0,0,1.8986364808121714;3975,0,3,5.2826610537848255;3979,2,3,5.2826610537848255;3980,2,3,5.2826610537848255;3988,2,3,5.2826610537848255;3989,0,2,4.901074766202118;3992,2,3,5.2826610537848255;3993,0,1,3.5154953466534953;4000,0,1,3.5154953466534953;4001,0,0,1.8986364808121714;4004,0,1,3.5154953466534953;4005,0,0,1.8986364808121714;4006,0,2,4.901074766202118;4007,2,4,5.483204345798892;4008,0,0,1.8986364808121714;4009,0,2,4.901074766202118;4010,0,1,3.5154953466534953;4011,0,1,3.5154953466534953;4012,0,3,5.2826610537848255;4013,0,2,4.901074766202118;4017,0,3,5.2826610537848255;4021,2,4,5.483204345798892;4023,2,3,5.2826610537848255
1180|0,4028,58938,0,0;0,4031,50297,0,0;0,4032,2958,0,0;1,3975,117770,98304,0;1,3979,36615,32768,0;1,3980,76163,73728,0;1,3988,36165,32768,0;1,3992,120272,118784,0;1,4007,59534,57344,59136;1,4014,32329,31488,0;1,4018,86412,84480,0;2,4009,150837,147456,0;3,3989,70704,65536,0;3,3993,109409,109312,0;3,4004,108316,108288,0;3,4006,74365,73728,0;4,4010,95490,95488,0;5,4017,34313,16384,0;5,4021,43644,39424,0;5,4023,691693,688896,0;6,4000,44304,44288,0;6,4011,5836,5632,0;6,4012,14406,7168,0;6,4015,18072,17664,0;6,4016,38330,37632,0;6,4024,158225,154368,0;7,4013,26698,24576,0;7,4019,56516,54272,0;7,4020,26694,23552,0;7,4022,93230,90624,92160;7,4036,32981,30720,0|138.66753391167896|3975,0,2,4.815957369586275;3979,1,2,4.815957369586275;3980,1,2,4.815957369586275;3988,1,2,4.815957369586275;3989,0,1,3.5912411555489294;3992,1,2,4.815957369586275;3993,0,0,1.904042576405012;4000,0,0,1.904042576405012;4004,0,0,1.904042576405012;4006,0,1,3.5912411555489294;4007,1,3,5.950112847450294;4009,0,1,3.5912411555489294;4010,0,0,1.904042576405012;4011,0,0,1.904042576405012;4012,0,2,4.815957369586275;4013,0,1,3.5912411555489294;4014,1,2,4.815957369586275;4015,0,1,3.5912411555489294;4016,0,1,3.5912411555489294;4017,0,2,4.815957369586275;4018,2,3,5.950112847450294;4019,0,1,3.5912411555489294;4020,0,2,4.815957369586275;4021,1,3,5.950112847450294;4022,0,2,4.815957369586275;4023,1,2,4.815957369586275;4024,0,2,4.815957369586275;4028,0,5,7.501789327699218;4031,3,9,9.771986152477826;4032,4,5,7.501789327699218;4036,0,1,3.5912411555489294
1181|0,4028,58938,16384,0;0,4031,50297,0,0;0,4032,2958,0,0;0,4037,31759,23296,0;0,4042,80811,76032,0;0,4049,121998,120320,0;1,3975,117770,114688,0;1,3979,36615,32768,0;1,3980,76163,73728,0;1,3988,36165,32768,0;1,3992,120272,118784,0;1,4007,59534,57344,59136;1,4014,32329,31488,0;1,4018,86412,84480,0;1,4047,77966,76032,0;1,4048,54623,51712,0;2,4009,150837,150784,0;2,4025,114378,113920,0;2,4026,169368,41472,0;2,4027,214242,0,0;2,4033,3022,0,0;2,4034,5518,0,0;2,4045,196524,194560,0;3,3989,70704,70656,0;3,4006,74365,74240,0;3,4046,114374,111872,0;4,4039,28865,0,0;4,4050,9099,0,0;5,4017,34313,32768,0;5,4021,43644,39424,0;5,4023,691693,688896,0;5,4030,39049,38400,0;5,4035,60380,58624,0;5,4040,53889,50432,0;5,4043,60492,57856,0;6,4012,14406,8192,0;6,4015,18072,17920,0;6,4016,38330,38144,0;6,4024,158225,155648,0;6,4029,141513,135936,0;6,4038,259832,258048,0;6,4051,116264,115712,0;7,4013,26698,26624,0;7,4019,56516,56320,0;7,4020,26694,24576,0;7,4022,93230,92160,92160;7,4036,32981,32768,0;7,4041,209574,206080,0;7,4044,121440,119296,0|359.6718267754005|3975,0,1,4.042568973617387;3979,0,1,4.042568973617387;3980,0,1,4.042568973617387;3988,0,1,4.042568973617387;3989,0,0,2.35218657073554;3992,0,1,4.042568973617387;4006,0,0,2.35218657073554;4007,0,2,5.519824834834252;4009,0,0,2.35218657073554;4012,0,1,4.042568973617387;4013,0,0,2.35218657073554;4014,0,1,4.042568973617387;4015,0,0,2.35218657073554;4016,0,0,2.35218657073554;4017,0,1,4.042568973617387;4018,1,2,5.519824834834252;4019,0,0,2.35218657073554;4020,0,1,4.042568973617387;4021,0,2,5.519824834834252;4022,0,1,4.042568973617387;4023,0,1,4.042568973617387;4024,0,1,4.042568973617387;4025,0,1,4.042568973617387;4026,0,9,15.120163729084124;4027,1,23,30.803033263796788;4028,0,4,8.441675920094537;4029,0,2,5.519824834834252;4030,0,1,4.042568973617387;4031,2,8,14.015137195636342;4032,3,4,8.441675920094537;4033,8,21,30.32362610570637;4034,9,21,30.32362610570637;4035,0,1,4.042568973617387;4036,0,0,2.35218657073554;4037,3,6,11.425479361750256;4038,0,1,4.042568973617387;4039,0,3,6.967161180562981;4040,0,1,4.042568973617387;4041,0,1,4.042568973617387;4042,3,7,12.823250856113278;4043,0,1,4.042568973617387;4044,0,1,4.042568973617387;4045,9,21,30.32362610570637;4046,0,1,4.042568973617387;4047,1,2,5.519824834834252;4048,1,2,5.519824834834252;4049,6,7,12.823250856113278;4050,1,3,6.967161180562981;4051,0,1,4.042568973617387
1182|0,4028,58938,32768,0;0,4031,50297,0,0;0,4032,2958,0,0;0,4037,31759,23296,0;0,4042,80811,76032,0;0,4049,121998,120320,0;0,4058,675924,672768,0;1,3975,117770,117760,0;1,3979,36615,36608,0;1,3980,76163,76032,0;1,3988,36165,36096,0;1,3992,120272,120064,0;1,4007,59534,59136,59136;1,4014,32329,32256,0;1,4018,86412,84480,0;1,4047,77966,76032,0;1,4048,54623,51712,0;1,4052,34049,30720,0;1,4055,259655,257280,0;2,4025,114378,114176,0;2,4026,169368,57344,0;2,4027,214242,0,0;2,4033,3022,0,0;2,4034,5518,0,0;2,4045,196524,194560,0;3,4046,114374,114176,0;4,4039,28865,16384,0;4,4050,9099,0,0;4,4054,84873,82688,0;4,4056,81591,27904,0;4,4057,48394,0,512;5,4017,34313,34304,0;5,4021,43644,40960,0;5,4023,691693,691456,0;5,4030,39049,38912,0;5,4035,60380,60160,0;5,4040,53889,53760,0;5,4043,60492,60416,0;6,4012,14406,14336,0;6,4024,158225,158208,0;6,4029,141513,139264,0;6,4038,259832,259584,0;6,4051,116264,116224,0;7,4020,26694,26624,0;7,4022,93230,93184,92160;7,4041,209574,209408,0;7,4044,121440,121344,0;7,4053,97656,96000,0;7,4059,33708,32768,0|320.80539332640205|3975,0,0,1.8094486472422233;3979,0,0,1.8094486472422233;3980,0,0,1.8094486472422233;3988,0,0,1.8094486472422233;3992,0,0,1.8094486472422233;4007,0,1,3.390494954237188;4012,0,0,1.8094486472422233;4014,0,0,1.8094486472422233;4017,0,0,1.8094486472422233;4018,0,1,3.390494954237188;4020,0,0,1.8094486472422233;4021,0,1,3.390494954237188;4022,0,0,1.8094486472422233;4023,0,0,1.8094486472422233;4024,0,0,1.8094486472422233;4025,0,0,1.8094486472422233;4026,0,8,14.177086374601588;4027,0,22,29.860070379862147;4028,0,3,6.68316193235462;4029,0,1,3.390494954237188;4030,0,0,1.8094486472422233;4031,1,7,12.987076906395163;4032,2,3,6.68316193235462;4033,7,20,29.38066322177173;4034,8,20,29.38066322177173;4035,0,0,1.8094486472422233;4037,2,5,10.113039890368862;4038,0,0,1.8094486472422233;4039,0,2,5.021098647148819;4040,0,0,1.8094486472422233;4041,0,0,1.8094486472422233;4042,2,6,11.607642021197854;4043,0,0,1.8094486472422233;4044,0,0,1.8094486472422233;4045,8,20,29.38066322177173;4046,0,0,1.8094486472422233;4047,0,1,3.390494954237188;4048,0,1,3.390494954237188;4049,5,6,11.607642021197854;4050,0,2,5.021098647148819;4051,0,0,1.8094486472422233;4052,0,2,5.021098647148819;4053,0,1,3.390494954237188;4054,1,2,5.021098647148819;4055,0,1,3.390494954237188;4056,1,6,11.607642021197854;4057,1,9,15.322518744299503;4058,5,6,11.607642021197854;4059,0,1,3.390494954237188
1183|0,4028,58938,49152,0;0,4031,50297,0,0;0,4032,2958,0,0;0,4037,31759,23296,0;0,4042,80811,76032,0;0,4049,121998,120320,0;0,4058,675924,672768,0;0,4060,68977,59136,0;0,4067,372934,369920,0;1,4007,59534,59392,59136;1,4018,86412,86272,0;1,4047,77966,77824,0;1,4048,54623,54528,0;1,4052,34049,32768,0;1,4055,259655,259584,0;2,4026,169368,65536,0;2,4027,214242,7936,0;2,4033,3022,0,0;2,4034,5518,0,0;2,4045,196524,194560,0;2,4063,59983,57600,0;3,4065,2959,0,0;3,4066,2959,0,0;3,4068,2960,0,0;3,4069,2958,0,0;4,4039,28865,24576,0;4,4050,9099,8192,0;4,4054,84873,82688,0;4,4056,81591,27904,0;4,4057,48394,0,512;4,4061,64505,59648,0;5,4021,43644,43520,0;6,4029,141513,141312,0;6,4064,18968,17664,0;7,4053,97656,97536,0;7,4059,33708,33536,0;7,4062,32808,32256,0|323.25771094633143|4007,0,0,1.7773861907476902;4018,0,0,1.7773861907476902;4021,0,0,1.7773861907476902;4026,0,7,12.772752390600843;4027,6,21,28.568944992126394;4028,0,2,5.077333495711364;4029,0,0,1.7773861907476902;4031,0,6,11.550578098240406;4032,1,2,5.077333495711364;4033,6,19,28.084757076960532;4034,7,19,28.084757076960532;4037,1,4,8.55127596165055;4039,0,1,3.415270210505563;4042,1,5,10.130780897854656;4045,7,19,28.084757076960532;4047,0,0,1.7773861907476902;4048,0,0,1.7773861907476902;4049,4,5,10.130780897854656;4050,0,1,3.415270210505563;4052,0,1,3.415270210505563;4053,0,0,1.7773861907476902;4054,0,1,3.415270210505563;4055,0,0,1.7773861907476902;4056,0,5,10.130780897854656;4057,0,8,13.918184760298757;4058,4,5,10.130780897854656;4059,0,0,1.7773861907476902;4060,4,7,12.772752390600843;4061,0,5,10.130780897854656;4062,0,1,3.415270210505563;4063,7,20,28.360623721210775;4064,0,1,3.415270210505563;4065,0,1,3.415270210505563;4066,0,1,3.415270210505563;4067,5,6,11.550578098240406;4068,0,1,3.415270210505563;4069,0,1,3.415270210505563
1184|0,4028,58938,57344,0;0,4031,50297,8192,0;0,4032,2958,0,0;0,4037,31759,23296,0;0,4042,80811,76032,0;0,4049,121998,120320,0;0,4058,675924,672768,0;0,4060,68977,59136,0;0,4067,372934,369920,0;0,4074,245440,243968,0;1,4052,34049,34048,0;2,4026,169368,81920,0;2,4027,214242,7936,0;2,4033,3022,0,0;2,4034,5518,0,0;2,4045,196524,194560,0;2,4063,59983,57600,0;3,4065,2959,2816,0;3,4066,2959,2816,0;3,4068,2960,2816,0;3,4069,2958,2816,0;3,4071,95098,0,0;4,4039,28865,28672,0;4,4050,9099,8960,0;4,4054,84873,84736,0;4,4056,81591,32768,0;4,4057,48394,512,512;4,4061,64505,63744,0;4,4072,117762,114944,0;4,4075,122992,121344,0;5,4070,81357,79360,0;6,4064,18968,18944,0;7,4062,32808,32768,0;7,4073,490519,484352,0;7,4076,132023,126720,0|350.8239913414585|4026,0,6,12.586977873782919;4027,5,20,28.38456701599281;4028,0,1,3.9659426928915553;4031,0,5,11.307820142679416;4032,0,1,3.9659426928915553;4033,5,18,27.90037910082695;4034,6,18,27.90037910082695;4037,0,3,7.817077061205746;4039,0,0,2.10492959544098;4042,0,4,9.64860035565962;4045,6,18,27.90037910082695;4049,3,4,9.64860035565962;4050,0,0,2.10492959544098;4052,0,0,2.10492959544098;4054,0,0,2.10492959544098;4056,0,4,9.64860035565962;4057,0,7,13.733806784165175;4058,3,4,9.64860035565962;4060,3,6,12.586977873782919;4061,3,4,9.64860035565962;4062,0,0,2.10492959544098;4063,6,19,28.176245745077193;4064,0,0,2.10492959544098;4065,0,0,2.10492959544098;4066,0,0,2.10492959544098;4067,4,5,11.307820142679416;4068,0,0,2.10492959544098;4069,0,0,2.10492959544098;4070,0,1,3.9659426928915553;4071,0,7,13.733806784165175;4072,4,6,12.586977873782919;4073,0,1,3.9659426928915553;4074,4,5,11.307820142679416;4075,4,6,12.586977873782919;4076,0,2,5.849910220927563
1185|0,4028,58938,58880,0;0,4031,50297,16384,0;0,4032,2958,2816,0;0,4037,31759,24576,0;0,4042,80811,78592,0;0,4049,121998,120320,0;0,4058,675924,672768,0;0,4060,68977,59136,0;0,4067,372934,369920,0;0,4074,245440,243968,0;2,4026,169368,98304,0;2,4027,214242,7936,0;2,4033,3022,0,0;2,4034,5518,0,0;2,4045,196524,194560,0;2,4063,59983,57600,0;3,4071,95098,8192,0;4,4056,81591,40960,0;4,4057,48394,8192,512;4,4061,64505,63744,0;4,4072,117762,114944,0;4,4075,122992,121344,0;5,4070,81357,81152,0;7,4073,490519,490496,0;7,4076,132023,131072,0;7,4080,35887,35328,0|281.06065557452365|4026,0,5,10.488447181969374;4027,4,19,26.286036324179268;4028,0,0,1.8668739895028956;4031,0,4,9.209289450865871;4032,0,0,1.8668739895028956;4033,4,17,25.801848409013406;4034,5,17,25.801848409013406;4037,0,2,5.718546369392201;4042,0,3,7.550069663846075;4045,5,17,25.801848409013406;4049,2,3,7.550069663846075;4056,0,3,7.550069663846075;4057,2,6,11.63527609235163;4058,2,3,7.550069663846075;4060,2,5,10.488447181969374;4061,2,3,7.550069663846075;4063,5,18,26.07771505326365;4067,3,4,9.209289450865871;4070,0,0,1.8668739895028956;4071,0,6,11.63527609235163;4072,3,5,10.488447181969374;4073,0,0,1.8668739895028956;4074,3,4,9.209289450865871;4075,3,5,10.488447181969374;4076,0,1,3.7513795291140184;4080,0,1,3.7513795291140184
1186|0,4031,50297,24576,0;0,4037,31759,31744,0;0,4042,80811,79360,0;0,4049,121998,120320,0;0,4058,675924,672768,0;0,4060,68977,59136,0;0,4067,372934,369920,0;0,4074,245440,243968,0;0,4078,58657,57856,0;1,4086,31040,25600,0;2,4026,169368,114688,0;2,4027,214242,7936,0;2,4033,3022,0,0;2,4034,5518,0,0;2,4045,196524,194560,0;2,4063,59983,57600,0;2,4079,143474,142080,0;2,4083,143688,142848,0;3,4071,95098,24576,0;3,4084,558141,557312,0;3,4090,113703,109312,0;4,4056,81591,57344,0;4,4057,48394,8192,512;4,4061,64505,63744,0;4,4072,117762,114944,0;4,4075,122992,121344,0;4,4077,60634,59648,0;4,4087,134898,129792,0;5,4081,25434,0,0;5,4082,146413,145664,0;6,4089,137514,0,0;7,4076,132023,131840,0;7,4080,35887,35840,0;7,4085,120170,119552,0|414.184601312238|4026,0,4,10.155474725397566;4027,3,18,27.08253542456455;4031,0,3,8.494286796630103;4033,3,16,26.585260486916283;4034,4,16,26.585260486916283;4037,1,1,4.583299439717413;4042,1,2,6.646110476196929;4045,4,16,26.585260486916283;4049,1,2,6.646110476196929;4056,0,2,6.646110476196929;4057,1,5,11.604436552906432;4058,1,2,6.646110476196929;4060,1,4,10.155474725397566;4061,1,2,6.646110476196929;4063,4,17,26.874214153648932;4067,2,3,8.494286796630103;4071,0,5,11.604436552906432;4072,2,4,10.155474725397566;4074,2,3,8.494286796630103;4075,2,4,10.155474725397566;4076,0,0,2.327002889561295;4077,2,4,10.155474725397566;4078,2,3,8.494286796630103;4079,16,17,26.874214153648932;4080,0,0,2.327002889561295;4081,0,3,8.494286796630103;4082,1,2,6.646110476196929;4083,16,17,26.874214153648932;4084,4,5,11.604436552906432;4085,0,1,4.583299439717413;4086,0,1,4.583299439717413;4087,2,5,11.604436552906432;4089,0,9,17.172084635851;4090,4,5,11.604436552906432
1187|0,4031,50297,40960,0;0,4037,31759,31744,0;0,4042,80811,79360,0;0,4049,121998,120320,0;0,4058,675924,672768,0;0,4060,68977,59136,0;0,4067,372934,369920,0;0,4074,245440,243968,0;0,4078,58657,57856,0;0,4094,117587,115200,0;1,4086,31040,30976,0;1,4092,30529,25600,0;1,4093,46127,44544,0;1,4097,40422,38912,0;1,4099,123157,120064,0;2,4026,169368,131072,0;2,4027,214242,7936,0;2,4033,3022,0,0;2,4034,5518,0,0;2,4045,196524,194560,0;2,4063,59983,57600,0;2,4079,143474,142080,0;2,4083,143688,142848,0;2,4088,37768,36608,0;3,4071,95098,40960,0;3,4084,558141,557312,0;3,4090,113703,109312,0;3,4095,107227,97536,0;3,4098,80751,70656,0;4,4056,81591,73728,0;4,4057,48394,8192,512;4,4061,64505,63744,0;4,4072,117762,114944,0;4,4075,122992,121344,0;4,4077,60634,59648,0;4,4087,134898,129792,0;4,4096,81942,80896,0;5,4081,25434,16384,0;5,4082,146413,145664,0;6,4089,137514,16384,0;6,4091,38654,38144,0;7,4085,120170,120064,0|442.88504133763433|4026,0,3,8.074532611752929;4027,2,17,25.257112640380505;4031,0,2,6.333563824943813;4033,2,15,24.75196341995214;4034,3,15,24.75196341995214;4037,0,0,2.3764448372286813;4042,0,1,4.484197010812512;4045,3,15,24.75196341995214;4049,0,1,4.484197010812512;4056,0,1,4.484197010812512;4057,0,4,9.696390754805238;4058,0,1,4.484197010812512;4060,0,3,8.074532611752929;4061,0,1,4.484197010812512;4063,3,16,25.048791369464887;4067,1,2,6.333563824943813;4071,0,4,9.696390754805238;4072,1,3,8.074532611752929;4074,1,2,6.333563824943813;4075,1,3,8.074532611752929;4077,1,3,8.074532611752929;4078,1,2,6.333563824943813;4079,15,16,25.048791369464887;4081,0,2,6.333563824943813;4082,0,1,4.484197010812512;4083,15,16,25.048791369464887;4084,3,4,9.696390754805238;4085,0,0,2.3764448372286813;4086,0,0,2.3764448372286813;4087,1,4,9.696390754805238;4088,15,16,25.048791369464887;4089,0,8,15.279515255825462;4090,3,4,9.696390754805238;4091,7,8,15.279515255825462;4092,0,1,4.484197010812512;4093,0,1,4.484197010812512;4094,1,2,6.333563824943813;4095,3,6,12.687960575198938;4096,1,3,8.074532611752929;4097,0,1,4.484197010812512;4098,3,5,11.178678044538993;4099,0,2,6.333563824943813
1188|0,4031,50297,49152,0;0,4042,80811,80640,0;0,4049,121998,121856,0;0,4058,675924,675840,0;0,4060,68977,61184,0;0,4067,372934,369920,0;0,4074,245440,243968,0;0,4078,58657,57856,0;0,4094,117587,115200,0;0,4110,54201,0,0;1,4092,30529,30464,0;1,4093,46127,46080,0;1,4097,40422,40192,0;1,4099,123157,122880,0;1,4103,82048,76032,0;2,4026,169368,147456,0;2,4027,214242,7936,0;2,4033,3022,0,0;2,4034,5518,0,0;2,4045,196524,194560,0;2,4063,59983,57600,0;2,4079,143474,142080,0;2,4083,143688,142848,0;2,4088,37768,36608,0;3,4071,95098,57344,0;3,4084,558141,557312,0;3,4090,113703,109312,0;3,4095,107227,97536,0;3,4098,80751,70656,0;4,4056,81591,81408,0;4,4057,48394,16384,512;4,4061,64505,64256,0;4,4072,117762,114944,0;4,4075,122992,121344,0;4,4077,60634,59648,0;4,4087,134898,129792,0;4,4096,81942,80896,0;5,4081,25434,24576,0;5,4082,146413,146176,0;5,4105,72440,0,0;5,4107,62818,60160,0;5,4111,62415,60416,0;6,4089,137514,32768,0;6,4091,38654,38144,0;6,4101,67832,16384,26624;6,4108,1293,0,0;6,4109,1294,0,0;6,4112,9298,8192,8960;6,4113,19676,18944,0;7,4100,121700,121344,0;7,4102,97721,97536,0;7,4104,26698,23552,0;7,4106,50741,48896,0;7,4114,197179,183040,0|547.2558184788224|4026,0,2,6.616349505247868;4027,1,16,25.325531654737787;4031,0,1,4.591928747736503;4033,1,14,24.820382434309426;4034,2,14,24.820382434309426;4042,0,0,2.540120769649573;4045,2,14,24.820382434309426;4049,0,0,2.540120769649573;4056,0,0,2.540120769649573;4057,0,3,8.613304739648669;4058,0,0,2.540120769649573;4060,0,2,6.616349505247868;4061,0,0,2.540120769649573;4063,2,15,25.11721038382217;4067,0,1,4.591928747736503;4071,0,3,8.613304739648669;4072,0,2,6.616349505247868;4074,0,1,4.591928747736503;4075,0,2,6.616349505247868;4077,0,2,6.616349505247868;4078,0,1,4.591928747736503;4079,14,15,25.11721038382217;4081,0,1,4.591928747736503;4082,0,0,2.540120769649573;4083,14,15,25.11721038382217;4084,2,3,8.613304739648669;4087,0,3,8.613304739648669;4088,14,15,25.11721038382217;4089,0,7,14.869676321069592;4090,2,3,8.613304739648669;4091,6,7,14.869676321069592;4092,0,0,2.540120769649573;4093,0,0,2.540120769649573;4094,0,1,4.591928747736503;4095,2,5,12.111841722568062;4096,0,2,6.616349505247868;4097,0,0,2.540120769649573;4098,2,4,10.470689120730913;4099,0,1,4.591928747736503;4100,0,1,4.591928747736503;4101,6,12,22.181218553075734;4102,0,0,2.540120769649573;4103,0,1,4.591928747736503;4104,0,2,6.616349505247868;4105,0,6,13.544524295299937;4106,0,2,6.616349505247868;4107,0,1,4.591928747736503;4108,6,7,14.869676321069592;4109,6,8,16.342807509837648;4110,0,6,13.544524295299937;4111,0,1,4.591928747736503;4112,7,10,19.32676284893774;4113,7,8,16.342807509837648;4114,0,2,6.616349505247868
1189|0,4031,50297,50176,0;0,4060,68977,65536,0;0,4067,372934,372736,0;0,4074,245440,245248,0;0,4078,58657,58624,0;0,4094,117587,117504,0;0,4110,54201,3328,0;0,4126,54173,52480,0;1,4099,123157,123136,0;1,4103,82048,81920,0;1,4124,2960,0,0;1,4125,2957,0,0;2,4026,169368,163840,0;2,4027,214242,7936,0;2,4033,3022,0,0;2,4034,5518,0,0;2,4045,196524,194560,0;2,4063,59983,57600,0;2,4079,143474,142080,0;2,4083,143688,142848,0;2,4088,37768,36608,0;3,4071,95098,73728,0;3,4084,558141,557312,0;3,4090,113703,109312,0;3,4095,107227,97536,0;3,4098,80751,70656,0;3,4118,130722,128000,0;4,4057,48394,24576,512;4,4072,117762,117760,0;4,4075,122992,122880,0;4,4077,60634,60416,0;4,4087,134898,131072,0;4,4096,81942,81920,0;4,4117,358367,355072,0;5,4081,25434,25344,0;5,4105,72440,8192,0;5,4107,62818,62720,0;5,4111,62415,62208,0;5,4115,55493,53760,0;5,4116,43208,34304,0;5,4119,47190,45568,0;5,4121,39435,38912,0;6,4089,137514,49152,0;6,4091,38654,38144,0;6,4101,67832,16384,26624;6,4108,1293,0,0;6,4109,1294,0,0;6,4112,9298,8192,8960;6,4113,19676,18944,0;6,4123,334,0,0;7,4100,121700,121600,0;7,4104,26698,24576,0;7,4106,50741,49152,0;7,4114,197179,196608,0;7,4120,150848,0,0;7,4122,26699,23552,0|588.6208122349948|4026,0,1,4.577808333918833;4027,0,15,24.893699093689342;4031,0,0,2.327269904545978;4033,0,13,24.388549873260978;4034,1,13,24.388549873260978;4045,1,13,24.388549873260978;4057,0,2,6.766719230087908;4060,0,1,4.577808333918833;4063,1,14,24.685377822773724;4067,0,0,2.327269904545978;4071,0,2,6.766719230087908;4072,1,1,4.577808333918833;4074,0,0,2.327269904545978;4075,1,1,4.577808333918833;4077,1,1,4.577808333918833;4078,0,0,2.327269904545978;4079,13,14,24.685377822773724;4081,0,0,2.327269904545978;4083,13,14,24.685377822773724;4084,1,2,6.766719230087908;4087,1,2,6.766719230087908;4088,13,14,24.685377822773724;4089,0,6,13.83461831376896;4090,1,2,6.766719230087908;4091,5,6,13.83461831376896;4094,0,0,2.327269904545978;4095,1,4,10.67191283441096;4096,1,1,4.577808333918833;4098,1,3,8.811652156844398;4099,0,0,2.327269904545978;4100,0,0,2.327269904545978;4101,5,11,21.749385992027285;4103,0,0,2.327269904545978;4104,0,1,4.577808333918833;4105,0,5,12.316697885340961;4106,0,1,4.577808333918833;4107,0,0,2.327269904545978;4108,5,6,13.83461831376896;4109,5,7,15.496190918484858;4110,0,5,12.316697885340961;4111,0,0,2.327269904545978;4112,6,9,18.855243348933442;4113,6,7,15.496190918484858;4114,0,1,4.577808333918833;4115,0,4,10.67191283441096;4116,0,6,13.83461831376896;4117,1,2,6.766719230087908;4118,1,2,6.766719230087908;4119,4,5,12.316697885340961;4120,0,11,21.749385992027285;4121,4,5,12.316697885340961;4122,0,10,20.315917952231853;4123,6,7,15.496190918484858;4124,0,1,4.577808333918833;4125,0,1,4.577808333918833;4126,0,1,4.577808333918833
1190|0,4060,68977,68864,0;0,4110,54201,8192,0;0,4126,54173,54016,0;1,4124,2960,2816,0;1,4125,2957,2816,0;2,4026,169368,169216,0;2,4027,214242,16384,0;2,4033,3022,2560,0;2,4034,5518,0,0;2,4045,196524,194560,0;2,4063,59983,57600,0;2,4079,143474,142080,0;2,4083,143688,142848,0;2,4088,37768,36608,0;2,4128,160313,150784,0;3,4071,95098,90112,0;3,4084,558141,557312,0;3,4090,113703,109312,0;3,4095,107227,97536,0;3,4098,80751,70656,0;3,4118,130722,128000,0;4,4057,48394,40960,512;4,4072,117762,117760,0;4,4075,122992,122880,0;4,4077,60634,60416,0;4,4087,134898,131072,0;4,4096,81942,81920,0;4,4117,358367,355072,0;4,4129,389851,387072,0;5,4105,72440,16384,0;5,4115,55493,55296,0;5,4116,43208,40448,0;5,4119,47190,45568,0;5,4121,39435,38912,0;6,4089,137514,65536,0;6,4091,38654,38144,0;6,4101,67832,16384,26624;6,4108,1293,0,0;6,4109,1294,0,0;6,4112,9298,8192,8960;6,4113,19676,18944,0;6,4123,334,0,0;7,4104,26698,26624,0;7,4106,50741,50688,0;7,4114,197179,197120,0;7,4120,150848,8192,0;7,4122,26699,24576,0;7,4127,54786,0,0|528.8693458216237|4026,0,0,2.414598730166213;4027,0,14,24.063208104909048;4033,0,12,22.914957673366565;4034,0,12,22.914957673366565;4045,0,12,22.914957673366565;4057,0,1,4.612300964413769;4060,0,0,2.414598730166213;4063,0,13,23.521579362198896;4071,0,1,4.612300964413769;4072,0,0,2.414598730166213;4075,0,0,2.414598730166213;4077,0,0,2.414598730166213;4079,12,13,23.521579362198896;4083,12,13,23.521579362198896;4084,0,1,4.612300964413769;4087,0,1,4.612300964413769;4088,12,13,23.521579362198896;4089,0,5,11.682706953093764;4090,0,1,4.612300964413769;4091,4,5,11.682706953093764;4095,0,3,8.520001473735764;4096,0,0,2.414598730166213;4098,0,2,6.6597407961692;4101,4,10,19.811397191261776;4104,0,0,2.414598730166213;4105,0,4,10.164786524665764;4106,0,0,2.414598730166213;4108,4,5,11.682706953093764;4109,4,6,13.344279557809662;4110,0,4,10.164786524665764;4112,5,8,16.703331988258245;4113,5,6,13.344279557809662;4114,0,0,2.414598730166213;4115,3,3,8.520001473735764;4116,3,5,11.682706953093764;4117,0,1,4.612300964413769;4118,0,1,4.612300964413769;4119,3,4,10.164786524665764;4120,0,10,19.811397191261776;4121,3,4,10.164786524665764;4122,0,9,18.28415487862922;4123,5,6,13.344279557809662;4124,0,0,2.414598730166213;4125,0,0,2.414598730166213;4126,0,0,2.414598730166213;4127,0,14,24.063208104909048;4128,12,15,24.25786925633142;4129,0,2,6.6597407961692
1191|0,4110,54201,16384,0;0,4133,106312,103680,0;1,4135,2957,0,0;1,4136,2958,0,0;2,4027,214242,24576,0;2,4033,3022,2816,0;2,4034,5518,5376,0;2,4045,196524,196352,0;2,4063,59983,58112,0;2,4079,143474,142080,0;2,4083,143688,142848,0;2,4088,37768,36608,0;2,4128,160313,150784,0;2,4131,203431,202240,203264;2,4132,652672,650752,0;3,4071,95098,94976,0;3,4084,558141,558080,0;3,4090,113703,113664,0;3,4095,107227,98304,0;3,4098,80751,73728,0;3,4118,130722,130560,0;4,4057,48394,48384,512;4,4087,134898,134656,0;4,4117,358367,358144,0;4,4129,389851,388864,0;4,4130,98434,95488,0;5,4105,72440,32768,0;5,4115,55493,55296,0;5,4116,43208,40448,0;5,4119,47190,45568,0;5,4121,39435,38912,0;5,4137,90661,87552,0;6,4089,137514,81920,0;6,4091,38654,38144,0;6,4101,67832,16384,26624;6,4108,1293,0,0;6,4109,1294,0,0;6,4112,9298,8192,8960;6,4113,19676,18944,0;6,4123,334,0,0;7,4120,150848,16384,0;7,4122,26699,26624,0;7,4127,54786,5888,0;7,4134,95087,93184,0|512.5238200434651|4027,0,13,22.09999738128356;4033,11,11,20.689292582504144;4034,11,11,20.689292582504144;4045,11,11,20.689292582504144;4057,0,0,2.294406953110838;4063,11,12,21.528758333811247;4071,0,0,2.294406953110838;4079,11,12,21.528758333811247;4083,11,12,21.528758333811247;4084,0,0,2.294406953110838;4087,0,0,2.294406953110838;4088,11,12,21.528758333811247;4089,0,4,9.43525811696657;4090,0,0,2.294406953110838;4091,3,4,9.43525811696657;4095,0,2,6.265444016584176;4098,0,1,4.346574418494411;4101,3,9,17.585732100399355;4105,0,3,7.9169141475113545;4108,3,4,9.43525811696657;4109,3,5,11.096830721682469;4110,0,3,7.9169141475113545;4112,4,7,14.455883152131051;4113,4,5,11.096830721682469;4115,2,2,6.265444016584176;4116,2,4,9.43525811696657;4117,0,0,2.294406953110838;4118,0,0,2.294406953110838;4119,2,3,7.9169141475113545;4120,0,9,17.585732100399355;4121,2,3,7.9169141475113545;4122,8,8,16.057219164685147;4123,4,5,11.096830721682469;4127,8,13,22.09999738128356;4128,11,14,22.294658532705935;4129,0,1,4.346574418494411;4130,0,1,4.346574418494411;4131,12,13,22.09999738128356;4132,12,13,22.09999738128356;4133,2,3,7.9169141475113545;4134,8,9,17.585732100399355;4135,0,1,4.346574418494411;4136,0,1,4.346574418494411;4137,2,4,9.43525811696657
1192|0,4110,54201,32768,0;0,4133,106312,103680,0;0,4142,24519,0,0;1,4135,2957,2816,0;1,4136,2958,2816,0;1,4138,33228,32256,0;1,4141,1420,0,0;2,4027,214242,40960,0;2,4033,3022,2816,0;2,4034,5518,5376,0;2,4045,196524,196352,0;2,4063,59983,58112,0;2,4079,143474,142080,0;2,4083,143688,142848,0;2,4088,37768,36608,0;2,4128,160313,150784,0;2,4131,203431,202240,203264;2,4132,652672,650752,0;3,4095,107227,106496,0;3,4098,80751,80640,0;3,4143,109537,108288,0;4,4129,389851,389632,0;4,4130,98434,98304,0;4,4144,85197,84736,0;5,4105,72440,49152,0;5,4115,55493,55296,0;5,4116,43208,40448,0;5,4119,47190,45568,0;5,4121,39435,38912,0;5,4137,90661,87552,0;5,4140,183187,180992,0;6,4089,137514,98304,0;6,4091,38654,38144,0;6,4101,67832,16384,26624;6,4108,1293,0,0;6,4109,1294,0,0;6,4112,9298,8192,8960;6,4113,19676,18944,0;6,4123,334,0,0;6,4139,147851,141312,0;7,4120,150848,32768,0;7,4122,26699,26624,0;7,4127,54786,5888,0;7,4134,95087,93184,0;7,4145,212455,209408,0|489.3778239649692|4027,0,12,20.26807433578569;4033,10,10,18.857369537006274;4034,10,10,18.857369537006274;4045,10,10,18.857369537006274;4063,10,11,19.696835288313377;4079,10,11,19.696835288313377;4083,10,11,19.696835288313377;4088,10,11,19.696835288313377;4089,0,3,7.561656344979447;4091,2,3,7.561656344979447;4095,0,1,4.132875524089944;4098,0,0,2.0873328176974932;4101,2,8,15.751164785245066;4105,0,2,5.882137844085426;4108,2,3,7.561656344979447;4109,2,4,9.228437359624653;4110,0,2,5.882137844085426;4112,3,6,12.589080930689002;4113,3,4,9.228437359624653;4115,1,1,4.132875524089944;4116,1,3,7.561656344979447;4119,1,2,5.882137844085426;4120,0,8,15.751164785245066;4121,1,2,5.882137844085426;4122,7,7,14.196277835295417;4123,3,4,9.228437359624653;4127,7,12,20.26807433578569;4128,10,13,20.462735487208064;4129,0,0,2.0873328176974932;4130,0,0,2.0873328176974932;4131,11,12,20.26807433578569;4132,11,12,20.26807433578569;4133,1,2,5.882137844085426;4134,7,8,15.751164785245066;4135,0,0,2.0873328176974932;4136,0,0,2.0873328176974932;4137,1,3,7.561656344979447;4138,0,2,5.882137844085426;4139,3,6,12.589080930689002;4140,1,2,5.882137844085426;4141,0,1,4.132875524089944;4142,1,4,9.228437359624653;4143,0,1,4.132875524089944;4144,0,1,4.132875524089944;4145,7,10,18.857369537006274
1193|0,4110,54201,49152,0;0,4133,106312,103680,0;0,4142,24519,0,0;1,4138,33228,32768,0;1,4141,1420,1280,0;1,4150,40810,40192,0;2,4027,214242,57344,0;2,4033,3022,2816,0;2,4034,5518,5376,0;2,4045,196524,196352,0;2,4063,59983,58112,0;2,4079,143474,142080,0;2,4083,143688,142848,0;2,4088,37768,36608,0;2,4128,160313,150784,0;2,4131,203431,202240,203264;2,4132,652672,650752,0;3,4095,107227,107008,0;3,4143,109537,109312,0;3,4149,118743,115456,0;4,4144,85197,84992,0;5,4105,72440,65536,0;5,4115,55493,55296,0;5,4116,43208,40448,0;5,4119,47190,45568,0;5,4121,39435,38912,0;5,4137,90661,87552,0;5,4140,183187,180992,0;6,4089,137514,114688,0;6,4091,38654,38144,0;6,4101,67832,16384,26624;6,4108,1293,0,0;6,4109,1294,0,0;6,4112,9298,8192,8960;6,4113,19676,18944,0;6,4123,334,0,0;6,4139,147851,141312,0;7,4120,150848,49152,0;7,4122,26699,26624,0;7,4127,54786,5888,0;7,4134,95087,93184,0;7,4145,212455,209408,0;7,4146,97786,97536,0;7,4147,33643,32768,0;7,4148,473351,471296,0|452.92093500091215|4027,0,11,18.261843901273135;4033,9,9,16.85113910249372;4034,9,9,16.85113910249372;4045,9,9,16.85113910249372;4063,9,10,17.69060485380082;4079,9,10,17.69060485380082;4083,9,10,17.69060485380082;4088,9,10,17.69060485380082;4089,0,2,5.519024276235684;4091,1,2,5.519024276235684;4095,0,0,2.086568950758692;4101,1,7,13.743629386486486;4105,0,1,3.839505775341663;4108,1,2,5.519024276235684;4109,1,3,7.18580529088089;4110,0,1,3.839505775341663;4112,2,5,10.546448861945239;4113,2,3,7.18580529088089;4115,0,0,2.086568950758692;4116,0,2,5.519024276235684;4119,0,1,3.839505775341663;4120,0,7,13.743629386486486;4121,0,1,3.839505775341663;4122,6,6,12.153645766551653;4123,2,3,7.18580529088089;4127,6,11,18.261843901273135;4128,9,12,18.45650505269551;4131,10,11,18.261843901273135;4132,10,11,18.261843901273135;4133,0,1,3.839505775341663;4134,6,7,13.743629386486486;4137,0,2,5.519024276235684;4138,0,1,3.839505775341663;4139,2,5,10.546448861945239;4140,0,1,3.839505775341663;4141,0,0,2.086568950758692;4142,0,3,7.18580529088089;4143,0,0,2.086568950758692;4144,0,0,2.086568950758692;4145,6,9,16.85113910249372;4146,7,7,13.743629386486486;4147,7,9,16.85113910249372;4148,7,9,16.85113910249372;4149,0,1,3.839505775341663;4150,0,1,3.839505775341663
1194|0,4110,54201,54016,0;0,4133,106312,106240,0;0,4142,24519,8192,0;0,4151,32723,31744,0;0,4155,117652,117504,0;1,4138,33228,33024,0;1,4150,40810,40704,0;1,4152,46898,46080,0;1,4163,40905,36352,0;2,4027,214242,73728,0;2,4033,3022,2816,0;2,4034,5518,5376,0;2,4045,196524,196352,0;2,4063,59983,58112,0;2,4079,143474,142080,0;2,4083,143688,142848,0;2,4088,37768,36608,0;2,4128,160313,150784,0;2,4131,203431,202240,203264;2,4132,652672,650752,0;2,4159,115470,114176,0;3,4149,118743,118528,0;4,4153,81996,0,0;4,4154,8391,0,0;5,4105,72440,72192,0;5,4116,43208,40960,0;5,4119,47190,47104,0;5,4121,39435,39424,0;5,4137,90661,90112,0;5,4140,183187,183040,0;5,4160,49549,45056,0;5,4161,48634,43520,0;6,4089,137514,131072,0;6,4091,38654,38144,0;6,4101,67832,16384,26624;6,4108,1293,0,0;6,4109,1294,0,0;6,4112,9298,8192,8960;6,4113,19676,18944,0;6,4123,334,0,0;6,4139,147851,141312,0;6,4157,117513,94976,0;7,4120,150848,65536,0;7,4122,26699,26624,0;7,4127,54786,5888,0;7,4134,95087,93184,0;7,4145,212455,209408,0;7,4146,97786,97536,0;7,4147,33643,32768,0;7,4148,473351,471296,0;7,4156,29201,27648,0;7,4158,122024,121600,0;7,4162,56776,56320,0|531.8815616351449|4027,0,10,17.765905669566685;4033,8,8,16.269422868496967;4034,8,8,16.269422868496967;4045,8,8,16.269422868496967;4063,8,9,17.14317202983547;4079,8,9,17.14317202983547;4083,8,9,17.14317202983547;4088,8,9,17.14317202983547;4089,0,1,4.02838899782814;4091,0,1,4.02838899782814;4101,0,6,13.157403012902597;4105,0,0,2.1121454038833747;4108,0,1,4.02838899782814;4109,0,2,5.8960543769775775;4110,0,0,2.1121454038833747;4112,1,4,9.713847528122898;4113,1,2,5.8960543769775775;4116,0,1,4.02838899782814;4119,0,0,2.1121454038833747;4120,0,6,13.157403012902597;4121,0,0,2.1121454038833747;4122,5,5,11.509462954567574;4123,1,2,5.8960543769775775;4127,5,10,17.765905669566685;4128,8,11,17.961505547581233;4131,9,10,17.765905669566685;4132,9,10,17.765905669566685;4133,0,0,2.1121454038833747;4134,5,6,13.157403012902597;4137,0,1,4.02838899782814;4138,0,0,2.1121454038833747;4139,1,4,9.713847528122898;4140,0,0,2.1121454038833747;4142,0,2,5.8960543769775775;4145,5,8,16.269422868496967;4146,6,6,13.157403012902597;4147,6,8,16.269422868496967;4148,6,8,16.269422868496967;4149,0,0,2.1121454038833747;4150,0,0,2.1121454038833747;4151,0,1,4.02838899782814;4152,0,1,4.02838899782814;4153,0,5,11.509462954567574;4154,5,6,13.157403012902597;4155,0,0,2.1121454038833747;4156,6,8,16.269422868496967;4157,1,7,14.806570991832224;4158,6,8,16.269422868496967;4159,9,11,17.961505547581233;4160,0,2,5.8960543769775775;4161,0,1,4.02838899782814;4162,6,8,16.269422868496967;4163,0,1,4.02838899782814
1195|0,4142,24519,16384,0;0,4151,32723,32512,0;1,4152,46898,46848,0;1,4163,40905,40704,0;1,4165,86403,81920,0;1,4167,39687,36096,0;2,4027,214242,90112,0;2,4033,3022,2816,0;2,4034,5518,5376,0;2,4045,196524,196352,0;2,4063,59983,58112,0;2,4079,143474,142080,0;2,4083,143688,142848,0;2,4088,37768,36608,0;2,4128,160313,150784,0;2,4131,203431,202240,203264;2,4132,652672,650752,0;2,4159,115470,114176,0;4,4153,81996,16384,0;4,4154,8391,0,0;4,4168,60895,60416,0;5,4116,43208,43008,0;5,4137,90661,90624,0;5,4160,49549,49152,0;5,4161,48634,48384,0;6,4089,137514,137472,0;6,4091,38654,38400,0;6,4101,67832,24576,26624;6,4108,1293,1280,0;6,4109,1294,256,0;6,4112,9298,8192,8960;6,4113,19676,18944,0;6,4123,334,0,0;6,4139,147851,141312,0;6,4157,117513,94976,0;6,4166,711054,707584,0;7,4120,150848,81920,0;7,4122,26699,26624,0;7,4127,54786,5888,0;7,4134,95087,93184,0;7,4145,212455,209408,0;7,4146,97786,97536,0;7,4147,33643,32768,0;7,4148,473351,471296,0;7,4156,29201,27648,0;7,4158,122024,121600,0;7,4162,56776,56320,0;7,4164,122159,120064,0|476.0994140235087|4027,0,9,15.915240942159915;4033,7,7,14.418220129515083;4034,7,7,14.418220129515083;4045,7,7,14.418220129515083;4063,7,8,15.2925073024287;4079,7,8,15.2925073024287;4083,7,8,15.2925073024287;4088,7,8,15.2925073024287;4089,0,0,2.1274716998946417;4091,0,0,2.1274716998946417;4101,0,5,11.288617597763752;4108,0,0,2.1274716998946417;4109,0,1,3.9967167726050565;4112,0,3,7.823301261828857;4113,0,1,3.9967167726050565;4116,0,0,2.1274716998946417;4120,0,5,11.288617597763752;4122,4,4,9.630638472378173;4123,0,1,3.9967167726050565;4127,4,9,15.915240942159915;4128,7,10,16.11084082017446;4131,8,9,15.915240942159915;4132,8,9,15.915240942159915;4134,4,5,11.288617597763752;4137,0,0,2.1274716998946417;4139,0,3,7.823301261828857;4142,0,1,3.9967167726050565;4145,4,7,14.418220129515083;4146,5,5,11.288617597763752;4147,5,7,14.418220129515083;4148,5,7,14.418220129515083;4151,0,0,2.1274716998946417;4152,0,0,2.1274716998946417;4153,0,4,9.630638472378173;4154,4,5,11.288617597763752;4156,5,7,14.418220129515083;4157,0,6,12.93778557669338;4158,5,7,14.418220129515083;4159,8,10,16.11084082017446;4160,0,1,3.9967167726050565;4161,0,0,2.1274716998946417;4162,5,7,14.418220129515083;4163,0,0,2.1274716998946417;4164,5,8,15.2925073024287;4165,0,1,3.9967167726050565;4166,0,5,11.288617597763752;4167,0,1,3.9967167726050565;4168,4,5,11.288617597763752
1196|0,4142,24519,24320,0;0,4169,81454,80640,0;1,4165,86403,86272,0;1,4167,39687,39680,0;2,4027,214242,106496,0;2,4033,3022,2816,0;2,4034,5518,5376,0;2,4045,196524,196352,0;2,4063,59983,58112,0;2,4079,143474,142080,0;2,4083,143688,142848,0;2,4088,37768,36608,0;2,4128,160313,150784,0;2,4131,203431,202240,203264;2,4132,652672,650752,0;2,4159,115470,114176,0;4,4153,81996,32768,0;4,4154,8391,0,0;4,4168,60895,60416,0;5,4160,49549,49408,0;5,4171,26461,25344,0;6,4101,67832,26624,26624;6,4109,1294,1280,0;6,4112,9298,8960,8960;6,4113,19676,19456,0;6,4123,334,256,0;6,4139,147851,147456,0;6,4157,117513,98304,0;6,4166,711054,709376,0;7,4120,150848,98304,0;7,4122,26699,26624,0;7,4127,54786,5888,0;7,4134,95087,93184,0;7,4145,212455,209408,0;7,4146,97786,97536,0;7,4147,33643,32768,0;7,4148,473351,471296,0;7,4156,29201,27648,0;7,4158,122024,121600,0;7,4162,56776,56320,0;7,4164,122159,120064,0|382.4097646495109|4027,0,8,13.80987350506416;4033,6,6,12.31285269241933;4034,6,6,12.31285269241933;4045,6,6,12.31285269241933;4063,6,7,13.187139865332945;4079,6,7,13.187139865332945;4083,6,7,13.187139865332945;4088,6,7,13.187139865332945;4101,0,4,9.183250160667999;4109,0,0,1.8897581948935354;4112,0,2,5.717933824733103;4113,0,0,1.8897581948935354;4120,0,4,9.183250160667999;4122,3,3,7.52527103528242;4123,0,0,1.8897581948935354;4127,3,8,13.80987350506416;4128,6,9,14.005473383078707;4131,7,8,13.80987350506416;4132,7,8,13.80987350506416;4134,3,4,9.183250160667999;4139,0,2,5.717933824733103;4142,0,0,1.8897581948935354;4145,3,6,12.31285269241933;4146,4,4,9.183250160667999;4147,4,6,12.31285269241933;4148,4,6,12.31285269241933;4153,0,3,7.52527103528242;4154,3,4,9.183250160667999;4156,4,6,12.31285269241933;4157,0,5,10.832418139597626;4158,4,6,12.31285269241933;4159,7,9,14.005473383078707;4160,0,0,1.8897581948935354;4162,4,6,12.31285269241933;4164,4,7,13.187139865332945;4165,0,0,1.8897581948935354;4166,2,4,9.183250160667999;4167,0,0,1.8897581948935354;4168,3,4,9.183250160667999;4169,0,1,3.789031978049409;4171,0,1,3.789031978049409
1197|0,4169,81454,81408,0;0,4177,59555,58624,0;0,4180,24585,16384,23552;0,4181,246082,245248,0;0,4182,24517,16384,23552;1,4178,61137,59392,0;2,4027,214242,122880,0;2,4033,3022,2816,0;2,4034,5518,5376,0;2,4045,196524,196352,0;2,4063,59983,58112,0;2,4079,143474,142080,0;2,4083,143688,142848,0;2,4088,37768,36608,0;2,4128,160313,150784,0;2,4131,203431,202240,203264;2,4132,652672,650752,0;2,4159,115470,114176,0;3,4172,137375,130560,0;4,4153,81996,49152,0;4,4154,8391,0,0;4,4168,60895,60416,0;4,4173,58059,48384,0;5,4171,26461,26368,0;5,4176,62867,62208,0;5,4179,63910,62720,0;6,4101,67832,40960,26624;6,4112,9298,9216,8960;6,4139,147851,147712,0;6,4157,117513,99328,0;6,4166,711054,709376,0;7,4120,150848,114688,0;7,4122,26699,26624,0;7,4127,54786,5888,0;7,4134,95087,93184,0;7,4145,212455,209408,0;7,4146,97786,97536,0;7,4147,33643,32768,0;7,4148,473351,471296,0;7,4156,29201,27648,0;7,4158,122024,121600,0;7,4162,56776,56320,0;7,4164,122159,120064,0;7,4170,356836,354816,0|382.4190915714249|4027,0,7,12.380321253880446;4033,5,5,10.880690512743566;4034,5,5,10.880690512743566;4045,5,5,10.880690512743566;4063,5,6,11.75758761414923;4079,5,6,11.75758761414923;4083,5,6,11.75758761414923;4088,5,6,11.75758761414923;4101,0,3,7.722390214634487;4112,1,1,4.149574587169633;4120,0,3,7.722390214634487;4122,2,2,5.970636816411786;4127,2,7,12.380321253880446;4128,5,8,12.575921131894992;4131,6,7,12.380321253880446;4132,6,7,12.380321253880446;4134,2,3,7.722390214634487;4139,1,1,4.149574587169633;4145,2,5,10.880690512743566;4146,3,3,7.722390214634487;4147,3,5,10.880690512743566;4148,3,5,10.880690512743566;4153,0,2,5.970636816411786;4154,2,3,7.722390214634487;4156,3,5,10.880690512743566;4157,1,4,9.377419085616435;4158,3,5,10.880690512743566;4159,6,8,12.575921131894992;4162,3,5,10.880690512743566;4164,3,6,11.75758761414923;4166,1,3,7.722390214634487;4168,2,3,7.722390214634487;4169,0,0,2.11905723511788;4170,5,6,11.75758761414923;4171,0,0,2.11905723511788;4172,0,2,5.970636816411786;4173,2,5,10.880690512743566;4176,0,1,4.149574587169633;4177,0,1,4.149574587169633;4178,0,1,4.149574587169633;4179,0,1,4.149574587169633;4180,0,2,5.970636816411786;4181,0,2,5.970636816411786;4182,0,2,5.970636816411786
1198|0,4177,59555,59392,0;0,4180,24585,23552,23552;0,4181,246082,245760,0;0,4182,24517,23552,23552;1,4178,61137,60928,0;1,4187,40967,36608,0;2,4027,214242,139264,0;2,4033,3022,2816,0;2,4034,5518,5376,0;2,4045,196524,196352,0;2,4063,59983,58112,0;2,4079,143474,142080,0;2,4083,143688,142848,0;2,4088,37768,36608,0;2,4128,160313,150784,0;2,4131,203431,202240,203264;2,4132,652672,650752,0;2,4159,115470,114176,0;3,4172,137375,131072,0;3,4183,305748,299776,0;3,4186,110565,109312,0;4,4153,81996,65536,0;4,4154,8391,0,0;4,4168,60895,60416,0;4,4173,58059,48384,0;4,4184,119173,117760,0;5,4176,62867,62720,0;5,4179,63910,63744,0;5,4185,44486,42752,0;6,4101,67832,57344,26624;6,4112,9298,9216,8960;6,4139,147851,147712,0;6,4157,117513,99328,0;6,4166,711054,709376,0;7,4120,150848,131072,0;7,4122,26699,26624,0;7,4127,54786,5888,0;7,4134,95087,93184,0;7,4145,212455,209408,0;7,4146,97786,97536,0;7,4147,33643,32768,0;7,4148,473351,471296,0;7,4156,29201,27648,0;7,4158,122024,121600,0;7,4162,56776,56320,0;7,4164,122159,120064,0;7,4170,356836,354816,0;7,4174,27533,26624,0;7,4175,683000,680704,0|340.3392537717931|4027,0,6,10.481259371321068;4033,4,4,8.977175725871;4034,4,4,8.977175725871;4045,4,4,8.977175725871;4063,4,5,9.858525731589852;4079,4,5,9.858525731589852;4083,4,5,9.858525731589852;4088,4,5,9.858525731589852;4101,0,2,5.771959543623498;4112,0,0,2.147735193098156;4120,0,2,5.771959543623498;4122,1,1,4.017722134511435;4127,1,6,10.481259371321068;4128,4,7,10.676859249335614;4131,5,6,10.481259371321068;4132,5,6,10.481259371321068;4134,1,2,5.771959543623498;4139,0,0,2.147735193098156;4145,1,4,8.977175725871;4146,2,2,5.771959543623498;4147,2,4,8.977175725871;4148,2,4,8.977175725871;4153,0,1,4.017722134511435;4154,1,2,5.771959543623498;4156,2,4,8.977175725871;4157,0,3,7.426988414605445;4158,2,4,8.977175725871;4159,5,7,10.676859249335614;4162,2,4,8.977175725871;4164,2,5,9.858525731589852;4166,0,2,5.771959543623498;4168,1,2,5.771959543623498;4170,4,5,9.858525731589852;4172,0,1,4.017722134511435;4173,1,4,8.977175725871;4174,4,5,9.858525731589852;4175,4,5,9.858525731589852;4176,0,0,2.147735193098156;4177,0,0,2.147735193098156;4178,0,0,2.147735193098156;4179,0,0,2.147735193098156;4180,0,1,4.017722134511435;4181,0,1,4.017722134511435;4182,0,1,4.017722134511435;4183,0,2,5.771959543623498;4184,1,2,5.771959543623498;4185,0,1,4.017722134511435;4186,0,1,4.017722134511435;4187,0,1,4.017722134511435
1199|0,4180,24585,24576,23552;0,4181,246082,246016,0;0,4182,24517,24320,23552;0,4189,328866,321792,0;1,4187,40967,40960,0;1,4188,41969,40704,0;2,4027,214242,155648,0;2,4033,3022,2816,0;2,4034,5518,5376,0;2,4045,196524,196352,0;2,4063,59983,58112,0;2,4079,143474,142080,0;2,4083,143688,142848,0;2,4088,37768,36608,0;2,4128,160313,150784,0;2,4131,203431,202240,203264;2,4132,652672,650752,0;2,4159,115470,114176,0;3,4172,137375,137216,0;3,4183,305748,303104,0;3,4186,110565,110336,0;3,4191,2955,0,0;3,4193,2956,0,0;3,4198,82865,80640,0;4,4153,81996,81920,0;4,4154,8391,0,0;4,4168,60895,60416,0;4,4173,58059,48384,0;4,4184,119173,117760,0;4,4195,99655,98304,0;4,4197,91381,88832,0;4,4199,358755,358144,0;5,4185,44486,44288,0;5,4192,2954,0,0;5,4196,61833,55296,0;6,4101,67832,65536,26624;6,4157,117513,106496,0;6,4166,711054,710144,0;6,4190,52949,46848,0;6,4194,262332,259584,0;7,4120,150848,147456,0;7,4122,26699,26624,0;7,4127,54786,5888,0;7,4134,95087,93184,0;7,4145,212455,209408,0;7,4146,97786,97536,0;7,4147,33643,32768,0;7,4148,473351,471296,0;7,4156,29201,27648,0;7,4158,122024,121600,0;7,4162,56776,56320,0;7,4164,122159,120064,0;7,4170,356836,354816,0;7,4174,27533,26624,0;7,4175,683000,680704,0;7,4200,137402,131840,0|324.3825108401102|4027,0,5,9.016332369429236;4033,3,3,7.323151521325366;4034,3,3,7.323151521325366;4045,3,3,7.323151521325366;4063,3,4,8.391469577507138;4079,3,4,8.391469577507138;4083,3,4,8.391469577507138;4088,3,4,8.391469577507138;4101,0,1,4.060940937806722;4120,0,1,4.060940937806722;4122,0,0,2.1659619900554468;4127,0,5,9.016332369429236;4128,3,6,9.211932247443782;4131,4,5,9.016332369429236;4132,4,5,9.016332369429236;4134,0,1,4.060940937806722;4145,0,3,7.323151521325366;4146,1,1,4.060940937806722;4147,1,3,7.323151521325366;4148,1,3,7.323151521325366;4153,0,0,2.1659619900554468;4154,0,1,4.060940937806722;4156,1,3,7.323151521325366;4157,0,2,5.7294200981665515;4158,1,3,7.323151521325366;4159,4,6,9.211932247443782;4162,1,3,7.323151521325366;4164,1,4,8.391469577507138;4166,0,1,4.060940937806722;4168,0,1,4.060940937806722;4170,3,4,8.391469577507138;4172,0,0,2.1659619900554468;4173,0,3,7.323151521325366;4174,3,4,8.391469577507138;4175,3,4,8.391469577507138;4180,0,0,2.1659619900554468;4181,0,0,2.1659619900554468;4182,0,0,2.1659619900554468;4183,0,1,4.060940937806722;4184,0,1,4.060940937806722;4185,0,0,2.1659619900554468;4186,0,0,2.1659619900554468;4187,0,0,2.1659619900554468;4188,0,2,5.7294200981665515;4189,0,2,5.7294200981665515;4190,0,2,5.7294200981665515;4191,0,1,4.060940937806722;4192,0,1,4.060940937806722;4193,0,1,4.060940937806722;4194,0,1,4.060940937806722;4195,0,1,4.060940937806722;4196,0,2,5.7294200981665515;4197,0,2,5.7294200981665515;4198,0,2,5.7294200981665515;4199,0,1,4.060940937806722;4200,3,5,9.016332369429236
1200|0,4189,328866,327680,0;0,4206,38230,32512,0;0,4207,69557,68864,0;1,4188,41969,40960,0;1,4204,8711,0,0;1,4208,43787,40704,0;2,4027,214242,172032,0;2,4033,3022,2816,0;2,4034,5518,5376,0;2,4045,196524,196352,0;2,4063,59983,58112,0;2,4079,143474,142080,0;2,4083,143688,142848,0;2,4088,37768,36608,0;2,4128,160313,150784,0;2,4131,203431,202240,203264;2,4132,652672,650752,0;2,4159,115470,114176,0;3,4183,305748,305664,0;3,4191,2955,2816,0;3,4193,2956,2816,0;3,4198,82865,81920,0;4,4154,8391,8192,0;4,4168,60895,60672,0;4,4173,58059,49152,0;4,4184,119173,119040,0;4,4195,99655,99584,0;4,4197,91381,90112,0;4,4199,358755,358656,0;4,4202,82907,81920,0;4,4203,137974,134656,0;5,4192,2954,2816,0;5,4196,61833,57344,0;5,4205,73020,72192,0;6,4101,67832,67584,26624;6,4157,117513,114688,0;6,4166,711054,710912,0;6,4190,52949,49152,0;6,4194,262332,262144,0;7,4120,150848,150784,0;7,4127,54786,16384,0;7,4134,95087,94976,0;7,4145,212455,209920,0;7,4146,97786,97536,0;7,4147,33643,32768,0;7,4148,473351,471296,0;7,4156,29201,27648,0;7,4158,122024,121600,0;7,4162,56776,56320,0;7,4164,122159,120064,0;7,4170,356836,354816,0;7,4174,27533,26624,0;7,4175,683000,680704,0;7,4200,137402,131840,0;7,4201,36912,35840,0|253.59115707302814|4027,0,4,7.172804337908935;4033,2,2,5.424340895951654;4034,2,2,5.424340895951654;4045,2,2,5.424340895951654;4063,2,3,6.547392087356933;4079,2,3,6.547392087356933;4083,2,3,6.547392087356933;4088,2,3,6.547392087356933;4101,0,0,2.0532230331639196;4120,0,0,2.0532230331639196;4127,0,4,7.172804337908935;4128,2,5,7.368404215923481;4131,3,4,7.172804337908935;4132,3,4,7.172804337908935;4134,0,0,2.0532230331639196;4145,0,2,5.424340895951654;4146,0,0,2.0532230331639196;4147,0,2,5.424340895951654;4148,0,2,5.424340895951654;4154,0,0,2.0532230331639196;4156,0,2,5.424340895951654;4157,0,1,3.829418979094712;4158,0,2,5.424340895951654;4159,3,5,7.368404215923481;4162,0,2,5.424340895951654;4164,0,3,6.547392087356933;4166,0,0,2.0532230331639196;4168,0,0,2.0532230331639196;4170,2,3,6.547392087356933;4173,0,2,5.424340895951654;4174,2,3,6.547392087356933;4175,2,3,6.547392087356933;4183,0,0,2.0532230331639196;4184,0,0,2.0532230331639196;4188,0,1,3.829418979094712;4189,0,1,3.829418979094712;4190,0,1,3.829418979094712;4191,0,0,2.0532230331639196;4192,0,0,2.0532230331639196;4193,0,0,2.0532230331639196;4194,0,0,2.0532230331639196;4195,0,0,2.0532230331639196;4196,0,1,3.829418979094712;4197,0,1,3.829418979094712;4198,0,1,3.829418979094712;4199,0,0,2.0532230331639196;4200,2,4,7.172804337908935;4201,3,4,7.172804337908935;4202,0,1,3.829418979094712;4203,0,1,3.829418979094712;4204,0,2,5.424340895951654;4205,0,1,3.829418979094712;4206,0,2,5.424340895951654;4207,0,1,3.829418979094712;4208,0,2,5.424340895951654
1201|0,4189,328866,328704,0;0,4206,38230,32768,0;0,4207,69557,69376,0;1,4188,41969,41728,0;1,4204,8711,8192,0;1,4208,43787,40960,0;1,4211,47414,46848,0;2,4027,214242,188416,0;2,4033,3022,2816,0;2,4034,5518,5376,0;2,4045,196524,196352,0;2,4063,59983,58112,0;2,4079,143474,142080,0;2,4083,143688,142848,0;2,4088,37768,36608,0;2,4128,160313,150784,0;2,4131,203431,202240,203264;2,4132,652672,650752,0;2,4159,115470,114176,0;3,4198,82865,82688,0;4,4173,58059,57344,0;4,4197,91381,91136,0;4,4202,82907,82688,0;4,4203,137974,137728,0;4,4209,123380,122880,0;4,4210,136695,135680,0;5,4196,61833,61696,0;5,4205,73020,72960,0;5,4215,26593,26368,0;5,4217,40400,39424,0;6,4157,117513,117504,0;6,4190,52949,52736,0;6,4212,146665,145152,146432;6,4213,39553,38400,0;6,4214,116456,115712,0;6,4216,20000,19456,0;7,4127,54786,24576,0;7,4145,212455,212224,0;7,4147,33643,33536,0;7,4148,473351,473344,0;7,4156,29201,29184,0;7,4158,122024,121856,0;7,4162,56776,56576,0;7,4164,122159,120576,0;7,4170,356836,354816,0;7,4174,27533,26624,0;7,4175,683000,680704,0;7,4200,137402,131840,0;7,4201,36912,35840,0|173.2783167690364|4027,0,3,5.202412193203196;4033,1,1,3.4539487512459157;4034,1,1,3.4539487512459157;4045,1,1,3.4539487512459157;4063,1,2,4.576999942651194;4079,1,2,4.576999942651194;4083,1,2,4.576999942651194;4088,1,2,4.576999942651194;4127,0,3,5.202412193203196;4128,1,4,5.398012071217742;4131,2,3,5.202412193203196;4132,2,3,5.202412193203196;4145,1,1,3.4539487512459157;4147,1,1,3.4539487512459157;4148,1,1,3.4539487512459157;4156,1,1,3.4539487512459157;4157,0,0,1.843241345833994;4158,1,1,3.4539487512459157;4159,2,4,5.398012071217742;4162,1,1,3.4539487512459157;4164,1,2,4.576999942651194;4170,1,2,4.576999942651194;4173,0,1,3.4539487512459157;4174,1,2,4.576999942651194;4175,1,2,4.576999942651194;4188,0,0,1.843241345833994;4189,0,0,1.843241345833994;4190,0,0,1.843241345833994;4196,0,0,1.843241345833994;4197,0,0,1.843241345833994;4198,0,0,1.843241345833994;4200,1,3,5.202412193203196;4201,2,3,5.202412193203196;4202,0,0,1.843241345833994;4203,0,0,1.843241345833994;4204,0,1,3.4539487512459157;4205,0,0,1.843241345833994;4206,0,1,3.4539487512459157;4207,0,0,1.843241345833994;4208,0,1,3.4539487512459157;4209,0,1,3.4539487512459157;4210,0,1,3.4539487512459157;4211,0,1,3.4539487512459157;4212,0,1,3.4539487512459157;4213,0,1,3.4539487512459157;4214,0,1,3.4539487512459157;4215,0,0,1.843241345833994;4216,0,1,3.4539487512459157;4217,0,1,3.4539487512459157
1202|0,4206,38230,38144,0;1,4204,8711,8704,0;1,4208,43787,43776,0;1,4211,47414,47360,0;1,4218,124634,123136,0;1,4224,264136,259584,0;2,4027,214242,204800,0;2,4033,3022,2816,0;2,4034,5518,5376,0;2,4045,196524,196352,0;2,4063,59983,58112,0;2,4079,143474,142080,0;2,4083,143688,142848,0;2,4088,37768,36608,0;2,4128,160313,150784,0;2,4131,203431,202240,203264;2,4132,652672,650752,0;2,4159,115470,114176,0;4,4173,58059,57856,0;4,4209,123380,123136,0;4,4210,136695,136448,0;4,4220,476537,473344,0;5,4217,40400,40192,0;5,4221,50567,43008,0;5,4222,121365,116480,0;6,4212,146665,146432,146432;6,4213,39553,39424,0;6,4214,116456,116224,0;6,4216,20000,19968,0;6,4223,154926,137472,0;7,4127,54786,40960,0;7,4145,212455,212224,0;7,4147,33643,33536,0;7,4148,473351,473344,0;7,4156,29201,29184,0;7,4158,122024,121856,0;7,4162,56776,56576,0;7,4164,122159,120576,0;7,4170,356836,354816,0;7,4174,27533,26624,0;7,4175,683000,680704,0;7,4200,137402,131840,0;7,4201,36912,35840,0;7,4219,50914,49664,0|123.16311666188618|4027,0,2,3.86454018849835;4033,0,0,1.9154737921325704;4034,0,0,1.9154737921325704;4045,0,0,1.9154737921325704;4063,0,1,3.230794482059455;4079,0,1,3.230794482059455;4083,0,1,3.230794482059455;4088,0,1,3.230794482059455;4127,0,2,3.86454018849835;4128,0,3,4.060140066512896;4131,1,2,3.86454018849835;4132,1,2,3.86454018849835;4145,0,0,1.9154737921325704;4147,0,0,1.9154737921325704;4148,0,0,1.9154737921325704;4156,0,0,1.9154737921325704;4158,0,0,1.9154737921325704;4159,1,3,4.060140066512896;4162,0,0,1.9154737921325704;4164,0,1,3.230794482059455;4170,0,1,3.230794482059455;4173,0,0,1.9154737921325704;4174,0,1,3.230794482059455;4175,0,1,3.230794482059455;4200,0,2,3.86454018849835;4201,1,2,3.86454018849835;4204,0,0,1.9154737921325704;4206,0,0,1.9154737921325704;4208,0,0,1.9154737921325704;4209,0,0,1.9154737921325704;4210,0,0,1.9154737921325704;4211,0,0,1.9154737921325704;4212,0,0,1.9154737921325704;4213,0,0,1.9154737921325704;4214,0,0,1.9154737921325704;4216,0,0,1.9154737921325704;4217,0,0,1.9154737921325704;4218,0,1,3.230794482059455;4219,1,2,3.86454018849835;4220,0,2,3.86454018849835;4221,0,2,3.86454018849835;4222,0,1,3.230794482059455;4223,0,2,3.86454018849835;4224,0,2,3.86454018849835
1203|0,4231,2959,0,0;0,4233,21509,0,0;1,4218,124634,124416,0;1,4224,264136,262144,0;1,4228,35011,30464,0;2,4027,214242,212992,0;2,4063,59983,59904,0;2,4079,143474,143360,0;2,4083,143688,143616,0;2,4088,37768,37632,0;2,4128,160313,153344,0;2,4131,203431,202240,203264;2,4132,652672,650752,0;2,4159,115470,114176,0;3,4225,43642,0,0;3,4226,117538,107008,0;3,4232,2960,0,0;3,4234,339598,337664,0;4,4220,476537,475136,0;5,4221,50567,49152,0;5,4222,121365,121344,0;5,4227,50365,48384,0;5,4229,64681,63744,0;6,4223,154926,147456,0;6,4230,9298,8960,0;7,4127,54786,49152,0;7,4164,122159,122112,0;7,4170,356836,356608,0;7,4174,27533,27392,0;7,4175,683000,682752,0;7,4200,137402,133120,0;7,4201,36912,35840,0;7,4219,50914,49664,0|109.3089058415845|4027,0,1,3.2366587945548497;4063,0,0,1.8414264581883357;4079,0,0,1.8414264581883357;4083,0,0,1.8414264581883357;4088,0,0,1.8414264581883357;4127,0,1,3.2366587945548497;4128,0,2,4.510052725386293;4131,0,1,3.2366587945548497;4132,0,1,3.2366587945548497;4159,0,2,4.510052725386293;4164,0,0,1.8414264581883357;4170,0,0,1.8414264581883357;4174,0,0,1.8414264581883357;4175,0,0,1.8414264581883357;4200,0,1,3.2366587945548497;4201,0,1,3.2366587945548497;4218,0,0,1.8414264581883357;4219,0,1,3.2366587945548497;4220,0,1,3.2366587945548497;4221,0,1,3.2366587945548497;4222,0,0,1.8414264581883357;4223,0,1,3.2366587945548497;4224,0,1,3.2366587945548497;4225,0,4,5.552439765513893;4226,2,4,5.552439765513893;4227,0,2,4.510052725386293;4228,0,2,4.510052725386293;4229,0,1,3.2366587945548497;4230,0,1,3.2366587945548497;4231,0,1,3.2366587945548497;4232,2,4,5.552439765513893;4233,0,3,5.3314481723324985;4234,3,4,5.552439765513893
1204|0,4231,2959,2816,0;0,4233,21509,8192,0;0,4239,85872,81408,0;0,4240,2955,0,0;0,4241,2960,0,0;1,4224,264136,263936,0;1,4228,35011,32768,0;1,4236,39762,33024,0;2,4027,214242,214016,0;2,4128,160313,155648,0;2,4131,203431,203264,203264;2,4132,652672,652544,0;2,4159,115470,114688,0;3,4225,43642,16384,0;3,4226,117538,107008,0;3,4232,2960,0,0;3,4234,339598,337664,0;3,4238,115048,110336,0;3,4242,44162,0,0;4,4220,476537,476416,0;4,4237,394780,389632,0;5,4221,50567,50432,0;5,4227,50365,49152,0;5,4229,64681,64512,0;6,4223,154926,154880,0;6,4230,9298,9216,0;7,4127,54786,54784,0;7,4200,137402,137216,0;7,4201,36912,36864,0;7,4219,50914,50688,0;7,4235,26696,23552,0|95.9064354710303|4027,0,0,1.6503228936341274;4127,0,0,1.6503228936341274;4128,0,1,3.01287793422245;4131,0,0,1.6503228936341274;4132,0,0,1.6503228936341274;4159,0,1,3.01287793422245;4200,0,0,1.6503228936341274;4201,0,0,1.6503228936341274;4219,0,0,1.6503228936341274;4220,0,0,1.6503228936341274;4221,0,0,1.6503228936341274;4223,0,0,1.6503228936341274;4224,0,0,1.6503228936341274;4225,0,3,5.269431541867309;4226,1,3,5.269431541867309;4227,0,1,3.01287793422245;4228,0,1,3.01287793422245;4229,0,0,1.6503228936341274;4230,0,0,1.6503228936341274;4231,0,0,1.6503228936341274;4232,1,3,5.269431541867309;4233,0,2,4.265713949129759;4234,2,3,5.269431541867309;4235,0,2,4.265713949129759;4236,0,1,3.01287793422245;4237,0,2,4.265713949129759;4238,2,4,5.928517847709329;4239,0,2,4.265713949129759;4240,0,1,3.01287793422245;4241,0,1,3.01287793422245;4242,2,7,7.642669608897787
1205|0,4233,21509,16384,0;0,4239,85872,81920,0;0,4240,2955,2816,0;0,4241,2960,2816,0;0,4247,29067,24576,0;1,4228,35011,34816,0;1,4236,39762,39680,0;1,4248,143,0,0;1,4249,2963,0,0;1,4250,35907,30976,0;2,4128,160313,160256,0;2,4159,115470,115456,0;2,4246,254135,250880,0;3,4225,43642,32768,0;3,4226,117538,107008,0;3,4232,2960,0,0;3,4234,339598,337664,0;3,4238,115048,110336,0;3,4242,44162,0,0;4,4237,394780,393216,0;5,4227,50365,50176,0;5,4243,63255,62720,0;5,4244,44810,44288,0;5,4252,27299,26368,0;6,4251,9299,8960,0;7,4235,26696,24576,0;7,4245,197503,197120,0|75.99006701979536|4128,0,0,1.5282969468882124;4159,0,0,1.5282969468882124;4225,0,2,3.830799032458879;4226,0,2,3.830799032458879;4227,0,0,1.5282969468882124;4228,0,0,1.5282969468882124;4232,0,2,3.830799032458879;4233,0,1,2.826314487050419;4234,1,2,3.830799032458879;4235,0,1,2.826314487050419;4236,0,0,1.5282969468882124;4237,0,1,2.826314487050419;4238,1,3,4.4898853383008985;4239,0,1,2.826314487050419;4240,0,0,1.5282969468882124;4241,0,0,1.5282969468882124;4242,1,6,6.204037099489357;4243,0,1,2.826314487050419;4244,0,1,2.826314487050419;4245,0,1,2.826314487050419;4246,0,1,2.826314487050419;4247,0,1,2.826314487050419;4248,0,0,1.5282969468882124;4249,0,1,2.826314487050419;4250,0,2,3.830799032458879;4251,0,1,2.826314487050419;4252,0,1,2.826314487050419
1206|0,4233,21509,21504,0;0,4239,85872,85760,0;0,4247,29067,28928,0;0,4253,119829,117504,0;0,4256,60263,59392,0;1,4249,2963,2816,0;1,4250,35907,32768,0;1,4257,42677,41728,0;1,4259,89349,86272,0;2,4246,254135,253952,0;2,4254,69902,67584,0;3,4225,43642,40960,0;3,4226,117538,114688,0;3,4232,2960,512,0;3,4234,339598,337664,0;3,4238,115048,110336,0;3,4242,44162,0,0;3,4258,67632,65024,0;3,4260,42934,40960,41472;4,4237,394780,394752,0;5,4243,63255,63232,0;5,4244,44810,44800,0;5,4252,27299,27136,0;6,4251,9299,9216,0;7,4235,26696,26624,0;7,4245,197503,197376,0;7,4255,27657,26624,0|62.47939782932206|4225,0,1,2.4847185920931567;4226,0,1,2.4847185920931567;4232,0,1,2.4847185920931567;4233,0,0,1.4152353812086098;4234,0,1,2.4847185920931567;4235,0,0,1.4152353812086098;4237,0,0,1.4152353812086098;4238,0,2,3.3444375144324323;4239,0,0,1.4152353812086098;4242,0,5,5.072185681036039;4243,0,0,1.4152353812086098;4244,0,0,1.4152353812086098;4245,0,0,1.4152353812086098;4246,0,0,1.4152353812086098;4247,0,0,1.4152353812086098;4249,0,0,1.4152353812086098;4250,0,1,2.4847185920931567;4251,0,0,1.4152353812086098;4252,0,0,1.4152353812086098;4253,0,1,2.4847185920931567;4254,0,1,2.4847185920931567;4255,0,1,2.4847185920931567;4256,0,1,2.4847185920931567;4257,0,1,2.4847185920931567;4258,1,4,4.874022773162778;4259,0,1,2.4847185920931567;4260,1,4,4.874022773162778
1207|0,4253,119829,119808,0;0,4256,60263,60160,0;1,4250,35907,35840,0;1,4257,42677,42496,0;1,4259,89349,89344,0;1,4271,45905,43776,0;2,4254,69902,69888,0;3,4225,43642,43520,0;3,4226,117538,117504,0;3,4232,2960,2816,0;3,4234,339598,339456,0;3,4238,115048,114688,0;3,4242,44162,2560,0;3,4258,67632,65024,0;3,4260,42934,40960,41472;4,4261,2957,0,0;4,4262,2961,0,0;4,4264,2954,0,0;5,4265,59968,0,0;5,4267,83282,81152,0;6,4263,2957,0,0;6,4268,398,0,0;7,4255,27657,27648,0;7,4266,102259,94976,0;7,4269,29525,29184,0;7,4270,33755,32768,0|72.3495758008858|4225,0,0,1.4973617208095389;4226,0,0,1.4973617208095389;4232,0,0,1.4973617208095389;4234,0,0,1.4973617208095389;4238,0,1,2.8163871335270154;4242,0,4,5.36426082695101;4250,0,0,1.4973617208095389;4253,0,0,1.4973617208095389;4254,0,0,1.4973617208095389;4255,0,0,1.4973617208095389;4256,0,0,1.4973617208095389;4257,0,0,1.4973617208095389;4258,0,3,4.9363767731744;4259,0,0,1.4973617208095389;4260,0,3,4.9363767731744;4261,0,1,2.8163871335270154;4262,0,1,2.8163871335270154;4263,0,1,2.8163871335270154;4264,0,1,2.8163871335270154;4265,0,5,5.563859190877608;4266,0,2,4.166379915182706;4267,3,5,5.563859190877608;4268,0,1,2.8163871335270154;4269,0,1,2.8163871335270154;4270,0,1,2.8163871335270154;4271,0,1,2.8163871335270154
1208|0,4279,38746,38144,0;1,4271,45905,45824,0;1,4276,48570,47360,0;1,4277,183084,0,0;2,4280,25250,0,0;2,4282,2445,0,0;2,4283,144140,143616,0;3,4238,115048,114944,0;3,4242,44162,16384,0;3,4258,67632,65536,0;3,4260,42934,41472,41472;4,4261,2957,2816,0;4,4262,2961,2816,0;4,4264,2954,2816,0;4,4281,135797,123136,0;5,4265,59968,16384,0;5,4267,83282,81152,0;5,4272,73598,72960,0;5,4278,148017,146176,0;6,4263,2957,2816,0;6,4268,398,256,0;6,4274,40709,39424,0;7,4266,102259,98304,0;7,4269,29525,29440,0;7,4270,33755,33536,0;7,4273,27662,26624,27136;7,4275,122156,121856,0|118.10642884997061|4238,0,0,1.7916532279494939;4242,0,3,5.965155437950427;4258,0,2,4.749425161922986;4260,0,2,4.749425161922986;4261,0,0,1.7916532279494939;4262,0,0,1.7916532279494939;4263,0,0,1.7916532279494939;4264,0,0,1.7916532279494939;4265,0,4,7.160135289376273;4266,0,1,3.42375867489704;4267,2,4,7.160135289376273;4268,0,0,1.7916532279494939;4269,0,0,1.7916532279494939;4270,0,0,1.7916532279494939;4271,0,0,1.7916532279494939;4272,2,3,5.965155437950427;4273,0,2,4.749425161922986;4274,0,1,3.42375867489704;4275,0,1,3.42375867489704;4276,0,1,3.42375867489704;4277,0,13,16.99033327042196;4278,2,4,7.160135289376273;4279,0,1,3.42375867489704;4280,0,3,5.965155437950427;4281,0,2,4.749425161922986;4282,1,2,4.749425161922986;4283,1,2,4.749425161922986
1209|0,4279,38746,38656,0;1,4276,48570,48384,0;1,4277,183084,8192,0;2,4280,25250,16384,0;2,4282,2445,0,0;2,4283,144140,143616,0;2,4293,143734,143360,0;3,4242,44162,24576,0;3,4258,67632,67584,0;3,4260,42934,42752,41472;3,4286,85747,82688,0;4,4281,135797,131072,0;4,4289,139704,137728,0;4,4290,61219,60672,0;4,4291,137979,136448,0;5,4265,59968,32768,0;5,4267,83282,81152,0;5,4272,73598,72960,0;5,4278,148017,146176,0;5,4284,64813,64512,0;5,4285,71055,61696,0;5,4287,40980,40192,0;5,4294,184919,183040,0;6,4274,40709,40704,0;6,4288,148943,147712,0;7,4266,102259,102144,0;7,4273,27662,27136,27136;7,4275,122156,122112,0;7,4292,98429,97536,0|119.61645643531423|4242,0,2,4.515769887120204;4258,1,1,3.207741192414855;4260,1,1,3.207741192414855;4265,0,3,5.713382561147677;4266,0,0,1.72208415219553;4267,1,3,5.713382561147677;4272,1,2,4.515769887120204;4273,0,1,3.207741192414855;4274,0,0,1.72208415219553;4275,0,0,1.72208415219553;4276,0,0,1.72208415219553;4277,0,12,15.543580542193368;4278,1,3,5.713382561147677;4279,0,0,1.72208415219553;4280,0,2,4.515769887120204;4281,0,1,3.207741192414855;4282,0,1,3.207741192414855;4283,0,1,3.207741192414855;4284,1,2,4.515769887120204;4285,1,3,5.713382561147677;4286,1,2,4.515769887120204;4287,1,2,4.515769887120204;4288,0,1,3.207741192414855;4289,0,2,4.515769887120204;4290,0,1,3.207741192414855;4291,0,1,3.207741192414855;4292,0,1,3.207741192414855;4293,0,1,3.207741192414855;4294,1,3,5.713382561147677
1210|0,4296,131930,0,0;1,4277,183084,16384,0;2,4280,25250,24576,0;2,4282,2445,2304,0;2,4283,144140,144128,0;2,4293,143734,143616,0;3,4242,44162,40960,0;3,4258,67632,67584,0;3,4260,42934,42752,41472;3,4286,85747,82688,0;4,4281,135797,135680,0;4,4289,139704,139264,0;4,4290,61219,61184,0;4,4291,137979,137728,0;4,4295,30723,28672,0;4,4297,83615,82688,0;5,4265,59968,49152,0;5,4267,83282,81152,0;5,4272,73598,72960,0;5,4278,148017,146176,0;5,4284,64813,64512,0;5,4285,71055,61696,0;5,4287,40980,40192,0;5,4294,184919,183040,0;6,4288,148943,148736,0;7,4273,27662,27648,27136;7,4292,98429,98304,0|100.66184458261093|4242,0,1,3.202872155436855;4258,0,0,1.7054404921813315;4260,0,0,1.7054404921813315;4265,0,2,4.588033375138574;4267,0,2,4.588033375138574;4272,0,1,3.202872155436855;4273,0,0,1.7054404921813315;4277,0,11,15.365795657565041;4278,0,2,4.588033375138574;4280,0,1,3.202872155436855;4281,0,0,1.7054404921813315;4282,0,0,1.7054404921813315;4283,0,0,1.7054404921813315;4284,0,1,3.202872155436855;4285,0,2,4.588033375138574;4286,0,1,3.202872155436855;4287,0,1,3.202872155436855;4288,0,0,1.7054404921813315;4289,0,1,3.202872155436855;4290,0,0,1.7054404921813315;4291,0,0,1.7054404921813315;4292,0,0,1.7054404921813315;4293,0,0,1.7054404921813315;4294,0,2,4.588033375138574;4295,0,1,3.202872155436855;4296,0,9,14.770187236426663;4297,0,1,3.202872155436855
1211|0,4296,131930,16384,0;0,4301,6410,0,0;0,4304,2960,0,0;1,4277,183084,32768,0;1,4298,11982,0,0;2,4280,25250,25088,0;3,4242,44162,44032,0;3,4286,85747,85504,0;4,4289,139704,139520,0;4,4295,30723,30720,0;4,4297,83615,83456,0;4,4299,91897,91136,0;4,4303,100107,99584,0;5,4265,59968,57344,0;5,4267,83282,81920,0;5,4272,73598,73472,0;5,4278,148017,147456,0;5,4284,64813,64768,0;5,4285,71055,65536,0;5,4287,40980,40960,0;5,4294,184919,183808,0;5,4306,44560,39936,0;6,4300,655,0,0;6,4305,2958,0,0;7,4302,358440,356608,0|118.07451297601261|4242,0,0,1.5844247537163223;4265,0,1,3.0173087448362494;4267,0,1,3.0173087448362494;4272,0,0,1.5844247537163223;4277,0,10,14.544820581843485;4278,0,1,3.0173087448362494;4280,0,0,1.5844247537163223;4284,0,0,1.5844247537163223;4285,0,1,3.0173087448362494;4286,0,0,1.5844247537163223;4287,0,0,1.5844247537163223;4289,0,0,1.5844247537163223;4294,0,1,3.0173087448362494;4295,0,0,1.5844247537163223;4296,0,8,13.306904662380349;4297,0,0,1.5844247537163223;4298,9,11,14.746660205028467;4299,0,1,3.0173087448362494;4300,0,1,3.0173087448362494;4301,7,8,13.306904662380349;4302,0,1,3.0173087448362494;4303,0,1,3.0173087448362494;4304,7,8,13.306904662380349;4305,0,1,3.0173087448362494;4306,0,2,4.429407970190212
1212|0,4296,131930,32768,0;0,4301,6410,0,0;0,4304,2960,0,0;0,4309,120327,118016,0;0,4310,10889,10496,0;1,4277,183084,49152,0;1,4298,11982,0,0;1,4311,44921,42496,0;4,4299,91897,91648,0;4,4303,100107,100096,0;5,4265,59968,59904,0;5,4267,83282,83200,0;5,4278,148017,147968,0;5,4285,71055,70912,0;5,4294,184919,184832,0;5,4306,44560,40960,0;5,4308,60937,50432,0;6,4300,655,512,0;6,4305,2958,2816,0;6,4307,28926,0,0;7,4302,358440,358400,0;7,4312,28175,26624,0|135.8728625135154|4265,0,0,1.6233629828203326;4267,0,0,1.6233629828203326;4277,0,9,13.602887677177373;4278,0,0,1.6233629828203326;4285,0,0,1.6233629828203326;4294,0,0,1.6233629828203326;4296,0,7,12.222555944206329;4298,8,10,13.804727300362355;4299,0,0,1.6233629828203326;4300,0,0,1.6233629828203326;4301,6,7,12.222555944206329;4302,0,0,1.6233629828203326;4303,0,0,1.6233629828203326;4304,6,7,12.222555944206329;4305,0,0,1.6233629828203326;4306,0,1,3.2642087040366263;4307,0,3,6.232798114003207;4308,0,2,4.754734787486847;4309,6,7,12.222555944206329;4310,6,7,12.222555944206329;4311,8,9,13.602887677177373;4312,0,1,3.2642087040366263
1213|0,4296,131930,49152,0;0,4301,6410,0,0;0,4304,2960,0,0;0,4309,120327,118016,0;0,4310,10889,10496,0;1,4277,183084,65536,0;1,4298,11982,0,0;1,4311,44921,42496,0;2,4314,175153,160256,0;2,4316,654660,652544,0;2,4319,205548,203264,0;3,4315,44160,43520,0;4,4318,59278,57856,0;5,4306,44560,44544,0;5,4308,60937,57344,0;5,4321,51648,50176,0;6,4307,28926,8192,0;7,4312,28175,28160,0;7,4313,26696,23552,0|137.22690329924563|4277,0,8,12.55236224639443;4296,0,6,11.172030513423387;4298,7,9,12.754201869579413;4301,5,6,11.172030513423387;4304,5,6,11.172030513423387;4306,0,0,2.1390599230797096;4307,0,2,5.182272683220265;4308,0,1,3.700122758143987;4309,5,6,11.172030513423387;4310,5,6,11.172030513423387;4311,7,8,12.55236224639443;4312,0,0,2.1390599230797096;4313,0,2,5.182272683220265;4314,0,2,5.182272683220265;4315,0,1,3.700122758143987;4316,0,1,3.700122758143987;4318,0,1,3.700122758143987;4319,0,2,5.182272683220265;4321,0,1,3.700122758143987
1214|0,4296,131930,65536,0;0,4301,6410,0,0;0,4304,2960,0,0;0,4309,120327,118016,0;0,4310,10889,10496,0;0,4323,88241,85760,0;0,4327,136344,135680,0;1,4277,183084,81920,0;1,4298,11982,0,0;1,4311,44921,42496,0;1,4317,44820,39680,0;1,4322,43916,39680,0;2,4314,175153,172032,0;2,4316,654660,654592,0;2,4319,205548,204800,0;3,4315,44160,44032,0;3,4326,117256,114176,0;3,4328,2955,0,0;4,4318,59278,59136,0;5,4308,60937,60928,0;5,4321,51648,51456,0;5,4329,72119,65536,66816;5,4331,27431,27136,0;6,4307,28926,24576,0;6,4330,43595,40704,0;7,4313,26696,24576,0;7,4320,27533,26624,0;7,4324,27598,26624,0;7,4325,201664,197376,0|174.53101556717914|4277,0,7,11.240586985007466;4296,0,5,9.320520606660637;4298,6,8,11.451808470726975;4301,4,5,9.320520606660637;4304,4,5,9.320520606660637;4307,0,1,3.2917168725698884;4308,0,0,1.6841415681630012;4309,4,5,9.320520606660637;4310,4,5,9.320520606660637;4311,6,7,11.240586985007466;4313,0,1,3.2917168725698884;4314,0,1,3.2917168725698884;4315,0,0,1.6841415681630012;4316,0,0,1.6841415681630012;4317,6,8,11.451808470726975;4318,0,0,1.6841415681630012;4319,0,1,3.2917168725698884;4320,0,1,3.2917168725698884;4321,0,0,1.6841415681630012;4322,6,8,11.451808470726975;4323,4,5,9.320520606660637;4324,0,1,3.2917168725698884;4325,0,1,3.2917168725698884;4326,0,2,4.801537414804949;4327,4,5,9.320520606660637;4328,0,1,3.2917168725698884;4329,0,2,4.801537414804949;4330,0,2,4.801537414804949;4331,0,1,3.2917168725698884
1215|0,4296,131930,81920,0;0,4301,6410,0,0;0,4304,2960,0,0;0,4309,120327,118016,0;0,4310,10889,10496,0;0,4323,88241,85760,0;0,4327,136344,135680,0;0,4332,61483,60160,0;1,4277,183084,98304,0;1,4298,11982,0,0;1,4311,44921,42496,0;1,4317,44820,39680,0;1,4322,43916,39680,0;2,4314,175153,175104,0;2,4319,205548,205312,0;2,4337,62738,59904,0;2,4339,116243,115456,0;3,4326,117256,114688,0;3,4328,2955,2816,0;3,4336,122726,117504,0;5,4329,72119,66816,66816;5,4331,27431,27392,0;5,4334,44942,44800,0;5,4338,63451,63232,0;6,4307,28926,28672,0;6,4330,43595,40960,0;6,4333,45207,44288,0;7,4313,26696,26624,0;7,4320,27533,27392,0;7,4324,27598,27392,0;7,4325,201664,201472,0;7,4335,122611,122112,0;7,4340,216041,212224,0|163.09267330526026|4277,0,6,9.736873894439524;4296,0,4,7.816315292736737;4298,5,7,9.948095380159033;4301,3,4,7.816315292736737;4304,3,4,7.816315292736737;4307,0,0,1.7318559782585277;4309,3,4,7.816315292736737;4310,3,4,7.816315292736737;4311,5,6,9.736873894439524;4313,0,0,1.7318559782585277;4314,0,0,1.7318559782585277;4317,5,7,9.948095380159033;4319,0,0,1.7318559782585277;4320,0,0,1.7318559782585277;4322,5,7,9.948095380159033;4323,3,4,7.816315292736737;4324,0,0,1.7318559782585277;4325,0,0,1.7318559782585277;4326,0,1,3.2800127069842535;4327,3,4,7.816315292736737;4328,0,0,1.7318559782585277;4329,0,1,3.2800127069842535;4330,0,1,3.2800127069842535;4331,0,0,1.7318559782585277;4332,3,5,8.94883956255666;4333,0,1,3.2800127069842535;4334,0,0,1.7318559782585277;4335,0,1,3.2800127069842535;4336,0,1,3.2800127069842535;4337,0,1,3.2800127069842535;4338,0,0,1.7318559782585277;4339,0,1,3.2800127069842535;4340,0,2,4.821075347472481
1216|0,4296,131930,98304,0;0,4301,6410,0,0;0,4304,2960,0,0;0,4309,120327,118016,0;0,4310,10889,10496,0;0,4323,88241,85760,0;0,4327,136344,135680,0;0,4332,61483,60160,0;1,4277,183084,114688,0;1,4298,11982,0,0;1,4311,44921,42496,0;1,4317,44820,39680,0;1,4322,43916,39680,0;2,4337,62738,62720,0;2,4339,116243,116224,0;2,4344,145146,143616,0;3,4326,117256,117248,0;3,4336,122726,122624,0;3,4343,25739,25344,0;4,4341,39273,0,0;4,4346,59332,0,0;5,4329,72119,71936,66816;5,4345,65073,64768,0;5,4347,272147,270080,0;5,4348,42008,40960,0;6,4330,43595,43520,0;6,4333,45207,45056,0;7,4335,122611,122368,0;7,4340,216041,212992,0|159.12257661752292|4277,0,5,9.40456547157968;4296,0,3,6.782752550758746;4298,4,6,10.092493022698747;4301,2,3,6.782752550758746;4304,2,3,6.782752550758746;4309,2,3,6.782752550758746;4310,2,3,6.782752550758746;4311,4,5,9.40456547157968;4317,4,6,10.092493022698747;4322,4,6,10.092493022698747;4323,2,3,6.782752550758746;4326,0,0,1.7708706267138916;4327,2,3,6.782752550758746;4329,0,0,1.7708706267138916;4330,0,0,1.7708706267138916;4332,2,4,8.124331041812347;4333,0,0,1.7708706267138916;4335,0,0,1.7708706267138916;4336,0,0,1.7708706267138916;4337,0,0,1.7708706267138916;4339,0,0,1.7708706267138916;4340,0,1,3.52528347437232;4341,0,3,6.782752550758746;4343,0,1,3.52528347437232;4344,0,1,3.52528347437232;4345,0,1,3.52528347437232;4346,2,8,10.593681053124353;4347,0,2,5.262551719687904;4348,0,1,3.52528347437232
1217|0,4296,131930,114688,0;0,4301,6410,0,0;0,4304,2960,0,0;0,4309,120327,118016,0;0,4310,10889,10496,0;0,4323,88241,85760,0;0,4327,136344,135680,0;0,4332,61483,60160,0;0,4351,121112,119808,0;1,4277,183084,131072,0;1,4298,11982,0,0;1,4311,44921,42496,0;1,4317,44820,39680,0;1,4322,43916,39680,0;1,4349,266378,263936,0;2,4344,145146,144896,0;2,4357,172251,169216,0;3,4343,25739,25600,0;3,4353,43514,42752,0;3,4354,560064,558080,0;4,4341,39273,16384,0;4,4346,59332,0,0;5,4345,65073,65024,0;5,4347,272147,270336,0;5,4348,42008,41984,0;5,4355,52314,47104,0;6,4352,237473,235264,0;6,4356,116456,115712,115968;7,4340,216041,215808,0;7,4342,26697,23552,0;7,4350,26695,23552,0|163.7876043473725|4277,0,4,7.925226870193538;4296,0,2,5.258130966680619;4298,3,5,8.614734114873581;4301,1,2,5.258130966680619;4304,1,2,5.258130966680619;4309,1,2,5.258130966680619;4310,1,2,5.258130966680619;4311,3,4,7.925226870193538;4317,3,5,8.614734114873581;4322,3,5,8.614734114873581;4323,1,2,5.258130966680619;4327,1,2,5.258130966680619;4332,1,3,6.621793959055714;4340,0,0,1.8862829188356323;4341,0,2,5.258130966680619;4342,0,2,5.258130966680619;4343,0,0,1.8862829188356323;4344,0,0,1.8862829188356323;4345,0,0,1.8862829188356323;4346,1,7,9.115922145299187;4347,0,1,3.717943577946982;4348,0,0,1.8862829188356323;4349,3,5,8.614734114873581;4350,0,2,5.258130966680619;4351,2,3,6.621793959055714;4352,0,1,3.717943577946982;4353,0,1,3.717943577946982;4354,0,1,3.717943577946982;4355,0,2,5.258130966680619;4356,0,2,5.258130966680619;4357,0,1,3.717943577946982
1218|0,4296,131930,131072,0;0,4301,6410,0,0;0,4304,2960,0,0;0,4309,120327,118016,0;0,4310,10889,10496,0;0,4323,88241,85760,0;0,4327,136344,135680,0;0,4332,61483,60160,0;0,4351,121112,119808,0;1,4277,183084,147456,0;1,4298,11982,0,0;1,4311,44921,42496,0;1,4317,44820,39680,0;1,4322,43916,39680,0;1,4349,266378,263936,0;1,4359,44938,40960,0;2,4357,172251,172032,0;2,4362,217186,214016,0;2,4365,307470,305664,0;2,4370,128557,127488,0;3,4353,43514,43264,0;3,4354,560064,559872,0;4,4341,39273,32768,0;4,4346,59332,0,0;4,4361,66897,59136,0;4,4363,32715,30720,0;4,4366,143420,139520,0;5,4347,272147,272128,0;5,4355,52314,49152,0;5,4360,92520,90624,0;5,4367,206504,185088,0;5,4368,75968,73472,0;6,4352,237473,237312,0;6,4356,116456,115968,115968;6,4364,154006,148736,0;7,4342,26697,24576,0;7,4350,26695,24576,0;7,4358,503095,498944,0;7,4369,27980,27648,0|192.94112808778732|4277,0,3,6.779127794045692;4296,0,1,3.843363681687017;4298,2,4,7.724317942770359;4301,0,1,3.843363681687017;4304,0,1,3.843363681687017;4309,0,1,3.843363681687017;4310,0,1,3.843363681687017;4311,2,3,6.779127794045692;4317,2,4,7.724317942770359;4322,2,4,7.724317942770359;4323,0,1,3.843363681687017;4327,0,1,3.843363681687017;4332,0,2,5.393891329582209;4341,0,1,3.843363681687017;4342,0,1,3.843363681687017;4346,0,6,8.234694383286799;4347,0,0,2.051444111073356;4349,2,4,7.724317942770359;4350,0,1,3.843363681687017;4351,1,2,5.393891329582209;4352,0,0,2.051444111073356;4353,0,0,2.051444111073356;4354,0,0,2.051444111073356;4355,0,1,3.843363681687017;4356,0,1,3.843363681687017;4357,0,0,2.051444111073356;4358,0,2,5.393891329582209;4359,3,4,7.724317942770359;4360,0,1,3.843363681687017;4361,0,5,8.032310186477368;4362,0,1,3.843363681687017;4363,1,4,7.724317942770359;4364,0,1,3.843363681687017;4365,0,1,3.843363681687017;4366,1,5,8.032310186477368;4367,0,4,7.724317942770359;4368,0,2,5.393891329582209;4369,0,1,3.843363681687017;4370,0,1,3.843363681687017
1219|0,4296,131930,131840,0;0,4301,6410,6400,0;0,4304,2960,2816,0;0,4309,120327,120320,0;0,4310,10889,10752,0;0,4323,88241,88064,0;0,4327,136344,136192,0;0,4332,61483,61184,0;0,4351,121112,119808,0;1,4277,183084,163840,0;1,4298,11982,0,0;1,4311,44921,42496,0;1,4317,44820,39680,0;1,4322,43916,39680,0;1,4349,266378,263936,0;1,4359,44938,40960,0;1,4371,63378,60928,0;2,4362,217186,217088,0;2,4365,307470,307456,0;2,4370,128557,128512,0;2,4382,79801,0,0;3,4372,44292,44032,0;3,4379,117292,114944,0;3,4380,341201,339456,0;4,4341,39273,39168,0;4,4346,59332,8192,0;4,4361,66897,60928,0;4,4363,32715,30720,0;4,4366,143420,139520,0;4,4374,141887,137728,0;4,4377,100431,100096,0;5,4355,52314,52224,0;5,4360,92520,92416,0;5,4367,206504,188416,0;5,4368,75968,73728,0;5,4373,83734,83200,0;5,4376,186394,184832,0;5,4383,28395,27392,0;6,4356,116456,116224,115968;6,4364,154006,153856,0;6,4375,117501,110080,0;7,4342,26697,26624,0;7,4350,26695,26624,0;7,4358,503095,499712,0;7,4369,27980,27904,0;7,4378,103235,98304,0;7,4381,139389,137216,0|207.14431358963813|4277,0,2,5.454476281751177;4296,0,0,2.0966859573343104;4298,1,3,6.844419269617265;4301,0,0,2.0966859573343104;4304,0,0,2.0966859573343104;4309,0,0,2.0966859573343104;4310,0,0,2.0966859573343104;4311,1,2,5.454476281751177;4317,1,3,6.844419269617265;4322,1,3,6.844419269617265;4323,0,0,2.0966859573343104;4327,0,0,2.0966859573343104;4332,0,1,3.874019714767578;4341,0,0,2.0966859573343104;4342,0,0,2.0966859573343104;4346,0,5,8.670421442038153;4349,1,3,6.844419269617265;4350,0,0,2.0966859573343104;4351,0,1,3.874019714767578;4355,0,0,2.0966859573343104;4356,0,0,2.0966859573343104;4358,0,1,3.874019714767578;4359,2,3,6.844419269617265;4360,0,0,2.0966859573343104;4361,0,4,8.106984075387482;4362,0,0,2.0966859573343104;4363,0,3,6.844419269617265;4364,0,0,2.0966859573343104;4365,0,0,2.0966859573343104;4366,0,4,8.106984075387482;4367,0,3,6.844419269617265;4368,0,1,3.874019714767578;4369,0,0,2.0966859573343104;4370,0,0,2.0966859573343104;4371,2,4,8.106984075387482;4372,0,1,3.874019714767578;4373,0,1,3.874019714767578;4374,3,5,8.670421442038153;4375,0,2,5.454476281751177;4376,0,1,3.874019714767578;4377,3,4,8.106984075387482;4378,0,1,3.874019714767578;4379,0,1,3.874019714767578;4380,0,1,3.874019714767578;4381,0,1,3.874019714767578;4382,0,6,8.872586862209035;4383,0,1,3.874019714767578
1220|0,4332,61483,61440,0;0,4351,121112,121088,0;1,4277,183084,180224,0;1,4298,11982,0,0;1,4311,44921,42496,0;1,4317,44820,39680,0;1,4322,43916,39680,0;1,4349,266378,263936,0;1,4359,44938,40960,0;1,4371,63378,60928,0;2,4382,79801,8192,0;2,4385,72658,69888,0;3,4372,44292,44288,0;3,4379,117292,117248,0;3,4380,341201,340992,0;4,4346,59332,16384,0;4,4361,66897,65536,0;4,4363,32715,32512,0;4,4366,143420,141056,0;4,4374,141887,137728,0;4,4377,100431,100096,0;5,4367,206504,196608,0;5,4368,75968,75776,0;5,4373,83734,83712,0;5,4376,186394,186368,0;5,4383,28395,28160,0;5,4384,64286,63232,0;5,4388,62477,60928,0;6,4375,117501,114688,0;6,4387,2380,0,0;7,4358,503095,503040,0;7,4378,103235,103168,0;7,4381,139389,139264,0;7,4386,57805,56576,0|133.82957359891893|4277,0,1,3.4456049779533413;4298,0,2,4.837894612051315;4311,0,1,3.4456049779533413;4317,0,2,4.837894612051315;4322,0,2,4.837894612051315;4332,0,0,1.8608557654236102;4346,0,4,6.822576345798369;4349,0,2,4.837894612051315;4351,0,0,1.8608557654236102;4358,0,0,1.8608557654236102;4359,1,2,4.837894612051315;4361,2,3,6.100459417821531;4363,2,2,4.837894612051315;4366,2,3,6.100459417821531;4367,0,2,4.837894612051315;4368,0,0,1.8608557654236102;4371,1,3,6.100459417821531;4372,0,0,1.8608557654236102;4373,0,0,1.8608557654236102;4374,2,4,6.822576345798369;4375,0,1,3.4456049779533413;4376,0,0,1.8608557654236102;4377,2,3,6.100459417821531;4378,0,0,1.8608557654236102;4379,0,0,1.8608557654236102;4380,0,0,1.8608557654236102;4381,0,0,1.8608557654236102;4382,0,5,7.037763643411074;4383,0,0,1.8608557654236102;4384,0,1,3.4456049779533413;4385,4,5,7.037763643411074;4386,0,2,4.837894612051315;4387,0,1,3.4456049779533413;4388,0,1,3.4456049779533413
1221|0,4394,70137,69376,0;0,4395,10891,10496,0;1,4277,183084,183040,0;1,4298,11982,8192,0;1,4311,44921,44800,0;1,4317,44820,40960,0;1,4322,43916,40960,0;1,4349,266378,264448,0;1,4359,44938,40960,0;1,4371,63378,60928,0;2,4382,79801,24576,0;2,4385,72658,69888,0;3,4389,84909,0,0;3,4391,53825,44032,0;4,4346,59332,32768,0;4,4361,66897,65536,0;4,4363,32715,32512,0;4,4366,143420,141056,0;4,4374,141887,137728,0;4,4377,100431,100096,0;4,4392,92221,91648,0;5,4367,206504,204800,0;5,4384,64286,64256,0;5,4388,62477,62464,0;5,4393,52868,51456,0;6,4375,117501,117248,0;6,4387,2380,2304,0;6,4397,2961,0,0;7,4386,57805,57344,0;7,4390,56583,54784,0;7,4396,122743,122368,0|128.52415394086213|4277,0,0,1.8514198009102985;4298,0,1,3.4517316700178373;4311,0,0,1.8514198009102985;4317,0,1,3.4517316700178373;4322,0,1,3.4517316700178373;4346,0,3,6.194960473600139;4349,0,1,3.4517316700178373;4359,0,1,3.4517316700178373;4361,1,2,4.90254329180447;4363,1,1,3.4517316700178373;4366,1,2,4.90254329180447;4367,0,1,3.4517316700178373;4371,0,2,4.90254329180447;4374,1,3,6.194960473600139;4375,0,0,1.8514198009102985;4377,1,2,4.90254329180447;4382,0,4,7.423849587045147;4384,0,0,1.8514198009102985;4385,3,4,7.423849587045147;4386,0,1,3.4517316700178373;4387,0,0,1.8514198009102985;4388,0,0,1.8514198009102985;4389,0,6,8.5733153408341;4390,0,1,3.4517316700178373;4391,5,7,8.767739834003617;4392,1,2,4.90254329180447;4393,0,1,3.4517316700178373;4394,0,1,3.4517316700178373;4395,0,1,3.4517316700178373;4396,0,1,3.4517316700178373;4397,0,1,3.4517316700178373
1222|0,4394,70137,69888,0;0,4395,10891,10752,0;1,4298,11982,11776,0;1,4317,44820,44800,0;1,4322,43916,43776,0;1,4349,266378,266240,0;1,4359,44938,44800,0;1,4371,63378,61184,0;2,4382,79801,40960,0;2,4385,72658,69888,0;2,4401,256759,253952,0;2,4404,177968,175104,0;3,4389,84909,16384,0;3,4391,53825,44032,0;3,4400,26191,25600,0;3,4403,117901,117248,0;4,4346,59332,49152,0;4,4361,66897,65536,0;4,4363,32715,32512,0;4,4366,143420,141056,0;4,4374,141887,137728,0;4,4377,100431,100096,0;4,4392,92221,91648,0;5,4367,206504,206336,0;5,4393,52868,52736,0;5,4399,65974,65024,0;6,4397,2961,2816,0;6,4398,43727,43520,0;7,4386,57805,57600,0;7,4390,56583,56576,0;7,4396,122743,122624,0;7,4402,202950,201472,0|107.52721019161098|4298,0,0,1.6231945316321246;4317,0,0,1.6231945316321246;4322,0,0,1.6231945316321246;4346,0,2,4.522197619028399;4349,0,0,1.6231945316321246;4359,0,0,1.6231945316321246;4361,0,1,3.079203116293275;4363,0,0,1.6231945316321246;4366,0,1,3.079203116293275;4367,0,0,1.6231945316321246;4371,0,1,3.079203116293275;4374,0,2,4.522197619028399;4377,0,1,3.079203116293275;4382,0,3,5.754463613636365;4385,2,3,5.754463613636365;4386,0,0,1.6231945316321246;4389,0,5,6.981300428642318;4390,0,0,1.6231945316321246;4391,4,6,7.1757249218118355;4392,0,1,3.079203116293275;4393,0,0,1.6231945316321246;4394,0,0,1.6231945316321246;4395,0,0,1.6231945316321246;4396,0,0,1.6231945316321246;4397,0,0,1.6231945316321246;4398,0,0,1.6231945316321246;4399,0,2,4.522197619028399;4400,4,5,6.981300428642318;4401,2,3,5.754463613636365;4402,0,1,3.079203116293275;4403,4,5,6.981300428642318;4404,2,3,5.754463613636365
1223|0,4407,11286,0,0;0,4410,55651,54016,0;0,4412,42523,38656,0;1,4371,63378,63232,0;2,4382,79801,57344,0;2,4385,72658,69888,0;2,4401,256759,253952,0;2,4404,177968,175104,0;2,4408,150138,144896,0;3,4389,84909,32768,0;3,4391,53825,44032,0;3,4400,26191,25600,0;3,4403,117901,117248,0;4,4346,59332,57344,0;4,4361,66897,66816,0;4,4366,143420,143360,0;4,4374,141887,139264,0;4,4377,100431,100352,0;4,4392,92221,92160,0;4,4406,84324,83456,0;5,4399,65974,65536,0;5,4409,42396,41984,0;7,4402,202950,202752,0;7,4405,360107,358400,0;7,4411,123696,122112,0|91.8948619403816|4346,0,1,3.2161602421510658;4361,0,0,1.6318353462307555;4366,0,0,1.6318353462307555;4371,0,0,1.6318353462307555;4374,0,1,3.2161602421510658;4377,0,0,1.6318353462307555;4382,0,2,4.478841061335233;4385,1,2,4.478841061335233;4389,0,4,5.707074417025528;4391,3,5,5.901498910195046;4392,0,0,1.6318353462307555;4399,0,1,3.2161602421510658;4400,3,4,5.707074417025528;4401,1,2,4.478841061335233;4402,0,0,1.6318353462307555;4403,3,4,5.707074417025528;4404,1,2,4.478841061335233;4405,0,1,3.2161602421510658;4406,0,1,3.2161602421510658;4407,0,2,4.478841061335233;4408,1,3,5.216118577321357;4409,0,1,3.2161602421510658;4410,0,1,3.2161602421510658;4411,0,2,4.478841061335233;4412,0,2,4.478841061335233
1224|0,4407,11286,8192,0;0,4410,55651,55552,0;0,4412,42523,40960,0;2,4382,79801,73728,0;2,4385,72658,69888,0;2,4401,256759,253952,0;2,4404,177968,175104,0;2,4408,150138,144896,0;3,4389,84909,49152,0;3,4391,53825,44032,0;3,4400,26191,25600,0;3,4403,117901,117248,0;4,4346,59332,59136,0;4,4374,141887,141824,0;4,4406,84324,84224,0;5,4399,65974,65792,0;5,4409,42396,42240,0;5,4414,73917,71936,0;5,4419,28459,28160,0;5,4422,123865,121344,0;7,4405,360107,359936,0;7,4411,123696,122880,0;7,4413,28627,28160,0;7,4417,27857,27392,0;7,4420,28237,27904,0|70.48708605604286|4346,0,0,1.6341424783650318;4374,0,0,1.6341424783650318;4382,0,1,2.9139595385693617;4385,0,1,2.9139595385693617;4389,0,3,4.144676905149018;4391,2,4,4.339101398318536;4399,0,0,1.6341424783650318;4400,2,3,4.144676905149018;4401,0,1,2.9139595385693617;4403,2,3,4.144676905149018;4404,0,1,2.9139595385693617;4405,0,0,1.6341424783650318;4406,0,0,1.6341424783650318;4407,0,1,2.9139595385693617;4408,0,2,3.6537210654448473;4409,0,0,1.6341424783650318;4410,0,0,1.6341424783650318;4411,0,1,2.9139595385693617;4412,0,1,2.9139595385693617;4413,0,1,2.9139595385693617;4414,0,1,2.9139595385693617;4417,0,1,2.9139595385693617;4419,0,1,2.9139595385693617;4420,0,1,2.9139595385693617;4422,0,2,3.6537210654448473
1225|0,4407,11286,11264,0;0,4412,42523,42496,0;0,4416,122642,121856,0;0,4423,10889,10496,0;2,4382,79801,79616,0;2,4385,72658,72448,0;2,4401,256759,256512,0;2,4404,177968,177920,0;2,4408,150138,147456,0;2,4418,66390,62720,0;3,4389,84909,65536,0;3,4391,53825,44032,0;3,4400,26191,25600,0;3,4403,117901,117248,0;3,4415,69236,67584,0;5,4414,73917,73728,0;5,4419,28459,28416,0;5,4422,123865,122880,0;7,4411,123696,123648,0;7,4413,28627,28416,0;7,4417,27857,27648,0;7,4420,28237,28160,0;7,4421,37491,36864,0|43.07928154345459|4382,0,0,1.329634642649051;4385,0,0,1.329634642649051;4389,0,2,2.674970378619166;4391,1,3,2.869394871788683;4400,1,2,2.674970378619166;4401,0,0,1.329634642649051;4403,1,2,2.674970378619166;4404,0,0,1.329634642649051;4407,0,0,1.329634642649051;4408,0,1,2.175883813356295;4411,0,0,1.329634642649051;4412,0,0,1.329634642649051;4413,0,0,1.329634642649051;4414,0,0,1.329634642649051;4415,1,2,2.674970378619166;4416,0,1,2.175883813356295;4417,0,0,1.329634642649051;4418,0,2,2.674970378619166;4419,0,0,1.329634642649051;4420,0,0,1.329634642649051;4421,0,1,2.175883813356295;4422,0,1,2.175883813356295;4423,0,1,2.175883813356295
1226|0,4416,122642,122624,0;0,4423,10889,10752,0;1,4431,2959,0,0;1,4432,9607,0,0;1,4433,49469,48384,0;1,4434,98628,89344,0;2,4408,150138,150016,0;2,4418,66390,65536,0;3,4389,84909,81920,0;3,4391,53825,44032,0;3,4400,26191,25600,0;3,4403,117901,117248,0;3,4415,69236,67584,0;4,4426,39533,39168,0;5,4422,123865,123648,0;5,4430,9613,8192,9216;6,4428,267450,262144,0;6,4436,2961,0,0;6,4437,2962,0,0;7,4421,37491,37376,0;7,4424,29849,29440,0;7,4427,26693,23552,0|45.87124703978455|4389,0,1,2.2227345275640378;4391,0,2,2.444060429045021;4400,0,1,2.2227345275640378;4403,0,1,2.2227345275640378;4408,0,0,1.3123683857019348;4415,0,1,2.2227345275640378;4416,0,0,1.3123683857019348;4418,0,1,2.2227345275640378;4421,0,0,1.3123683857019348;4422,0,0,1.3123683857019348;4423,0,0,1.3123683857019348;4424,0,1,2.2227345275640378;4426,0,1,2.2227345275640378;4427,0,2,2.444060429045021;4428,0,1,2.2227345275640378;4430,0,2,2.444060429045021;4431,0,1,2.2227345275640378;4432,0,2,2.444060429045021;4433,0,2,2.444060429045021;4434,0,3,2.6390231628453615;4436,0,1,2.2227345275640378;4437,0,1,2.2227345275640378
1227|1,4431,2959,2816,0;1,4432,9607,8192,0;1,4433,49469,49152,0;1,4434,98628,90112,0;1,4439,39812,35840,0;1,4441,46932,45824,0;2,4418,66390,66304,0;2,4435,24588,16384,23552;3,4389,84909,84736,0;3,4391,53825,49152,0;3,4400,26191,26112,0;3,4403,117901,117760,0;3,4415,69236,69120,0;3,4425,126506,122624,0;3,4429,44606,43264,0;4,4426,39533,39424,0;5,4430,9613,9216,9216;5,4440,64546,64256,0;5,4443,149813,147968,0;6,4428,267450,267264,0;6,4436,2961,2816,0;6,4437,2962,2816,0;6,4442,44947,43520,0;7,4424,29849,29696,0;7,4427,26693,24576,0;7,4438,103862,102144,0|42.71084259152314|4389,0,0,1.3492612665031587;4391,0,1,1.8188150690474292;4400,0,0,1.3492612665031587;4403,0,0,1.3492612665031587;4415,0,0,1.3492612665031587;4418,0,0,1.3492612665031587;4424,0,0,1.3492612665031587;4425,0,2,2.0143959438064125;4426,0,0,1.3492612665031587;4427,0,1,1.8188150690474292;4428,0,0,1.3492612665031587;4429,0,1,1.8188150690474292;4430,0,1,1.8188150690474292;4431,0,0,1.3492612665031587;4432,0,1,1.8188150690474292;4433,0,1,1.8188150690474292;4434,0,2,2.0143959438064125;4435,0,2,2.0143959438064125;4436,0,0,1.3492612665031587;4437,0,0,1.3492612665031587;4438,0,1,1.8188150690474292;4439,0,1,1.8188150690474292;4440,0,1,1.8188150690474292;4441,0,1,1.8188150690474292;4442,0,1,1.8188150690474292;4443,0,1,1.8188150690474292
1228|0,4449,677977,675840,0;1,4432,9607,9472,0;1,4433,49469,49408,0;1,4434,98628,98304,0;1,4439,39812,39680,0;1,4441,46932,46848,0;2,4435,24588,23552,23552;3,4391,53825,53760,0;3,4425,126506,122880,0;3,4429,44606,44544,0;5,4430,9613,9472,9216;5,4440,64546,64512,0;5,4443,149813,149760,0;5,4447,66063,62464,0;6,4442,44947,44800,0;6,4445,238053,237312,0;7,4427,26693,26624,0;7,4438,103862,103680,0;7,4444,34735,33536,0;7,4446,122875,122624,0;7,4448,28624,27648,0|16.238802184798256|4391,0,0,0.6638861624731509;4425,0,1,0.8986924267732357;4427,0,0,0.6638861624731509;4429,0,0,0.6638861624731509;4430,0,0,0.6638861624731509;4432,0,0,0.6638861624731509;4433,0,0,0.6638861624731509;4434,0,1,0.8986924267732357;4435,0,1,0.8986924267732357;4438,0,0,0.6638861624731509;4439,0,0,0.6638861624731509;4440,0,0,0.6638861624731509;4441,0,0,0.6638861624731509;4442,0,0,0.6638861624731509;4443,0,0,0.6638861624731509;4444,0,1,0.8986924267732357;4445,0,2,1.1080637560039406;4446,0,0,0.6638861624731509;4447,0,2,1.1080637560039406;4448,0,1,0.8986924267732357;4449,0,1,0.8986924267732357
1229|0,4449,677977,677888,0;1,4434,98628,98560,0;2,4435,24588,24576,23552;3,4425,126506,126464,0;4,4450,67285,66816,0;4,4453,258003,0,0;5,4447,66063,65536,0;6,4445,238053,237568,0;7,4444,34735,34560,0;7,4448,28624,28416,0;7,4451,26697,23552,0|32.30598391597814|4425,0,0,0.6793266678408034;4434,0,0,0.6793266678408034;4435,0,0,0.6793266678408034;4444,0,0,0.6793266678408034;4445,0,1,1.3628495286972735;4447,0,1,1.3628495286972735;4448,0,0,0.6793266678408034;4449,0,0,0.6793266678408034;4450,0,1,1.3628495286972735;4451,0,2,2.493193137316326;4453,0,18,21.648282185525172
1230|0,4452,71423,69888,0;0,4458,14667,0,0;1,4457,52247,44800,0;2,4460,24519,23552,0;4,4450,67285,67072,0;4,4453,258003,8192,0;4,4456,136185,135680,0;5,4447,66063,66048,0;5,4454,66106,65792,0;5,4459,28847,28416,0;6,4445,238053,237824,0;7,4451,26697,24576,0;7,4455,27658,26624,0|64.42503542737307|4445,0,0,0.9235878653443064;4447,0,0,0.9235878653443064;4450,0,0,0.9235878653443064;4451,0,1,2.170336574119694;4452,0,1,2.170336574119694;4453,0,17,21.3438509377171;4454,0,1,2.170336574119694;4455,0,1,2.170336574119694;4456,0,15,20.623229028565447;4457,0,2,3.3325862101697137;4458,0,2,3.3325862101697137;4459,0,1,2.170336574119694;4460,0,1,2.170336574119694
1231|0,4452,71423,71168,0;0,4458,14667,8192,0;1,4457,52247,49152,0;1,4462,45309,44800,0;2,4460,24519,24320,0;4,4453,258003,16384,0;4,4456,136185,135936,0;5,4454,66106,66048,0;5,4459,28847,28672,0;7,4451,26697,26624,0;7,4455,27658,27648,0;7,4461,27989,27648,0|57.329935199289224|4451,0,0,1.252609600827708;4452,0,0,1.252609600827708;4453,0,16,20.42999306894403;4454,0,0,1.252609600827708;4455,0,0,1.252609600827708;4456,14,14,19.709371159792376;4457,0,1,2.4187283413966423;4458,0,1,2.4187283413966423;4459,0,0,1.252609600827708;4460,0,0,1.252609600827708;4461,0,1,2.4187283413966423;4462,0,1,2.4187283413966423
1232|0,4458,14667,14592,0;1,4457,52247,52224,0;1,4462,45309,45056,0;2,4463,76669,75776,0;3,4464,2960,0,0;4,4453,258003,32768,0;4,4456,136185,135936,0;6,4465,8134,0,0;7,4461,27989,27904,0|50.588778751817856|4453,0,15,19.31459931388031;4456,13,13,18.59397740472866;4457,0,0,1.2979888117461382;4458,0,0,1.2979888117461382;4461,0,0,1.2979888117461382;4462,0,0,1.2979888117461382;4463,0,1,2.4960822620747787;4464,0,1,2.4960822620747787;4465,0,1,2.4960822620747787
1233|0,4470,47185,38400,0;0,4472,90738,88064,0;2,4463,76669,76544,0;2,4469,174111,172032,0;3,4464,2960,2816,0;4,4453,258003,49152,0;4,4456,136185,135936,0;4,4466,92994,92160,0;4,4467,144064,143360,0;6,4465,8134,7936,0;7,4471,28178,27392,0;7,4473,51878,50688,0;7,4474,124020,123648,0|94.074154142428|4453,0,14,18.30172985172356;4456,12,12,17.56333659881458;4463,0,0,1.2977286152180834;4464,0,0,1.2977286152180834;4465,0,0,1.2977286152180834;4466,12,13,18.093501228059367;4467,12,13,18.093501228059367;4469,0,1,2.602076713836714;4470,0,2,3.860296267385011;4471,0,1,2.602076713836714;4472,0,2,3.860296267385011;4473,0,1,2.602076713836714;4474,0,1,2.602076713836714
1234|0,4470,47185,40960,0;0,4472,90738,90112,0;1,4475,205198,201728,0;2,4469,174111,174080,0;3,4468,189092,187136,0;4,4453,258003,65536,0;4,4456,136185,135936,0;4,4466,92994,92160,0;4,4467,144064,143360,0;4,4476,44717,39424,0;6,4478,60439,52736,0;7,4471,28178,28160,0;7,4473,51878,51712,0;7,4474,124020,123904,0|108.97317602905467|4453,0,13,17.464329521952;4456,11,11,16.505406971358042;4466,11,12,17.24594273921351;4467,11,12,17.24594273921351;4468,0,2,4.000463263426272;4469,0,0,1.4069137095342337;4470,0,1,2.7090899534749315;4471,0,0,1.4069137095342337;4472,0,1,2.7090899534749315;4473,0,0,1.4069137095342337;4474,0,0,1.4069137095342337;4475,0,2,4.000463263426272;4476,11,13,17.464329521952;4478,0,2,4.000463263426272
1235|0,4470,47185,47104,0;0,4472,90738,90624,0;0,4477,44064,42496,0;1,4475,205198,204800,0;2,4482,217830,217088,0;3,4468,189092,188416,0;4,4453,258003,81920,0;4,4456,136185,135936,0;4,4466,92994,92160,0;4,4467,144064,143360,0;4,4476,44717,39424,0;5,4483,43936,42240,0;6,4478,60439,57344,0;7,4479,737352,735232,0;7,4480,105798,103168,0;7,4481,52666,50688,0;7,4484,360751,359936,0|111.86724480944763|4453,0,12,16.242459127606253;4456,10,10,15.283536577012297;4466,10,11,16.024072344867765;4467,10,11,16.024072344867765;4468,0,1,2.778054857505413;4470,0,0,1.4751658104356464;4472,0,0,1.4751658104356464;4475,0,1,2.778054857505413;4476,10,12,16.242459127606253;4477,0,1,2.778054857505413;4478,0,1,2.778054857505413;4479,0,1,2.778054857505413;4480,0,1,2.778054857505413;4481,0,1,2.778054857505413;4482,0,1,2.778054857505413;4483,0,1,2.778054857505413;4484,0,2,4.097819949067287
1238|0,4504,143194,139264,0;0,4520,2958,0,0;0,4521,2961,0,0;0,4532,15374,14592,0;1,4495,38326,16384,0;1,4507,2959,2816,0;1,4519,40707,34816,0;1,4526,84291,0,0;1,4530,45953,45056,0;2,4492,86709,86528,0;2,4512,154110,153856,0;3,4500,139937,139776,0;3,4506,2959,2816,0;3,4508,2957,2816,0;3,4524,44872,44288,0;3,4528,91640,85504,0;4,4453,258003,131072,0;4,4456,136185,135936,0;4,4466,92994,92160,0;4,4467,144064,143360,0;4,4476,44717,39424,0;4,4488,120778,119040,0;4,4494,8392,0,7936;4,4498,85800,84224,0;4,4514,101075,100352,0;5,4493,9356,9216,0;5,4510,84378,84224,0;5,4511,9612,9472,0;5,4513,71057,70912,0;5,4515,83331,81920,0;5,4516,94506,93184,0;5,4517,273751,272128,0;5,4525,54471,52736,0;6,4505,2957,2816,0;6,4509,2961,2816,0;6,4522,2957,0,0;6,4523,2963,0,0;6,4527,118465,117248,0;7,4485,123199,123136,0;7,4518,104442,104192,0;7,4529,26701,23552,0;7,4531,141310,139264,0;7,4533,506492,503040,0|256.81824657343225|4453,0,9,14.62129209043788;4456,7,7,13.249918973335237;4466,7,8,14.3726425422849;4467,7,8,14.3726425422849;4476,7,9,14.62129209043788;4485,0,0,1.948772390932538;4488,7,8,14.3726425422849;4492,0,0,1.948772390932538;4493,0,0,1.948772390932538;4494,7,10,14.822717967812046;4495,0,2,5.136563244814134;4498,8,9,14.62129209043788;4500,0,0,1.948772390932538;4504,0,1,3.575977204445274;4505,0,0,1.948772390932538;4506,0,0,1.948772390932538;4507,1,1,3.575977204445274;4508,0,0,1.948772390932538;4509,0,0,1.948772390932538;4510,0,0,1.948772390932538;4511,0,0,1.948772390932538;4512,0,0,1.948772390932538;4513,0,0,1.948772390932538;4514,8,9,14.62129209043788;4515,0,1,3.575977204445274;4516,0,1,3.575977204445274;4517,0,1,3.575977204445274;4518,0,0,1.948772390932538;4519,1,2,5.136563244814134;4520,0,1,3.575977204445274;4521,0,1,3.575977204445274;4522,0,1,3.575977204445274;4523,0,1,3.575977204445274;4524,0,1,3.575977204445274;4525,0,1,3.575977204445274;4526,1,8,14.3726425422849;4527,0,1,3.575977204445274;4528,0,2,5.136563244814134;4529,0,2,5.136563244814134;4530,2,7,13.249918973335237;4531,0,1,3.575977204445274;4532,0,1,3.575977204445274;4533,0,1,3.575977204445274
1241|0,4537,74370,74240,0;0,4538,108043,108032,0;0,4544,123675,123648,0;0,4558,44707,44032,0;1,4526,84291,16384,0;1,4530,45953,45824,0;1,4542,53402,53248,0;1,4549,47896,47872,0;2,4561,199849,196352,0;3,4547,121516,121344,0;3,4552,119441,119296,0;3,4562,75008,74240,0;4,4453,258003,180224,0;4,4456,136185,135936,0;4,4466,92994,92160,0;4,4467,144064,143360,0;4,4476,44717,39424,0;4,4488,120778,119040,0;4,4494,8392,0,7936;4,4498,85800,84224,0;4,4514,101075,100352,0;4,4557,360997,358656,0;5,4550,9612,9472,0;5,4551,53394,53248,0;5,4560,257795,256768,0;5,4563,694768,691456,0;6,4548,213139,212992,0;6,4555,714257,712704,0;6,4556,164648,164608,0;7,4536,26693,26624,0;7,4553,82663,82432,0;7,4554,32341,32256,0;7,4559,126969,123904,0|178.31322880429448|4453,0,6,9.88222388360551;4456,4,4,8.289846419268509;4466,4,5,9.584438241475384;4467,4,5,9.584438241475384;4476,4,6,9.88222388360551;4488,4,5,9.584438241475384;4494,4,7,10.08720077277978;4498,5,6,9.88222388360551;4514,5,6,9.88222388360551;4526,0,5,9.584438241475384;4530,4,4,8.289846419268509;4536,0,0,1.7599853734825406;4537,0,0,1.7599853734825406;4538,0,0,1.7599853734825406;4542,4,4,8.289846419268509;4544,0,0,1.7599853734825406;4547,0,0,1.7599853734825406;4548,0,0,1.7599853734825406;4549,4,4,8.289846419268509;4550,0,0,1.7599853734825406;4551,0,0,1.7599853734825406;4552,0,0,1.7599853734825406;4553,0,0,1.7599853734825406;4554,0,0,1.7599853734825406;4555,0,1,3.470648473608424;4556,0,0,1.7599853734825406;4557,5,7,10.08720077277978;4558,0,1,3.470648473608424;4559,0,1,3.470648473608424;4560,0,1,3.470648473608424;4561,0,2,5.16907775789624;4562,0,1,3.470648473608424;4563,0,1,3.470648473608424
1242|0,4558,44707,44544,0;1,4526,84291,32768,0;1,4530,45953,45824,0;1,4542,53402,53248,0;1,4549,47896,47872,0;1,4567,268880,266240,0;2,4561,199849,196608,0;2,4564,31183,0,0;2,4569,32651,0,0;2,4573,2958,0,0;2,4574,2960,0,0;3,4562,75008,74752,0;3,4572,2960,0,0;3,4575,2960,0,0;4,4453,258003,196608,0;4,4456,136185,135936,0;4,4466,92994,92160,0;4,4467,144064,143360,0;4,4476,44717,39424,0;4,4488,120778,119040,0;4,4494,8392,0,7936;4,4498,85800,84224,0;4,4514,101075,100352,0;4,4557,360997,358656,0;5,4560,257795,257792,0;5,4563,694768,694528,0;5,4566,67586,67072,0;5,4568,47699,44544,0;5,4570,54621,52224,0;6,4555,714257,714240,0;6,4565,45211,45056,0;7,4559,126969,126720,0;7,4571,26693,23552,0|206.6736941054949|4453,0,5,9.125847591754061;4456,3,3,7.436101479375973;4466,3,4,8.826470809008168;4467,3,4,8.826470809008168;4476,3,5,9.125847591754061;4488,3,4,8.826470809008168;4494,3,6,9.330824480928332;4498,4,5,9.125847591754061;4514,4,5,9.125847591754061;4526,0,4,8.826470809008168;4530,3,3,7.436101479375973;4542,3,3,7.436101479375973;4549,3,3,7.436101479375973;4555,0,0,2.0084124422604535;4557,4,6,9.330824480928332;4558,0,0,2.0084124422604535;4559,0,0,2.0084124422604535;4560,0,0,2.0084124422604535;4561,0,1,3.920237721937629;4562,0,0,2.0084124422604535;4563,0,0,2.0084124422604535;4564,0,4,8.826470809008168;4565,0,0,2.0084124422604535;4566,0,1,3.920237721937629;4567,3,4,8.826470809008168;4568,0,1,3.920237721937629;4569,0,5,9.125847591754061;4570,0,1,3.920237721937629;4571,0,2,5.836690697481946;4572,0,1,3.920237721937629;4573,1,3,7.436101479375973;4574,1,4,8.826470809008168;4575,0,1,3.920237721937629
1243|0,4579,2894,2560,0;0,4583,12297,0,0;1,4526,84291,49152,0;1,4530,45953,45824,0;1,4542,53402,53248,0;1,4549,47896,47872,0;1,4567,268880,266240,0;2,4561,199849,199680,0;2,4564,31183,8192,0;2,4569,32651,5120,0;2,4573,2958,0,0;2,4574,2960,0,0;3,4572,2960,2816,0;3,4575,2960,2816,0;3,4576,121754,118528,0;4,4453,258003,212992,0;4,4456,136185,135936,0;4,4466,92994,92160,0;4,4467,144064,143360,0;4,4476,44717,39424,0;4,4488,120778,119040,0;4,4494,8392,0,7936;4,4498,85800,84224,0;4,4514,101075,100352,0;4,4557,360997,358656,0;5,4566,67586,67584,0;5,4568,47699,47616,0;5,4570,54621,54528,0;5,4578,126754,125184,0;5,4580,45607,43776,0;5,4585,94570,94464,0;6,4581,3217,0,0;6,4582,4939,0,0;7,4571,26693,24576,0;7,4577,476106,473344,0;7,4584,123394,123136,0|192.07837713432517|4453,0,4,7.467028202770673;4456,2,2,5.777282090392586;4466,2,3,7.16765142002478;4467,2,3,7.16765142002478;4476,2,4,7.467028202770673;4488,2,3,7.16765142002478;4494,2,5,7.6720050919449445;4498,3,4,7.467028202770673;4514,3,4,7.467028202770673;4526,0,3,7.16765142002478;4530,2,2,5.777282090392586;4542,2,2,5.777282090392586;4549,2,2,5.777282090392586;4557,3,5,7.6720050919449445;4561,0,0,2.1972919320224107;4564,0,3,7.16765142002478;4566,0,0,2.1972919320224107;4567,2,3,7.16765142002478;4568,0,0,2.1972919320224107;4569,0,4,7.467028202770673;4570,0,0,2.1972919320224107;4571,0,1,4.175455979937935;4572,0,0,2.1972919320224107;4573,0,2,5.777282090392586;4574,0,3,7.16765142002478;4575,0,0,2.1972919320224107;4576,0,1,4.175455979937935;4577,0,2,5.777282090392586;4578,0,1,4.175455979937935;4579,0,1,4.175455979937935;4580,0,1,4.175455979937935;4581,0,1,4.175455979937935;4582,0,1,4.175455979937935;4583,0,2,5.777282090392586;4584,0,1,4.175455979937935;4585,0,0,2.1972919320224107
1244|0,4579,2894,2816,0;0,4583,12297,8192,0;0,4590,92021,90624,0;0,4596,678941,677888,0;0,4598,15570,15360,0;1,4526,84291,65536,0;1,4530,45953,45824,0;1,4542,53402,53248,0;1,4549,47896,47872,0;1,4567,268880,266240,0;1,4594,54791,49664,0;2,4564,31183,16384,0;2,4569,32651,8192,0;2,4573,2958,2816,0;2,4574,2960,2048,0;2,4586,77506,76544,0;2,4600,219945,217600,0;3,4576,121754,121600,0;3,4587,2961,0,0;3,4588,128045,126464,0;3,4599,45196,44800,0;4,4453,258003,229376,0;4,4456,136185,135936,0;4,4466,92994,92160,0;4,4467,144064,143360,0;4,4476,44717,39424,0;4,4488,120778,119040,0;4,4494,8392,0,7936;4,4498,85800,84224,0;4,4514,101075,100352,0;4,4557,360997,358656,0;5,4578,126754,126720,0;5,4580,45607,45568,0;5,4591,74201,70912,0;5,4595,152830,150016,0;6,4581,3217,3072,0;6,4582,4939,4864,0;6,4593,118530,118272,0;7,4571,26693,26624,0;7,4577,476106,475136,0;7,4584,123394,123392,0;7,4589,224771,0,0;7,4592,29846,28416,0;7,4597,106441,105728,0|219.41827661856252|4453,0,3,6.81803770679069;4456,1,1,4.016775427980294;4466,1,2,5.638789194377984;4467,1,2,5.638789194377984;4476,1,3,6.81803770679069;4488,1,2,5.638789194377984;4494,1,4,8.013498334517703;4498,2,3,6.81803770679069;4514,2,3,6.81803770679069;4526,0,2,5.638789194377984;4530,1,1,4.016775427980294;4542,1,1,4.016775427980294;4549,1,1,4.016775427980294;4557,2,4,8.013498334517703;4564,0,2,5.638789194377984;4567,1,2,5.638789194377984;4569,0,3,6.81803770679069;4571,0,0,2.238447179723446;4573,1,1,4.016775427980294;4574,1,2,5.638789194377984;4576,0,0,2.238447179723446;4577,0,1,4.016775427980294;4578,0,0,2.238447179723446;4579,0,0,2.238447179723446;4580,0,0,2.238447179723446;4581,0,0,2.238447179723446;4582,0,0,2.238447179723446;4583,0,1,4.016775427980294;4584,0,0,2.238447179723446;4586,1,2,5.638789194377984;4587,0,1,4.016775427980294;4588,0,1,4.016775427980294;4589,0,16,21.68073029980735;4590,0,1,4.016775427980294;4591,0,2,5.638789194377984;4592,0,1,4.016775427980294;4593,0,1,4.016775427980294;4594,1,2,5.638789194377984;4595,0,1,4.016775427980294;4596,0,1,4.016775427980294;4597,0,1,4.016775427980294;4598,0,0,2.238447179723446;4599,0,1,4.016775427980294;4600,2,3,6.81803770679069
1245|0,4583,12297,12288,0;0,4590,92021,91904,0;0,4596,678941,678912,0;1,4526,84291,81920,0;1,4530,45953,45824,0;1,4542,53402,53248,0;1,4549,47896,47872,0;1,4567,268880,266240,0;1,4594,54791,49664,0;1,4602,48975,43776,0;2,4564,31183,24576,0;2,4569,32651,16384,0;2,4573,2958,2816,0;2,4574,2960,2048,0;2,4586,77506,76544,0;2,4600,219945,217600,0;2,4605,67925,66304,0;2,4607,32652,16384,24576;2,4608,88890,86528,0;3,4587,2961,2816,0;3,4588,128045,128000,0;3,4599,45196,45056,0;3,4601,140327,139776,0;4,4453,258003,245760,0;4,4456,136185,135936,0;4,4466,92994,92160,0;4,4467,144064,143360,0;4,4476,44717,39424,0;4,4488,120778,119040,0;4,4494,8392,0,7936;4,4498,85800,84224,0;4,4514,101075,100352,0;4,4557,360997,358656,0;5,4591,74201,73728,0;5,4595,152830,152576,0;5,4604,311299,311296,0;6,4593,118530,118528,0;6,4603,656,0,0;7,4577,476106,475904,0;7,4589,224771,8192,0;7,4592,29846,29696,0;7,4597,106441,106240,0;7,4606,362545,360704,0|176.18670547908124|4453,0,2,4.8121717862841225;4456,0,0,1.8692064162321795;4466,0,1,3.55575867753413;4467,0,1,3.55575867753413;4476,0,2,4.8121717862841225;4488,0,1,3.55575867753413;4494,0,3,6.099140169999899;4498,1,2,4.8121717862841225;4514,1,2,4.8121717862841225;4526,0,1,3.55575867753413;4530,0,0,1.8692064162321795;4542,0,0,1.8692064162321795;4549,0,0,1.8692064162321795;4557,1,3,6.099140169999899;4564,0,1,3.55575867753413;4567,0,1,3.55575867753413;4569,0,2,4.8121717862841225;4573,0,0,1.8692064162321795;4574,0,1,3.55575867753413;4577,0,0,1.8692064162321795;4583,0,0,1.8692064162321795;4586,0,1,3.55575867753413;4587,0,0,1.8692064162321795;4588,0,0,1.8692064162321795;4589,0,15,19.77268634910702;4590,0,0,1.8692064162321795;4591,0,1,3.55575867753413;4592,0,0,1.8692064162321795;4593,0,0,1.8692064162321795;4594,0,1,3.55575867753413;4595,0,0,1.8692064162321795;4596,0,0,1.8692064162321795;4597,0,0,1.8692064162321795;4599,0,0,1.8692064162321795;4600,1,2,4.8121717862841225;4601,0,1,3.55575867753413;4602,0,1,3.55575867753413;4603,0,1,3.55575867753413;4604,0,0,1.8692064162321795;4605,1,2,4.8121717862841225;4606,0,13,19.104913947621398;4607,1,4,7.325110284473537;4608,2,3,6.099140169999899
1246|0,4621,337818,336128,337408;1,4526,84291,84224,0;1,4567,268880,268800,0;1,4594,54791,54784,0;1,4602,48975,48896,0;1,4619,288747,287744,0;2,4564,31183,30976,0;2,4569,32651,24576,0;2,4574,2960,2816,0;2,4586,77506,77312,0;2,4600,219945,217600,0;2,4605,67925,66304,0;2,4607,32652,16384,24576;2,4608,88890,86528,0;2,4609,156545,153856,0;3,4601,140327,140288,0;3,4614,561669,559872,0;4,4453,258003,253952,0;4,4466,92994,92928,0;4,4467,144064,143872,0;4,4476,44717,40960,0;4,4488,120778,120576,0;4,4494,8392,3584,7936;4,4498,85800,84224,0;4,4514,101075,100352,0;4,4557,360997,358656,0;5,4591,74201,73984,0;5,4612,9613,9216,0;5,4615,190048,188416,0;5,4617,55755,54272,0;6,4603,656,512,0;6,4618,2963,0,0;7,4589,224771,16384,0;7,4606,362545,362496,0;7,4610,142274,141056,0;7,4611,27657,26624,0;7,4613,26695,23552,0;7,4616,28174,27648,0;7,4620,38900,37376,0|220.1723375156269|4453,0,1,3.0872326015663782;4466,0,0,1.7979092102960335;4467,0,0,1.7979092102960335;4476,0,1,3.0872326015663782;4488,0,0,1.7979092102960335;4494,0,2,4.384755169798247;4498,0,1,3.0872326015663782;4514,0,1,3.0872326015663782;4526,0,0,1.7979092102960335;4557,0,2,4.384755169798247;4564,0,0,1.7979092102960335;4567,0,0,1.7979092102960335;4569,0,1,3.0872326015663782;4574,0,0,1.7979092102960335;4586,0,0,1.7979092102960335;4589,0,14,18.499717027851883;4591,0,0,1.7979092102960335;4594,0,0,1.7979092102960335;4600,0,1,3.0872326015663782;4601,0,0,1.7979092102960335;4602,0,0,1.7979092102960335;4603,0,0,1.7979092102960335;4605,0,1,3.0872326015663782;4606,12,12,17.68295168719346;4607,0,3,5.6122019543397546;4608,1,2,4.384755169798247;4609,1,3,5.6122019543397546;4610,12,13,18.304920907661458;4611,12,13,18.304920907661458;4612,0,1,3.0872326015663782;4613,12,14,18.499717027851883;4614,0,1,3.0872326015663782;4615,0,1,3.0872326015663782;4616,12,13,18.304920907661458;4617,0,1,3.0872326015663782;4618,0,1,3.0872326015663782;4619,0,1,3.0872326015663782;4620,12,13,18.304920907661458;4621,0,2,4.384755169798247
1247|0,4621,337818,337408,337408;0,4628,76933,74240,0;0,4629,124883,122880,0;1,4619,288747,288512,0;1,4630,106248,98560,0;2,4569,32651,32512,0;2,4600,219945,219904,0;2,4605,67925,67840,0;2,4607,32652,20224,24576;2,4608,88890,86528,0;2,4609,156545,153856,0;3,4614,561669,561664,0;3,4626,125229,121344,0;4,4453,258003,257792,0;4,4476,44717,44544,0;4,4494,8392,7936,7936;4,4498,85800,85760,0;4,4514,101075,100864,0;4,4557,360997,360448,0;4,4625,142211,141824,0;5,4612,9613,9472,0;5,4615,190048,189952,0;5,4617,55755,55552,0;6,4618,2963,2816,0;6,4624,213399,212992,0;7,4589,224771,32768,0;7,4606,362545,362496,0;7,4610,142274,141056,0;7,4611,27657,26624,0;7,4613,26695,23552,0;7,4616,28174,27648,0;7,4620,38900,37376,0;7,4622,28175,27392,0;7,4623,31451,29696,0;7,4627,28633,27904,0|224.8702296026263|4453,0,0,1.4597414291748536;4476,0,0,1.4597414291748536;4494,0,1,2.790895444378825;4498,0,0,1.4597414291748536;4514,0,0,1.4597414291748536;4557,0,1,2.790895444378825;4569,0,0,1.4597414291748536;4589,0,13,17.092499726977493;4600,0,0,1.4597414291748536;4605,0,0,1.4597414291748536;4606,11,11,16.25003528332165;4607,0,2,4.018857346385869;4608,0,1,2.790895444378825;4609,0,2,4.018857346385869;4610,11,12,16.89770360678707;4611,11,12,16.89770360678707;4612,0,0,1.4597414291748536;4613,11,13,17.092499726977493;4614,0,0,1.4597414291748536;4615,0,0,1.4597414291748536;4616,11,12,16.89770360678707;4617,0,0,1.4597414291748536;4618,0,0,1.4597414291748536;4619,0,0,1.4597414291748536;4620,11,12,16.89770360678707;4621,0,1,2.790895444378825;4622,11,12,16.89770360678707;4623,11,12,16.89770360678707;4624,0,1,2.790895444378825;4625,0,1,2.790895444378825;4626,0,2,4.018857346385869;4627,11,12,16.89770360678707;4628,0,1,2.790895444378825;4629,0,1,2.790895444378825;4630,0,1,2.790895444378825
1248|0,4621,337818,337664,337408;0,4628,76933,76800,0;0,4629,124883,124672,0;0,4631,46119,44544,0;0,4632,62575,61440,0;1,4630,106248,106240,0;1,4640,38715,38144,0;2,4607,32652,24576,24576;2,4608,88890,88832,0;2,4609,156545,155648,0;3,4626,125229,122880,0;3,4635,76931,74752,0;3,4641,32377,0,0;4,4494,8392,8192,7936;4,4557,360997,360960,0;4,4625,142211,142080,0;4,4637,67930,67072,0;5,4633,72514,67584,0;5,4636,83975,83200,0;6,4624,213399,213248,0;6,4634,46238,45056,0;6,4638,6789,0,0;6,4639,3021,0,0;7,4589,224771,49152,0;7,4606,362545,362496,0;7,4610,142274,141056,0;7,4611,27657,26624,0;7,4613,26695,23552,0;7,4616,28174,27648,0;7,4620,38900,37376,0;7,4622,28175,27392,0;7,4623,31451,29696,0;7,4627,28633,27904,0|221.74237053696626|4494,0,0,1.6769466462908613;4557,0,0,1.6769466462908613;4589,0,12,16.266833556713028;4606,10,10,15.424369113057187;4607,0,1,3.0101184288699256;4608,0,0,1.6769466462908613;4609,0,1,3.0101184288699256;4610,10,11,16.072037436522603;4611,10,11,16.072037436522603;4613,10,12,16.266833556713028;4616,10,11,16.072037436522603;4620,10,11,16.072037436522603;4621,0,0,1.6769466462908613;4622,10,11,16.072037436522603;4623,10,11,16.072037436522603;4624,0,0,1.6769466462908613;4625,0,0,1.6769466462908613;4626,0,1,3.0101184288699256;4627,10,11,16.072037436522603;4628,0,0,1.6769466462908613;4629,0,0,1.6769466462908613;4630,0,0,1.6769466462908613;4631,0,1,3.0101184288699256;4632,0,1,3.0101184288699256;4633,0,1,3.0101184288699256;4634,0,1,3.0101184288699256;4635,0,1,3.0101184288699256;4636,0,1,3.0101184288699256;4637,0,1,3.0101184288699256;4638,0,1,3.0101184288699256;4639,0,1,3.0101184288699256;4640,0,1,3.0101184288699256;4641,0,4,7.056012862898003
1249|0,4631,46119,46080,0;0,4632,62575,62464,0;0,4647,17750,15360,0;1,4640,38715,38656,0;1,4642,1356,0,0;1,4643,3020,0,0;1,4644,3662,0,0;2,4607,32652,32512,24576;2,4609,156545,156416,0;3,4626,125229,125184,0;3,4635,76931,76800,0;3,4641,32377,8192,0;4,4637,67930,67840,0;4,4645,223427,222208,0;5,4633,72514,72448,0;5,4636,83975,83968,0;6,4634,46238,46080,0;6,4638,6789,6656,0;6,4639,3021,2816,0;6,4648,239403,238592,0;7,4589,224771,65536,0;7,4606,362545,362496,0;7,4610,142274,141056,0;7,4611,27657,26624,0;7,4613,26695,23552,0;7,4616,28174,27648,0;7,4620,38900,37376,0;7,4622,28175,27392,0;7,4623,31451,29696,0;7,4627,28633,27904,0;7,4646,206734,204800,0|204.03654064681572|4589,0,11,14.882887425737335;4606,9,9,13.90989663099273;4607,0,0,1.453320069651628;4609,0,0,1.453320069651628;4610,9,10,14.677043397244201;4611,9,10,14.677043397244201;4613,9,11,14.882887425737335;4616,9,10,14.677043397244201;4620,9,10,14.677043397244201;4622,9,10,14.677043397244201;4623,9,10,14.677043397244201;4626,0,0,1.453320069651628;4627,9,10,14.677043397244201;4631,0,0,1.453320069651628;4632,0,0,1.453320069651628;4633,0,0,1.453320069651628;4634,0,0,1.453320069651628;4635,0,0,1.453320069651628;4636,0,0,1.453320069651628;4637,0,0,1.453320069651628;4638,0,0,1.453320069651628;4639,0,0,1.453320069651628;4640,0,0,1.453320069651628;4641,0,3,5.521673625177073;4642,0,1,2.8245563951385124;4643,0,1,2.8245563951385124;4644,0,1,2.8245563951385124;4645,0,1,2.8245563951385124;4646,9,11,14.882887425737335;4647,0,2,4.201061451560761;4648,0,1,2.8245563951385124
1250|0,4647,17750,16384,0;1,4642,1356,1280,0;1,4643,3020,2816,0;1,4644,3662,3584,0;1,4651,49412,45824,0;3,4641,32377,16384,0;3,4649,68554,0,0;4,4645,223427,223232,0;6,4648,239403,239360,0;7,4589,224771,81920,0;7,4606,362545,362496,0;7,4610,142274,141056,0;7,4611,27657,26624,0;7,4613,26695,23552,0;7,4616,28174,27648,0;7,4620,38900,37376,0;7,4622,28175,27392,0;7,4623,31451,29696,0;7,4627,28633,27904,0;7,4646,206734,204800,0;7,4650,123846,123392,0;7,4652,27660,26624,0|215.12051618290658|4589,0,10,14.345012849969313;4606,8,8,13.28238998797876;4610,8,9,14.12501668979307;4611,8,9,14.12501668979307;4613,8,10,14.345012849969313;4616,8,9,14.12501668979307;4620,8,9,14.12501668979307;4622,8,9,14.12501668979307;4623,8,9,14.12501668979307;4627,8,9,14.12501668979307;4641,0,2,4.390748406622212;4642,0,0,1.5031063966640883;4643,0,0,1.5031063966640883;4644,0,0,1.5031063966640883;4645,0,0,1.5031063966640883;4646,8,10,14.345012849969313;4647,0,1,2.9763161719496196;4648,0,0,1.5031063966640883;4649,0,7,11.964600148015283;4650,9,10,14.345012849969313;4651,0,2,4.390748406622212;4652,9,10,14.345012849969313
1251|0,4647,17750,17664,0;1,4651,49412,49152,0;2,4653,2956,0,0;2,4657,336,0,0;3,4641,32377,24576,0;3,4649,68554,8192,0;4,4656,93318,92928,0;5,4655,275544,273664,0;7,4589,224771,98304,0;7,4606,362545,362496,0;7,4610,142274,141056,0;7,4611,27657,26624,0;7,4613,26695,23552,0;7,4616,28174,27648,0;7,4620,38900,37376,0;7,4622,28175,27392,0;7,4623,31451,29696,0;7,4627,28633,27904,0;7,4646,206734,204800,0;7,4650,123846,123392,0;7,4652,27660,26624,0|194.9347227914572|4589,0,9,12.905574972045468;4606,7,7,11.842952110054915;4610,7,8,12.685578811869224;4611,7,8,12.685578811869224;4613,7,9,12.905574972045468;4616,7,8,12.685578811869224;4620,7,8,12.685578811869224;4622,7,8,12.685578811869224;4623,7,8,12.685578811869224;4627,7,8,12.685578811869224;4641,0,1,2.9513105286983676;4646,7,9,12.905574972045468;4647,0,0,1.5318186958087332;4649,0,6,10.525162270091437;4650,8,9,12.905574972045468;4651,0,1,2.9513105286983676;4652,8,9,12.905574972045468;4653,0,1,2.9513105286983676;4655,0,1,2.9513105286983676;4656,0,1,2.9513105286983676;4657,0,1,2.9513105286983676
1252|0,4661,111118,108032,0;1,4651,49412,49408,0;2,4653,2956,2816,0;2,4657,336,256,0;2,4664,68185,67840,0;3,4641,32377,32256,0;3,4649,68554,16384,0;3,4654,45776,45056,0;4,4656,93318,93184,0;4,4658,44913,44544,0;4,4669,137087,135936,0;4,4670,121102,120576,0;5,4655,275544,275456,0;6,4662,2957,0,0;6,4667,273598,267264,0;7,4589,224771,114688,0;7,4606,362545,362496,0;7,4610,142274,141056,0;7,4611,27657,26624,0;7,4613,26695,23552,0;7,4616,28174,27648,0;7,4620,38900,37376,0;7,4622,28175,27392,0;7,4623,31451,29696,0;7,4627,28633,27904,0;7,4646,206734,204800,0;7,4650,123846,123392,0;7,4652,27660,26624,0|195.73944775159143|4589,0,8,11.551048260819421;4606,6,6,10.488425398828868;4610,6,7,11.331052100643177;4611,6,7,11.331052100643177;4613,6,8,11.551048260819421;4616,6,7,11.331052100643177;4620,6,7,11.331052100643177;4622,6,7,11.331052100643177;4623,6,7,11.331052100643177;4627,6,7,11.331052100643177;4641,0,0,1.551361904066838;4646,6,8,11.551048260819421;4649,0,5,9.17063555886539;4650,7,8,11.551048260819421;4651,0,0,1.551361904066838;4652,7,8,11.551048260819421;4653,0,0,1.551361904066838;4654,0,3,6.2130555279855635;4655,0,0,1.551361904066838;4656,0,0,1.551361904066838;4657,0,0,1.551361904066838;4658,0,1,3.1306233663882534;4661,0,1,3.1306233663882534;4662,0,1,3.1306233663882534;4664,0,1,3.1306233663882534;4667,0,2,4.70281363458175;4669,0,1,3.1306233663882534;4670,0,1,3.1306233663882534
1253|0,4661,111118,111104,0;1,4666,54987,54784,0;1,4674,185455,183040,0;2,4664,68185,68096,0;3,4649,68554,24576,0;3,4654,45776,45568,0;3,4672,142311,140288,0;4,4658,44913,44800,0;4,4669,137087,136960,0;4,4670,121102,121088,0;4,4671,478779,476416,0;4,4673,144772,143872,0;5,4659,128106,126720,0;5,4663,77467,73984,0;5,4668,9616,9216,0;6,4662,2957,2816,0;6,4667,273598,270336,0;6,4675,46099,43520,0;7,4589,224771,131072,0;7,4606,362545,362496,0;7,4610,142274,141056,0;7,4611,27657,26624,0;7,4613,26695,23552,0;7,4616,28174,27648,0;7,4620,38900,37376,0;7,4622,28175,27392,0;7,4623,31451,29696,0;7,4627,28633,27904,0;7,4646,206734,204800,0;7,4650,123846,123392,0;7,4652,27660,26624,0;7,4660,738060,737280,0;7,4665,28497,27904,0|209.58250023141466|4589,0,7,10.323184192567473;4606,5,5,9.117377501809193;4610,5,6,10.096901994421472;4611,5,6,10.096901994421472;4613,5,7,10.323184192567473;4616,5,6,10.096901994421472;4620,5,6,10.096901994421472;4622,5,6,10.096901994421472;4623,5,6,10.096901994421472;4627,5,6,10.096901994421472;4646,5,7,10.323184192567473;4649,0,4,7.799587661845715;4650,6,7,10.323184192567473;4652,6,7,10.323184192567473;4654,2,2,4.83936336130947;4658,0,0,1.728107515751726;4659,0,1,3.3086083457225355;4660,6,7,10.323184192567473;4661,0,0,1.728107515751726;4662,0,0,1.728107515751726;4663,0,1,3.3086083457225355;4664,0,0,1.728107515751726;4665,6,7,10.323184192567473;4666,0,0,1.728107515751726;4667,0,1,3.3086083457225355;4668,0,1,3.3086083457225355;4669,0,0,1.728107515751726;4670,0,0,1.728107515751726;4671,0,1,3.3086083457225355;4672,2,3,6.319949021485311;4673,0,1,3.3086083457225355;4674,0,1,3.3086083457225355;4675,0,1,3.3086083457225355
1254|1,4674,185455,185344,0;3,4649,68554,40960,0;3,4654,45776,45568,0;3,4672,142311,140288,0;4,4671,478779,478720,0;4,4673,144772,144640,0;5,4659,128106,128000,0;5,4663,77467,77312,0;5,4668,9616,9472,0;5,4676,85981,84224,0;5,4678,314502,311296,0;6,4667,273598,273408,0;6,4675,46099,46080,0;6,4680,47138,46080,0;7,4589,224771,147456,0;7,4606,362545,362496,0;7,4610,142274,141056,0;7,4611,27657,26624,0;7,4613,26695,23552,0;7,4616,28174,27648,0;7,4620,38900,37376,0;7,4622,28175,27392,0;7,4623,31451,29696,0;7,4627,28633,27904,0;7,4646,206734,204800,0;7,4650,123846,123392,0;7,4652,27660,26624,0;7,4660,738060,737280,0;7,4665,28497,27904,0;7,4677,28560,27904,0;7,4679,52649,51712,0|182.54226119602413|4589,0,6,8.757139672257434;4606,4,4,7.458192702946176;4610,4,5,8.512594995285655;4611,4,5,8.512594995285655;4613,4,6,8.757139672257434;4616,4,5,8.512594995285655;4620,4,5,8.512594995285655;4622,4,5,8.512594995285655;4623,4,5,8.512594995285655;4627,4,5,8.512594995285655;4646,4,6,8.757139672257434;4649,0,3,6.1404028629826986;4650,5,6,8.757139672257434;4652,5,6,8.757139672257434;4654,1,1,3.180178562446454;4659,0,0,1.6449706425463313;4660,5,6,8.757139672257434;4663,0,0,1.6449706425463313;4665,5,6,8.757139672257434;4667,0,0,1.6449706425463313;4668,0,0,1.6449706425463313;4671,0,0,1.6449706425463313;4672,1,2,4.660764222622294;4673,0,0,1.6449706425463313;4674,0,0,1.6449706425463313;4675,0,0,1.6449706425463313;4676,0,1,3.180178562446454;4677,5,6,8.757139672257434;4678,0,1,3.180178562446454;4679,5,6,8.757139672257434;4680,0,1,3.180178562446454
1255|0,4685,8142,0,0;0,4688,2959,0,0;0,4691,57765,46080,0;1,4684,89667,84224,0;1,4690,39934,38656,0;2,4683,89726,88832,0;2,4687,654,0,0;2,4689,2954,0,0;3,4649,68554,57344,0;3,4654,45776,45568,0;3,4672,142311,140288,0;4,4681,86252,85760,0;5,4676,85981,85760,0;5,4678,314502,314368,0;6,4680,47138,47104,0;7,4589,224771,163840,0;7,4606,362545,362496,0;7,4610,142274,141056,0;7,4611,27657,26624,0;7,4613,26695,23552,0;7,4616,28174,27648,0;7,4620,38900,37376,0;7,4622,28175,27392,0;7,4623,31451,29696,0;7,4627,28633,27904,0;7,4646,206734,204800,0;7,4650,123846,123392,0;7,4652,27660,26624,0;7,4660,738060,737280,0;7,4665,28497,27904,0;7,4677,28560,27904,0;7,4679,52649,51712,0|173.62594704187498|4589,0,5,7.507103867010121;4606,3,3,6.208156897698864;4610,3,4,7.262559190038342;4611,3,4,7.262559190038342;4613,3,5,7.507103867010121;4616,3,4,7.262559190038342;4620,3,4,7.262559190038342;4622,3,4,7.262559190038342;4623,3,4,7.262559190038342;4627,3,4,7.262559190038342;4646,3,5,7.507103867010121;4649,0,2,4.888478293695088;4650,4,5,7.507103867010121;4652,4,5,7.507103867010121;4654,0,0,1.8165307384114906;4660,4,5,7.507103867010121;4665,4,5,7.507103867010121;4672,0,1,3.405909207308524;4676,0,0,1.8165307384114906;4677,4,5,7.507103867010121;4678,0,0,1.8165307384114906;4679,4,5,7.507103867010121;4680,0,0,1.8165307384114906;4681,0,1,3.405909207308524;4683,0,1,3.405909207308524;4684,0,1,3.405909207308524;4685,0,1,3.405909207308524;4687,0,1,3.405909207308524;4688,0,1,3.405909207308524;4689,0,1,3.405909207308524;4690,0,1,3.405909207308524;4691,0,3,6.208156897698864
1256|0,4685,8142,7936,0;0,4688,2959,2816,0;0,4691,57765,49152,0;0,4696,11663,0,0;0,4697,12290,0,0;0,4700,92345,91904,0;1,4684,89667,89600,0;1,4690,39934,39680,0;1,4694,45505,39680,0;2,4683,89726,89600,0;2,4687,654,512,0;2,4689,2954,2816,0;2,4693,200492,199680,0;3,4649,68554,65536,0;3,4672,142311,142080,0;3,4702,93881,91392,0;4,4681,86252,86016,0;4,4695,2960,0,0;4,4699,73068,69632,0;4,4701,143815,142080,0;5,4682,73158,72448,0;6,4692,43845,0,0;7,4589,224771,180224,0;7,4606,362545,362496,0;7,4610,142274,141056,0;7,4611,27657,26624,0;7,4613,26695,23552,0;7,4616,28174,27648,0;7,4620,38900,37376,0;7,4622,28175,27392,0;7,4623,31451,29696,0;7,4627,28633,27904,0;7,4646,206734,204800,0;7,4650,123846,123392,0;7,4652,27660,26624,0;7,4660,738060,737280,0;7,4665,28497,27904,0;7,4677,28560,27904,0;7,4679,52649,51712,0;7,4686,29136,28160,0;7,4698,53821,52480,0|207.06439883189532|4589,0,4,6.81304557662251;4606,2,2,5.343746388474448;4610,2,3,6.552232330181693;4611,2,3,6.552232330181693;4613,2,4,6.81304557662251;4616,2,3,6.552232330181693;4620,2,3,6.552232330181693;4622,2,3,6.552232330181693;4623,2,3,6.552232330181693;4627,2,3,6.552232330181693;4646,2,4,6.81304557662251;4649,0,1,3.8409835901644045;4650,3,4,6.81304557662251;4652,3,4,6.81304557662251;4660,3,4,6.81304557662251;4665,3,4,6.81304557662251;4672,0,0,2.008432250637925;4677,3,4,6.81304557662251;4679,3,4,6.81304557662251;4681,0,0,2.008432250637925;4682,0,1,3.8409835901644045;4683,0,0,2.008432250637925;4684,0,0,2.008432250637925;4685,0,0,2.008432250637925;4686,3,4,6.81304557662251;4687,0,0,2.008432250637925;4688,0,0,2.008432250637925;4689,0,0,2.008432250637925;4690,0,0,2.008432250637925;4691,0,2,5.343746388474448;4692,0,4,6.81304557662251;4693,0,1,3.8409835901644045;4694,0,2,5.343746388474448;4695,0,1,3.8409835901644045;4696,0,3,6.552232330181693;4697,1,3,6.552232330181693;4698,3,4,6.81304557662251;4699,0,1,3.8409835901644045;4700,1,2,5.343746388474448;4701,0,1,3.8409835901644045;4702,0,1,3.8409835901644045
1257|0,4691,57765,57344,0;0,4696,11663,7680,0;0,4697,12290,0,0;0,4700,92345,91904,0;0,4704,147677,143104,0;0,4705,57317,55552,0;1,4694,45505,40960,0;2,4693,200492,200448,0;3,4649,68554,68352,0;3,4702,93881,93696,0;4,4695,2960,2816,0;4,4699,73068,72960,0;4,4701,143815,143616,0;4,4703,71132,67840,0;5,4682,73158,72960,0;5,4708,9613,9216,0;5,4710,57293,55552,0;6,4692,43845,16384,0;6,4707,10058,0,0;6,4709,32072,0,0;7,4589,224771,196608,0;7,4606,362545,362496,0;7,4610,142274,141056,0;7,4611,27657,26624,0;7,4613,26695,23552,0;7,4616,28174,27648,0;7,4620,38900,37376,0;7,4622,28175,27392,0;7,4623,31451,29696,0;7,4627,28633,27904,0;7,4646,206734,204800,0;7,4650,123846,123392,0;7,4652,27660,26624,0;7,4660,738060,737280,0;7,4665,28497,27904,0;7,4677,28560,27904,0;7,4679,52649,51712,0;7,4686,29136,28160,0;7,4698,53821,52480,0;7,4706,27856,26624,0|176.19322545712666|4589,0,3,5.620618146360741;4606,1,1,3.5724920288621345;4610,1,2,4.953333406979744;4611,1,2,4.953333406979744;4613,1,3,5.620618146360741;4616,1,2,4.953333406979744;4620,1,2,4.953333406979744;4622,1,2,4.953333406979744;4623,1,2,4.953333406979744;4627,1,2,4.953333406979744;4646,1,3,5.620618146360741;4649,0,0,1.955630072625203;4650,2,3,5.620618146360741;4652,2,3,5.620618146360741;4660,2,3,5.620618146360741;4665,2,3,5.620618146360741;4677,2,3,5.620618146360741;4679,2,3,5.620618146360741;4682,0,0,1.955630072625203;4686,2,3,5.620618146360741;4691,0,1,3.5724920288621345;4692,0,3,5.620618146360741;4693,0,0,1.955630072625203;4694,0,1,3.5724920288621345;4695,0,0,1.955630072625203;4696,0,2,4.953333406979744;4697,0,2,4.953333406979744;4698,2,3,5.620618146360741;4699,0,0,1.955630072625203;4700,0,1,3.5724920288621345;4701,0,0,1.955630072625203;4702,0,0,1.955630072625203;4703,0,1,3.5724920288621345;4704,0,1,3.5724920288621345;4705,0,1,3.5724920288621345;4706,2,3,5.620618146360741;4707,1,3,5.620618146360741;4708,0,1,3.5724920288621345;4709,2,6,7.0827319771230215;4710,0,1,3.5724920288621345
1258|0,4691,57765,57600,0;0,4696,11663,8192,0;0,4697,12290,8192,0;0,4700,92345,92160,0;0,4704,147677,147456,0;0,4705,57317,57088,0;1,4694,45505,45312,0;1,4714,272530,268800,0;2,4712,161030,156416,0;2,4713,68317,68096,0;3,4717,54147,44544,0;4,4703,71132,70912,0;4,4711,46452,44800,0;5,4708,9613,9472,0;5,4710,57293,57088,0;5,4715,84619,83968,0;5,4719,47404,45568,0;6,4692,43845,32768,0;6,4707,10058,0,0;6,4709,32072,0,0;6,4716,63126,60416,0;6,4718,240303,239360,0;7,4589,224771,212992,0;7,4606,362545,362496,0;7,4610,142274,141056,0;7,4611,27657,26624,0;7,4613,26695,23552,0;7,4616,28174,27648,0;7,4620,38900,37376,0;7,4622,28175,27392,0;7,4623,31451,29696,0;7,4627,28633,27904,0;7,4646,206734,204800,0;7,4650,123846,123392,0;7,4652,27660,26624,0;7,4660,738060,737280,0;7,4665,28497,27904,0;7,4677,28560,27904,0;7,4679,52649,51712,0;7,4686,29136,28160,0;7,4698,53821,52480,0;7,4706,27856,26624,0|139.25259788559396|4589,0,2,4.029589325831565;4606,0,0,1.786427178836577;4610,0,1,3.3356934673589373;4611,0,1,3.3356934673589373;4613,0,2,4.029589325831565;4616,0,1,3.3356934673589373;4620,0,1,3.3356934673589373;4622,0,1,3.3356934673589373;4623,0,1,3.3356934673589373;4627,0,1,3.3356934673589373;4646,0,2,4.029589325831565;4650,1,2,4.029589325831565;4652,1,2,4.029589325831565;4660,1,2,4.029589325831565;4665,1,2,4.029589325831565;4677,1,2,4.029589325831565;4679,1,2,4.029589325831565;4686,1,2,4.029589325831565;4691,0,0,1.786427178836577;4692,0,2,4.029589325831565;4694,0,0,1.786427178836577;4696,0,1,3.3356934673589373;4697,0,1,3.3356934673589373;4698,1,2,4.029589325831565;4700,0,0,1.786427178836577;4703,0,0,1.786427178836577;4704,0,0,1.786427178836577;4705,0,0,1.786427178836577;4706,1,2,4.029589325831565;4707,0,2,4.029589325831565;4708,0,0,1.786427178836577;4709,1,5,5.491703156593846;4710,0,0,1.786427178836577;4711,0,1,3.3356934673589373;4712,0,1,3.3356934673589373;4713,0,0,1.786427178836577;4714,0,2,4.029589325831565;4715,0,1,3.3356934673589373;4716,1,2,4.029589325831565;4717,0,2,4.029589325831565;4718,1,2,4.029589325831565;4719,0,1,3.3356934673589373
1259|0,4696,11663,11520,0;0,4697,12290,12288,0;0,4722,680735,678912,0;1,4714,272530,270336,0;1,4721,55184,54784,0;2,4712,161030,161024,0;3,4717,54147,49152,0;3,4725,81346,76800,0;4,4711,46452,46336,0;4,4720,94473,93184,0;5,4715,84619,84480,0;5,4719,47404,47360,0;5,4723,191331,189952,0;5,4724,155008,152576,0;6,4692,43845,40960,0;6,4707,10058,8192,0;6,4709,32072,0,0;6,4716,63126,60416,0;6,4718,240303,239360,0;7,4589,224771,221184,0;7,4610,142274,142080,0;7,4611,27657,27648,0;7,4613,26695,24576,0;7,4616,28174,28160,0;7,4620,38900,38656,0;7,4622,28175,28160,0;7,4623,31451,31232,0;7,4627,28633,28416,0;7,4646,206734,205056,0;7,4650,123846,123392,0;7,4652,27660,26624,0;7,4660,738060,737280,0;7,4665,28497,27904,0;7,4677,28560,27904,0;7,4679,52649,51712,0;7,4686,29136,28160,0;7,4698,53821,52480,0;7,4706,27856,26624,0|84.26556770052277|4589,0,1,2.4179294636649886;4610,0,0,1.6694145755949237;4611,0,0,1.6694145755949237;4613,0,1,2.4179294636649886;4616,0,0,1.6694145755949237;4620,0,0,1.6694145755949237;4622,0,0,1.6694145755949237;4623,0,0,1.6694145755949237;4627,0,0,1.6694145755949237;4646,0,1,2.4179294636649886;4650,0,1,2.4179294636649886;4652,0,1,2.4179294636649886;4660,0,1,2.4179294636649886;4665,0,1,2.4179294636649886;4677,0,1,2.4179294636649886;4679,0,1,2.4179294636649886;4686,0,1,2.4179294636649886;4692,0,1,2.4179294636649886;4696,0,0,1.6694145755949237;4697,0,0,1.6694145755949237;4698,0,1,2.4179294636649886;4706,0,1,2.4179294636649886;4707,0,1,2.4179294636649886;4709,0,4,3.880398153125749;4711,0,0,1.6694145755949237;4712,0,0,1.6694145755949237;4714,0,1,2.4179294636649886;4715,0,0,1.6694145755949237;4716,0,1,2.4179294636649886;4717,0,1,2.4179294636649886;4718,0,1,2.4179294636649886;4719,0,0,1.6694145755949237;4720,0,1,2.4179294636649886;4721,0,1,2.4179294636649886;4722,0,2,3.0704024003682835;4723,0,1,2.4179294636649886;4724,0,1,2.4179294636649886;4725,0,1,2.4179294636649886
1263|0,4738,80072,79872,0;1,4736,46080,45824,0;2,4726,50374,49152,0;2,4731,88738,86016,88576;2,4735,32459,0,768;3,4733,132975,132864,0;3,4744,563403,561664,0;4,4734,31173,24576,23552;4,4737,361961,361728,0;4,4741,145353,144640,0;4,4742,144522,143616,0;5,4739,75718,73728,0;6,4709,32072,32000,0;7,4740,31386,31232,0;7,4743,32664,32256,0|23.549647020562784|4709,0,0,0.817050453298853;4726,0,1,1.906982720843058;4731,0,1,1.906982720843058;4733,0,0,0.817050453298853;4734,0,1,1.906982720843058;4735,0,4,3.3914825340251986;4736,0,0,0.817050453298853;4737,0,0,0.817050453298853;4738,0,0,0.817050453298853;4739,0,1,1.906982720843058;4740,0,0,0.817050453298853;4741,0,1,1.906982720843058;4742,0,1,1.906982720843058;4743,0,1,1.906982720843058;4744,0,1,1.906982720843058
1264|2,4726,50374,50176,0;2,4731,88738,88576,88576;2,4735,32459,768,768;3,4744,563403,563200,0;4,4734,31173,30976,23552;4,4741,145353,145152,0;4,4742,144522,144384,0;5,4739,75718,75520,0;7,4743,32664,32512,0|11.293890221079986|4726,0,0,1.0899322675442051;4731,0,0,1.0899322675442051;4734,0,0,1.0899322675442051;4735,0,3,2.5744320807263454;4739,0,0,1.0899322675442051;4741,0,0,1.0899322675442051;4742,0,0,1.0899322675442051;4743,0,0,1.0899322675442051;4744,0,0,1.0899322675442051
1265|0,4750,61542,57600,0;1,4753,100357,89600,0;2,4735,32459,16384,768;2,4751,156493,153856,0;3,4746,45777,43776,0;4,4747,47160,46336,0;4,4752,73696,70912,0;5,4745,34323,0,0;5,4749,47728,47360,0;6,4748,47398,47104,0|29.315939380880355|4735,0,2,3.0405576202362665;4745,0,3,3.238804205683925;4746,0,1,2.743331621760741;4747,0,1,2.743331621760741;4748,0,1,2.743331621760741;4749,2,3,3.238804205683925;4750,0,1,2.743331621760741;4751,0,2,3.0405576202362665;4752,0,1,2.743331621760741;4753,0,2,3.0405576202362665
1266|0,4750,61542,61440,0;1,4753,100357,98304,0;2,4735,32459,24576,768;2,4751,156493,155648,0;2,4754,32328,16384,24576;3,4746,45777,45568,0;4,4747,47160,47104,0;4,4752,73696,73472,0;5,4745,34323,16384,0;5,4749,47728,47360,0;5,4756,56925,54528,0;5,4757,277466,275456,0;6,4748,47398,47360,0|25.672165128149892|4735,0,1,1.9435615894052776;4745,0,2,2.5788382386773305;4746,0,0,1.3505256915790256;4747,0,0,1.3505256915790256;4748,0,0,1.3505256915790256;4749,1,2,2.5788382386773305;4750,0,0,1.3505256915790256;4751,0,1,1.9435615894052776;4752,0,0,1.3505256915790256;4753,0,1,1.9435615894052776;4754,0,3,2.7734989473296072;4756,1,2,2.5788382386773305;4757,1,2,2.5788382386773305
1267|0,4760,93564,92160,0;0,4761,339805,337664,0;1,4753,100357,100352,0;1,4764,45573,40704,0;2,4735,32459,32256,768;2,4751,156493,156416,0;2,4754,32328,24320,24576;3,4755,97598,93696,0;4,4759,122963,121088,0;4,4765,77869,72960,0;5,4745,34323,32768,0;5,4749,47728,47360,0;5,4756,56925,54528,0;5,4757,277466,275456,0;6,4758,11598,0,0;7,4762,2958,0,0|26.147528874413897|4735,0,0,0.9445592720441551;4745,0,1,1.7329065326013569;4749,0,1,1.7329065326013569;4751,0,0,0.9445592720441551;4753,0,0,0.9445592720441551;4754,0,2,1.9294230662173049;4755,0,1,1.7329065326013569;4756,0,1,1.7329065326013569;4757,0,1,1.7329065326013569;4758,0,2,1.9294230662173049;4759,0,1,1.7329065326013569;4760,0,1,1.7329065326013569;4761,0,1,1.7329065326013569;4762,0,1,1.7329065326013569;4764,0,2,1.9294230662173049;4765,0,2,1.9294230662173049
1268|0,4760,93564,93440,0;0,4761,339805,339712,0;1,4764,45573,40960,0;1,4771,50259,48896,0;1,4772,113512,112384,0;2,4754,32328,24576,24576;2,4774,32651,24576,29696;3,4755,97598,97536,0;3,4773,398,0,0;4,4759,122963,122880,0;4,4765,77869,73728,0;4,4767,92908,86016,0;5,4745,34323,34304,0;5,4749,47728,47616,0;5,4756,56925,56832,0;5,4757,277466,277248,0;5,4763,50583,47616,0;6,4758,11598,8192,0;7,4762,2958,2816,0;7,4766,27921,27648,0|29.417047550249013|4745,0,0,1.1904731666425656;4749,0,0,1.1904731666425656;4754,0,1,1.6238881309202162;4755,0,0,1.1904731666425656;4756,0,0,1.1904731666425656;4757,0,0,1.1904731666425656;4758,0,1,1.6238881309202162;4759,0,0,1.1904731666425656;4760,0,0,1.1904731666425656;4761,0,0,1.1904731666425656;4762,0,0,1.1904731666425656;4763,0,2,1.8338930335061023;4764,0,1,1.6238881309202162;4765,0,1,1.6238881309202162;4766,0,1,1.6238881309202162;4767,0,2,1.8338930335061023;4771,0,2,1.8338930335061023;4772,0,1,1.6238881309202162;4773,0,1,1.6238881309202162;4774,0,2,1.8338930335061023
1269|1,4764,45573,45568,0;1,4771,50259,49152,0;1,4772,113512,113408,0;1,4780,188529,185344,0;2,4754,32328,32256,24576;2,4774,32651,29696,29696;3,4773,398,256,0;3,4776,46488,46080,0;4,4765,77869,77824,0;4,4767,92908,90112,0;5,4763,50583,49152,0;5,4777,317065,314368,0;5,4779,83231,80896,0;6,4758,11598,11520,0;6,4768,44169,43776,0;6,4775,2956,0,0;7,4766,27921,27904,0;7,4769,125066,123648,0;7,4770,147270,142080,0;7,4778,27337,26624,0|21.8351221829625|4754,0,0,0.8812564514722343;4758,0,0,0.8812564514722343;4763,0,1,1.190294463797078;4764,0,0,0.8812564514722343;4765,0,0,0.8812564514722343;4766,0,0,0.8812564514722343;4767,0,1,1.190294463797078;4768,0,1,1.190294463797078;4769,0,1,1.190294463797078;4770,0,1,1.190294463797078;4771,0,1,1.190294463797078;4772,0,0,0.8812564514722343;4773,0,0,0.8812564514722343;4774,0,1,1.190294463797078;4775,0,1,1.190294463797078;4776,0,1,1.190294463797078;4777,0,1,1.190294463797078;4778,0,1,1.190294463797078;4779,0,2,1.3827934570919207;4780,0,1,1.190294463797078
1270|0,4789,2956,0,0;1,4771,50259,50176,0;1,4780,188529,188416,0;1,4781,47427,45824,0;1,4782,51014,49408,0;1,4784,55635,55040,0;2,4774,32651,32512,29696;3,4776,46488,46336,0;3,4786,2960,0,0;4,4767,92908,92672,0;4,4785,258263,257792,0;5,4763,50583,50432,0;5,4777,317065,316928,0;5,4779,83231,81920,0;5,4783,85199,84480,0;6,4768,44169,44032,0;6,4775,2956,2816,0;7,4769,125066,124928,0;7,4770,147270,147200,0;7,4778,27337,27136,0;7,4791,27918,27648,0|12.983329631374124|4763,0,0,0.5247435253055597;4767,0,0,0.5247435253055597;4768,0,0,0.5247435253055597;4769,0,0,0.5247435253055597;4770,0,0,0.5247435253055597;4771,0,0,0.5247435253055597;4774,0,0,0.5247435253055597;4775,0,0,0.5247435253055597;4776,0,0,0.5247435253055597;4777,0,0,0.5247435253055597;4778,0,0,0.5247435253055597;4779,0,1,0.7429341475230454;4780,0,0,0.5247435253055597;4781,0,1,0.7429341475230454;4782,0,1,0.7429341475230454;4783,0,1,0.7429341475230454;4784,0,1,0.7429341475230454;4785,0,1,0.7429341475230454;4786,0,1,0.7429341475230454;4789,0,1,0.7429341475230454;4791,0,1,0.7429341475230454
1271|0,4789,2956,2816,0;1,4781,47427,47360,0;1,4782,51014,50944,0;1,4784,55635,55552,0;2,4788,2961,0,0;2,4793,164937,161024,0;3,4786,2960,2816,0;4,4785,258263,258048,0;5,4779,83231,83200,0;5,4783,85199,84992,0;5,4790,58256,57088,0;6,4787,2960,0,0;7,4791,27918,27904,0;7,4792,59280,57600,0|10.376206770473145|4779,0,0,0.610714171847537;4781,0,0,0.610714171847537;4782,0,0,0.610714171847537;4783,0,0,0.610714171847537;4784,0,0,0.610714171847537;4785,0,0,0.610714171847537;4786,0,0,0.610714171847537;4787,0,1,0.8957602981634323;4788,0,1,0.8957602981634323;4789,0,0,0.610714171847537;4790,0,2,1.0962491646775074;4791,0,0,0.610714171847537;4792,0,1,0.8957602981634323;4793,0,2,1.0962491646775074
1272|0,4794,2960,0,0;0,4800,113107,111104,0;2,4788,2961,2816,0;2,4793,164937,163840,0;3,4797,2961,0,0;3,4798,2961,0,0;4,4799,2956,0,0;5,4790,58256,57344,0;6,4787,2960,2816,0;7,4792,59280,59136,0;7,4795,109318,106240,0|10.228104730346338|4787,0,0,0.6297181955051715;4788,0,0,0.6297181955051715;4790,0,1,1.0185017590616436;4792,0,0,0.6297181955051715;4793,0,1,1.0185017590616436;4794,0,1,1.0185017590616436;4795,0,2,1.209437830399318;4797,0,1,1.0185017590616436;4798,0,1,1.0185017590616436;4799,0,1,1.0185017590616436;4800,0,1,1.0185017590616436
1273|0,4794,2960,2816,0;0,4800,113107,112896,0;2,4793,164937,164864,0;3,4797,2961,2816,0;3,4798,2961,2816,0;4,4799,2956,2816,0;5,4790,58256,58112,0;6,4796,2961,0,0;7,4795,109318,106496,0|4.186034926938867|4790,0,0,0.4210184698442331;4793,0,0,0.4210184698442331;4794,0,0,0.4210184698442331;4795,0,1,0.6194528190146178;4796,0,1,0.6194528190146178;4797,0,0,0.4210184698442331;4798,0,0,0.4210184698442331;4799,0,0,0.4210184698442331;4800,0,0,0.4210184698442331
1274|2,4803,48133,0,0;4,4802,14094,0,0;6,4796,2961,2816,0;6,4801,3021,0,0;6,4804,215324,213248,0;7,4795,109318,109312,0|14.5618518575533|4795,0,0,1.2703722561765423;4796,0,0,1.2703722561765423;4801,0,1,2.4699476521636266;4802,0,2,3.1380359144661094;4803,0,4,3.9431761264068546;4804,0,1,2.4699476521636266
1275|0,4805,127124,124672,0;2,4803,48133,16384,0;4,4802,14094,8192,0;6,4801,3021,2816,0;6,4804,215324,215296,0|8.94423454228744|4801,0,0,1.2259494102225248;4802,0,1,1.8957318366338818;4803,0,3,2.700872048574627;4804,0,0,1.2259494102225248;4805,0,1,1.8957318366338818
1276|0,4805,127124,126976,0;0,4807,81037,79872,0;1,4808,55901,53248,0;2,4803,48133,32768,0;2,4806,75355,72448,0;3,4810,36931,0,0;4,4802,14094,14080,0|16.516102953946238|4802,0,0,1.2682166094222915;4803,0,2,2.928394091048542;4805,0,0,1.2682166094222915;4806,0,2,2.928394091048542;4807,0,1,2.5000383587519264;4808,0,1,2.5000383587519264;4810,0,3,3.1228048355007147
1277|0,4807,81037,80896,0;1,4808,55901,55808,0;2,4803,48133,40960,0;2,4806,75355,73728,0;2,4809,207723,200448,0;3,4810,36931,16384,0;5,4811,71470,16384,0;5,4812,78151,75520,0;6,4817,48618,47360,0;7,4814,28182,27904,0;7,4818,2957,0,0;7,4820,28178,27904,0|38.44604417782641|4803,0,1,2.861106839611156;4806,0,1,2.861106839611156;4807,0,0,1.6150075272266728;4808,0,0,1.6150075272266728;4809,0,2,4.055846302886418;4810,0,2,4.055846302886418;4811,0,4,4.968847739966644;4812,3,4,4.968847739966644;4814,0,1,2.861106839611156;4817,0,1,2.861106839611156;4818,0,1,2.861106839611156;4820,0,1,2.861106839611156
1278|0,4813,62570,61440,0;0,4824,67312,62464,0;1,4816,48264,47360,0;2,4803,48133,48128,0;2,4806,75355,75264,0;2,4809,207723,204800,0;2,4819,91941,88576,0;2,4822,35020,32512,0;3,4810,36931,32768,0;3,4821,2958,0,0;4,4815,74275,73472,0;4,4823,2956,0,0;5,4811,71470,32768,0;5,4812,78151,75520,0;6,4817,48618,48384,0;7,4814,28182,28160,0;7,4818,2957,2816,0;7,4820,28178,28160,0|44.95421483939551|4803,0,0,1.3896911676663273;4806,0,0,1.3896911676663273;4809,0,1,2.657829146253068;4810,0,1,2.657829146253068;4811,0,3,3.576737263604772;4812,2,3,3.576737263604772;4813,0,1,2.657829146253068;4814,0,0,1.3896911676663273;4815,0,2,3.378904607167401;4816,0,1,2.657829146253068;4817,0,0,1.3896911676663273;4818,0,0,1.3896911676663273;4819,0,2,3.378904607167401;4820,0,0,1.3896911676663273;4821,0,1,2.657829146253068;4822,0,2,3.378904607167401;4823,0,1,2.657829146253068;4824,0,2,3.378904607167401
1279|0,4813,62570,62464,0;0,4824,67312,65536,0;0,4835,2956,0,0;1,4816,48264,48128,0;1,4831,101639,100352,0;1,4840,40009,0,0;1,4843,55895,55552,0;2,4809,207723,207616,0;2,4819,91941,90112,0;2,4822,35020,32768,0;2,4832,52488,50176,0;2,4841,40457,32512,0;3,4810,36931,36864,0;3,4821,2958,2816,0;3,4826,100609,97536,0;3,4829,46812,46336,0;3,4830,84867,81152,0;4,4815,74275,73728,0;4,4823,2956,2816,0;4,4834,2961,0,0;4,4839,363501,361728,0;5,4811,71470,49152,0;5,4812,78151,75520,0;5,4825,84131,83200,0;5,4833,2958,0,0;5,4836,208485,0,0;6,4827,2958,0,0;6,4828,11600,0,0;6,4837,52878,44032,0;6,4838,23951,0,0;7,4842,2959,0,0|130.33370559893774|4809,0,0,1.7311484507200332;4810,0,0,1.7311484507200332;4811,0,2,4.6803522739719625;4812,1,2,4.6803522739719625;4813,0,0,1.7311484507200332;4815,0,1,3.3103531262760058;4816,0,0,1.7311484507200332;4819,0,1,3.3103531262760058;4821,0,0,1.7311484507200332;4822,0,1,3.3103531262760058;4823,0,0,1.7311484507200332;4824,0,1,3.3103531262760058;4825,1,2,4.6803522739719625;4826,0,2,4.6803522739719625;4827,0,1,3.3103531262760058;4828,0,2,4.6803522739719625;4829,0,1,3.3103531262760058;4830,0,2,4.6803522739719625;4831,0,1,3.3103531262760058;4832,0,1,3.3103531262760058;4833,1,2,4.6803522739719625;4834,0,1,3.3103531262760058;4835,0,1,3.3103531262760058;4836,1,16,20.508061668086437;4837,0,2,4.6803522739719625;4838,0,4,7.1404960595976945;4839,0,1,3.3103531262760058;4840,0,4,7.1404960595976945;4841,0,2,4.6803522739719625;4842,0,1,3.3103531262760058;4843,0,1,3.3103531262760058
1280|0,4824,67312,67072,0;0,4835,2956,2816,0;0,4848,7822,0,0;1,4831,101639,101632,0;1,4840,40009,8192,0;1,4843,55895,55808,0;1,4851,110093,108032,0;2,4819,91941,91904,0;2,4822,35020,34816,0;2,4832,52488,52480,0;2,4841,40457,32768,0;3,4826,100609,98304,0;3,4829,46812,46592,0;3,4830,84867,81920,0;4,4815,74275,74240,0;4,4834,2961,2816,0;4,4839,363501,363264,0;4,4847,6475,0,0;4,4850,124500,122880,0;4,4852,96431,92672,0;5,4811,71470,65536,0;5,4812,78151,75520,0;5,4825,84131,83200,0;5,4833,2958,0,0;5,4836,208485,0,0;5,4845,86801,84992,0;6,4827,2958,2816,0;6,4828,11600,8192,0;6,4837,52878,49152,0;6,4838,23951,256,0;7,4842,2959,2816,0;7,4844,27918,27648,0;7,4846,125454,124928,0;7,4849,26695,23552,0|130.98258482245578|4811,0,1,3.2626699716127403;4812,0,1,3.2626699716127403;4815,0,0,1.84294481791038;4819,0,0,1.84294481791038;4822,0,0,1.84294481791038;4824,0,0,1.84294481791038;4825,0,1,3.2626699716127403;4826,0,1,3.2626699716127403;4827,0,0,1.84294481791038;4828,0,1,3.2626699716127403;4829,0,0,1.84294481791038;4830,0,1,3.2626699716127403;4831,0,0,1.84294481791038;4832,0,0,1.84294481791038;4833,0,1,3.2626699716127403;4834,0,0,1.84294481791038;4835,0,0,1.84294481791038;4836,0,15,19.092423391431627;4837,0,1,3.2626699716127403;4838,0,3,5.723775309840807;4839,0,0,1.84294481791038;4840,0,3,5.723775309840807;4841,0,1,3.2626699716127403;4842,0,0,1.84294481791038;4843,0,0,1.84294481791038;4844,0,1,3.2626699716127403;4845,1,13,18.42392876166527;4846,0,1,3.2626699716127403;4847,0,1,3.2626699716127403;4848,0,1,3.2626699716127403;4849,0,2,4.560174921325604;4850,0,1,3.2626699716127403;4851,0,2,4.560174921325604;4852,0,1,3.2626699716127403
1282|1,4840,40009,32768,0;1,4851,110093,110080,0;1,4862,51402,50944,0;2,4854,78789,78592,0;3,4859,2957,0,0;5,4836,208485,16384,0;5,4845,86801,86784,0;5,4855,58963,58880,0;5,4856,697076,695808,0;5,4858,51676,50432,0;5,4860,76483,75776,0;6,4838,23951,16384,0;7,4849,26695,26624,0;7,4853,28943,27904,27904;7,4857,27597,27392,0;7,4861,32734,31232,0|115.78780417102163|4836,0,13,16.197562891680814;4838,0,1,2.5338857125809016;4840,0,1,2.5338857125809016;4845,11,11,15.401320964182688;4849,0,0,1.3636460322876796;4851,0,0,1.3636460322876796;4853,0,1,2.5338857125809016;4854,0,0,1.3636460322876796;4855,11,11,15.401320964182688;4856,11,13,16.197562891680814;4857,0,0,1.3636460322876796;4858,11,12,15.96606902732925;4859,0,1,2.5338857125809016;4860,11,12,15.96606902732925;4861,0,1,2.5338857125809016;4862,0,1,2.5338857125809016
1286|0,4867,34495,34304,0;0,4876,124574,124416,0;0,4878,154398,154368,0;0,4879,94207,93952,0;0,4883,64620,64512,0;1,4871,52930,52736,0;2,4881,49033,48896,0;3,4869,233494,233472,233216;4,4885,74728,74240,0;5,4836,208485,81920,0;5,4845,86801,86784,0;5,4855,58963,58880,0;5,4856,697076,695808,0;5,4858,51676,50432,0;5,4860,76483,75776,0;5,4863,126803,125440,0;6,4877,52335,49152,0;7,4880,27339,27136,0;7,4882,26700,24576,0;7,4884,28178,27904,0|100.19986011022768|4836,0,9,11.424091189926546;4845,7,7,10.622173153968086;4855,7,7,10.622173153968086;4856,7,9,11.424091189926546;4858,7,8,11.19259732557498;4860,7,8,11.19259732557498;4863,7,8,11.19259732557498;4867,0,0,1.3353154675568442;4869,0,0,1.3353154675568442;4871,0,0,1.3353154675568442;4876,0,0,1.3353154675568442;4877,0,1,2.627925059425471;4878,0,0,1.3353154675568442;4879,0,0,1.3353154675568442;4880,0,0,1.3353154675568442;4881,0,0,1.3353154675568442;4882,0,1,2.627925059425471;4883,0,0,1.3353154675568442;4884,0,1,2.627925059425471;4885,0,1,2.627925059425471
1289|0,4889,115031,114944,0;0,4900,34367,34304,34048;1,4906,9611,8192,0;2,4911,176354,174080,0;2,4916,81032,78592,0;3,4905,37511,37376,0;3,4909,565518,563200,0;3,4917,94535,84736,0;4,4903,27902,27648,0;4,4907,6226,6144,0;4,4915,81968,79360,0;5,4836,208485,131072,0;5,4845,86801,86784,0;5,4855,58963,58880,0;5,4856,697076,695808,0;5,4858,51676,50432,0;5,4860,76483,75776,0;5,4863,126803,125440,0;5,4910,87903,85760,0;5,4913,58850,56832,0;5,4914,56021,53248,0;6,4904,55885,55808,0;6,4908,28752,24576,0;7,4902,209041,208896,0;7,4912,149963,147200,0|119.2174932410581|4836,0,6,8.2295488643117;4845,4,4,7.28714464802473;4855,4,4,7.28714464802473;4856,4,6,8.2295488643117;4858,4,5,7.971618082635899;4860,4,5,7.971618082635899;4863,4,5,7.971618082635899;4889,0,0,1.5890715882761777;4900,0,0,1.5890715882761777;4902,0,0,1.5890715882761777;4903,0,0,1.5890715882761777;4904,0,0,1.5890715882761777;4905,0,0,1.5890715882761777;4906,0,1,3.0578606105544237;4907,0,0,1.5890715882761777;4908,0,1,3.0578606105544237;4909,0,2,4.4752439955042895;4910,4,5,7.971618082635899;4911,0,1,3.0578606105544237;4912,0,2,4.4752439955042895;4913,4,6,8.2295488643117;4914,4,6,8.2295488643117;4915,0,1,3.0578606105544237;4916,0,1,3.0578606105544237;4917,0,2,4.4752439955042895
1290|0,4920,330852,328704,0;1,4906,9611,9472,0;1,4922,2960,0,0;1,4924,130662,0,0;2,4911,176354,176128,0;2,4916,81032,80896,0;2,4923,35345,32256,0;2,4926,94502,91904,0;3,4909,565518,565248,0;3,4917,94535,90112,0;4,4915,81968,81920,0;4,4921,99059,96256,0;5,4836,208485,147456,0;5,4845,86801,86784,0;5,4855,58963,58880,0;5,4856,697076,695808,0;5,4858,51676,50432,0;5,4860,76483,75776,0;5,4863,126803,125440,0;5,4910,87903,85760,0;5,4913,58850,56832,0;5,4914,56021,53248,0;6,4908,28752,28672,0;6,4919,65815,62976,0;7,4912,149963,147456,0;7,4918,26697,23552,0;7,4925,35040,31232,0|147.41089030646467|4836,0,5,9.056340225197927;4845,3,3,6.535017818824101;4855,3,3,6.535017818824101;4856,3,5,9.056340225197927;4858,3,4,7.822998207439729;4860,3,4,7.822998207439729;4863,3,4,7.822998207439729;4906,0,0,1.7354596106588134;4908,0,0,1.7354596106588134;4909,0,1,3.334828272655136;4910,3,4,7.822998207439729;4911,0,0,1.7354596106588134;4912,0,1,3.334828272655136;4913,3,5,9.056340225197927;4914,3,5,9.056340225197927;4915,0,0,1.7354596106588134;4916,0,0,1.7354596106588134;4917,0,1,3.334828272655136;4918,0,2,4.974722594339061;4919,0,2,4.974722594339061;4920,0,1,3.334828272655136;4921,0,2,4.974722594339061;4922,0,1,3.334828272655136;4923,0,2,4.974722594339061;4924,0,10,13.263620277345648;4925,0,2,4.974722594339061;4926,0,1,3.334828272655136
1291|0,4920,330852,330752,0;0,4933,1102,0,0;0,4934,45041,0,0;0,4936,36609,34304,0;1,4922,2960,2816,0;1,4924,130662,8192,0;1,4929,190581,188416,0;2,4923,35345,32768,0;2,4926,94502,94464,0;3,4909,565518,565504,0;3,4917,94535,94464,0;3,4930,144877,142080,0;3,4931,67012,54016,0;4,4921,99059,98304,0;4,4935,57992,0,0;5,4836,208485,163840,0;5,4845,86801,86784,0;5,4855,58963,58880,0;5,4856,697076,695808,0;5,4858,51676,50432,0;5,4860,76483,75776,0;5,4863,126803,125440,0;5,4910,87903,85760,0;5,4913,58850,56832,0;5,4914,56021,53248,0;6,4919,65815,65536,0;6,4927,399,0,0;6,4928,3020,0,0;7,4912,149963,149760,0;7,4918,26697,24576,0;7,4925,35040,32768,0;7,4932,27599,27136,0|183.8997709295503|4836,0,4,8.777793065841841;4845,2,2,5.837416877727124;4855,2,2,5.837416877727124;4856,2,4,8.777793065841841;4858,2,3,7.40672008485412;4860,2,3,7.40672008485412;4863,2,3,7.40672008485412;4909,0,0,2.0477269039988153;4910,2,3,7.40672008485412;4912,0,0,2.0477269039988153;4913,2,4,8.777793065841841;4914,2,4,8.777793065841841;4917,0,0,2.0477269039988153;4918,0,1,3.899780939154815;4919,0,1,3.899780939154815;4920,0,0,2.0477269039988153;4921,0,1,3.899780939154815;4922,0,0,2.0477269039988153;4923,0,1,3.899780939154815;4924,0,9,13.004129786378066;4925,0,1,3.899780939154815;4926,0,0,2.0477269039988153;4927,0,1,3.899780939154815;4928,0,1,3.899780939154815;4929,0,7,12.087421972208677;4930,0,1,3.899780939154815;4931,0,2,5.837416877727124;4932,0,1,3.899780939154815;4933,0,1,3.899780939154815;4934,0,5,10.042400075962783;4935,0,6,11.331564104339714;4936,0,1,3.899780939154815
1296|0,4934,45041,44800,0;0,4949,72629,72448,0;0,4965,36229,34304,0;0,4966,68535,67072,0;1,4924,130662,81920,0;1,4929,190581,190464,0;1,4937,52502,50176,0;1,4938,53383,52736,0;1,4945,238253,235264,0;1,4962,59166,57088,0;1,4974,48645,45568,0;2,4970,54543,53760,0;2,4973,177957,176128,0;3,4961,40715,16384,0;3,4964,2961,0,0;3,4971,367697,367616,0;3,4972,10318,0,0;4,4935,57992,57344,0;4,4951,64011,8192,0;4,4958,75628,74496,0;4,4960,28994,27648,0;4,4975,126105,124416,0;5,4967,46545,46336,0;6,4963,217060,216832,0;6,4968,39753,32768,0;6,4969,29718,29696,0;7,4979,27217,26624,0|113.12319120071031|4924,0,4,6.791937463296096;4929,2,2,4.8304861567690605;4934,0,0,1.7466653814242759;4935,0,1,3.324867543240824;4937,2,3,6.191014532860848;4938,2,3,6.191014532860848;4945,2,4,6.791937463296096;4949,0,0,1.7466653814242759;4951,0,5,6.98314646543051;4958,0,1,3.324867543240824;4960,0,1,3.324867543240824;4961,0,2,4.8304861567690605;4962,2,4,6.791937463296096;4963,0,0,1.7466653814242759;4964,1,2,4.8304861567690605;4965,0,1,3.324867543240824;4966,0,1,3.324867543240824;4967,0,0,1.7466653814242759;4968,0,1,3.324867543240824;4969,0,0,1.7466653814242759;4970,0,1,3.324867543240824;4971,1,1,3.324867543240824;4972,1,4,6.791937463296096;4973,0,1,3.324867543240824;4974,2,4,6.791937463296096;4975,0,1,3.324867543240824;4979,0,1,3.324867543240824
1309|0,5102,130652,130560,0;0,5104,36610,36608,0;0,5106,37259,37120,0;0,5108,38219,36864,37632;0,5113,34366,34048,0;1,5069,23941,16384,0;1,5073,54156,54016,0;1,5075,51332,49152,0;1,5080,52826,52736,0;1,5091,59490,59392,0;1,5105,192122,192000,0;3,5090,14098,14080,0;3,5103,102535,102400,0;3,5115,74326,73984,0;4,5109,8327,7936,0;5,5101,16773,16640,0;5,5110,72570,72192,0;5,5114,83024,80640,0;6,5107,53628,53504,0;7,5111,27600,27136,0;7,5112,28242,27392,0;7,5116,27276,26624,0|21.49093189676996|5069,0,1,1.0989489417387746;5073,0,0,0.8190530423806408;5075,0,1,1.0989489417387746;5080,0,0,0.8190530423806408;5090,0,0,0.8190530423806408;5091,0,0,0.8190530423806408;5101,0,0,0.8190530423806408;5102,0,0,0.8190530423806408;5103,0,0,0.8190530423806408;5104,0,0,0.8190530423806408;5105,0,0,0.8190530423806408;5106,0,0,0.8190530423806408;5107,0,0,0.8190530423806408;5108,0,2,1.295403977466971;5109,0,1,1.0989489417387746;5110,0,1,1.0989489417387746;5111,0,1,1.0989489417387746;5112,0,1,1.0989489417387746;5113,0,1,1.0989489417387746;5114,0,2,1.295403977466971;5115,0,1,1.0989489417387746;5116,0,1,1.0989489417387746
1313|2,5126,211891,211712,0|0.20457343174245216|5126,0,0,0.20457343174245216
1314|0,5128,36679,36096,0;4,5127,29577,29440,0;5,5129,159751,158208,0|1.3163483451999598|5127,0,0,0.308969469425257;5128,0,1,0.5036894378873513;5129,0,1,0.5036894378873513
1315|0,5128,36679,36608,0;5,5129,159751,159744,0|0.3894399369241887|5128,0,0,0.19471996846209436;5129,0,0,0.19471996846209436
1327|5,5130,48090,47616,0|0.40909015143577837|5130,0,1,0.40909015143577837
1328|5,5130,48090,47872,0|0.20342517764157197|5130,0,0,0.20342517764157197
1330|2,5131,205036,204800,0;6,5132,217900,217344,0|0.6615094620528403|5131,0,0,0.23374509318419878;5132,0,1,0.4277643688686415
1331|6,5132,217900,217856,0|0.19401927568444272|5132,0,0,0.19401927568444272
1333|0,5133,42754,42496,0|0.39616566082024796|5133,0,1,0.39616566082024796
1334|0,5133,42754,42752,0;0,5134,334125,332800,0|0.8135994227336785|5133,0,0,0.3094424784176625;5134,0,1,0.5041569443160159
1335|0,5134,334125,334080,0;7,5135,509758,506368,0|1.321581537065883|5134,0,0,0.365048120368321;5135,0,2,0.956533416697562
1336|1,5138,56015,55040,0;2,5139,39764,35328,0;5,5137,17040,0,0;6,5136,5517,0,5120;7,5135,509758,507904,0;7,5140,127070,126720,0|9.696854642223798|5135,0,1,1.5494297650893296;5136,0,2,1.7495677909332392;5137,0,2,1.7495677909332392;5138,0,1,1.5494297650893296;5139,0,1,1.5494297650893296;5140,0,1,1.5494297650893296
1337|0,5145,2963,0,0;1,5138,56015,55808,0;2,5139,39764,39680,0;2,5144,2961,0,0;4,5142,2956,0,0;5,5137,17040,16384,0;5,5143,2958,0,0;6,5136,5517,5120,5120;7,5135,509758,509696,0;7,5140,127070,126976,0;7,5141,27858,27136,0|6.852480191901286|5135,0,0,0.48583098153650905;5136,0,1,0.7013080379650357;5137,0,1,0.7013080379650357;5138,0,0,0.48583098153650905;5139,0,0,0.48583098153650905;5140,0,0,0.48583098153650905;5141,0,1,0.7013080379650357;5142,0,1,0.7013080379650357;5143,0,1,0.7013080379650357;5144,0,1,0.7013080379650357;5145,0,1,0.7013080379650357
1338|0,5145,2963,2816,0;0,5148,37518,37120,0;2,5144,2961,2816,0;3,5155,62518,0,0;3,5157,566614,566016,0;4,5142,2956,2816,0;5,5137,17040,16896,0;5,5143,2958,2816,0;5,5146,80779,78080,0;6,5136,5517,5376,5120;7,5141,27858,27648,0;7,5147,135244,134144,0|24.547999904288968|5136,0,0,1.154081714520757;5137,0,0,1.154081714520757;5141,0,0,1.154081714520757;5142,0,0,1.154081714520757;5143,0,0,1.154081714520757;5144,0,0,1.154081714520757;5145,0,0,1.154081714520757;5146,0,1,2.287676286700081;5147,0,1,2.287676286700081;5148,0,1,2.287676286700081;5155,0,5,4.900110567215913;5157,3,4,4.706288475327517
1353|3,5192,85879,81920,0;3,5208,18710,16128,0;3,5211,136439,136192,0;3,5224,97023,96768,0;3,5230,343251,341248,0;3,5257,102226,100608,0|6.105255698964873|5192,0,1,1.1027500386762565;5208,0,2,1.2945125398050255;5211,0,0,0.7512465215655386;5224,0,0,0.7512465215655386;5230,0,1,1.1027500386762565;5257,0,1,1.1027500386762565
1354|3,5192,85879,85760,0;3,5208,18710,16384,0;3,5230,343251,343040,0;3,5257,102226,102144,0|1.5977765695716406|5192,0,0,0.3515035171107179;5208,0,1,0.543266018239487;5230,0,0,0.3515035171107179;5257,0,0,0.3515035171107179
1355|3,5208,18710,18688,0|0.191762501128769|5208,0,0,0.191762501128769
