281398	70080	7554	0	256	1	0	8704
280129	217228	6563	-1	0	1	260608	9728
5955	5448	335	-1	256	0	1536	184
53593	37246	5942	4096	256	0	36864	7810
193830	162139	2243	0	0	0	0	14080
4863	1213	12361	8192	256	1	512	3650
68153	66422	9549	4096	256	0	2816	1418
249667	56341	6387	-1	131	0	120064	9984
332604	46221	3278	4096	131	1	23552	13056
191697	52947	4800	0	256	1	0	11520
3125	373	488	4096	256	0	768	395
151516	75216	9356	-1	131	1	100608	6912
274832	54858	5753	4096	131	1	86784	10496
160782	82861	6939	-1	0	1	22016	9216
338992	104262	2051	4096	256	1	190208	14080
155608	125181	15389	0	256	0	0	768
282307	100213	2398	0	131	0	0	13824
146042	15377	7090	-1	131	1	2048	9216
173394	93873	10477	4096	256	0	48128	4431
64814	15111	9859	0	131	1	0	6400
301149	50715	15707	4096	131	0	245760	512
246898	40123	4	0	0	1	0	16128
70494	68044	13752	0	0	1	0	2450
91494	24716	3179	4096	131	0	62208	12148
145524	76401	5188	4096	131	1	66560	11008
143122	33122	15050	4096	0	0	85760	1280
224374	40141	5297	-1	131	1	154112	11008
108692	9245	7826	-1	256	1	57088	8448
240490	56994	11711	-1	131	1	60672	4608
216354	79698	2702	-1	131	1	74240	13568
130781	47504	14426	-1	256	1	67840	1792
178731	29745	10683	0	256	0	0	5632
177815	165337	14437	-1	131	1	118272	1792
14307	8924	7149	0	256	1	0	5383
144723	39725	3944	8192	256	0	31232	9427
167880	124750	10052	-1	256	0	36608	6144
235478	207530	15144	4096	0	0	136192	1024
61827	31715	15695	-1	256	1	27136	512
243451	17949	12326	0	256	1	0	3840
254596	153072	13275	4096	256	0	67840	2576
47374	38254	9028	-1	256	0	26112	7168
19596	2120	15838	0	256	0	0	512
251388	12267	5299	4096	256	0	177664	8213
199440	116571	6300	8192	0	1	110080	9984
189078	170759	1088	4096	0	0	768	13561
95563	89280	6890	-1	0	0	14848	6208
204199	96419	14610	8192	0	0	37376	1536
155015	88835	14695	8192	256	1	80128	1536
178132	137410	254	0	0	1	0	16128
142529	80872	5884	0	256	0	0	10496
8647	38	6975	8192	131	1	2560	8609
193619	189954	7667	8192	131	1	65792	3665
202330	65263	4344	4096	256	0	126976	8465
77890	72688	466	-1	256	0	53248	4880
210570	73408	14668	8192	0	1	172288	1536
112876	31289	14499	8192	131	1	107776	1792
61481	43004	7369	4096	0	0	46336	3332
243615	22797	4012	4096	0	1	144640	12288
21925	16360	15101	8192	256	0	8192	24
133334	10018	10082	8192	131	0	33792	6144
295444	151618	106	-1	256	1	113664	16128
10438	3682	11247	0	256	1	0	5120
19733	651	11687	0	131	1	0	4608
318490	86497	10124	4096	0	1	52224	6144
140382	75884	13024	-1	256	0	125696	3328
172610	55937	5109	0	0	0	0	11264
341485	282844	3509	8192	256	1	304128	12800
137171	37993	3753	-1	256	0	67072	12544
129060	41597	1608	4096	0	0	24832	11651
220796	102246	6234	4096	131	0	144896	8346
249304	171897	1270	8192	131	1	205312	15104
303879	8840	13856	8192	0	1	74240	2304
112986	75104	8217	4096	131	1	47616	7936
137429	119689	11460	4096	131	1	56320	4864
180435	135554	15285	8192	256	0	133888	1024
141681	113802	2028	-1	256	0	114432	630
44025	27571	14371	8192	131	0	17152	1792
74169	32892	11245	8192	0	0	44544	5120
46842	22269	11585	4096	0	0	32512	2307
63022	36482	3613	4096	131	1	44032	12544
38483	8099	2852	4096	0	0	37888	12381
92447	22354	5123	-1	0	1	3072	11008
49426	15946	12344	-1	0	1	48128	3840
116542	80743	13741	-1	0	0	35072	2560
188081	34734	9859	8192	256	1	43520	6400
94626	87514	6050	-1	0	1	35328	7112
112843	44302	7174	8192	256	0	94720	4850
228161	225331	2531	4096	131	0	86784	2509
123709	108150	497	0	256	0	0	15559
239962	232425	11034	8192	256	0	13568	5120
174387	70368	1041	8192	131	0	18944	11552
215094	191095	13525	4096	131	1	30208	2816
254359	237264	6566	0	0	0	0	9728
241742	113506	64	4096	131	0	35072	13470
61953	27754	16146	4096	0	0	54272	0
10143	3221	15055	0	131	1	0	1280
182857	55557	7506	4096	0	0	12800	5883
83221	21328	11121	0	256	0	0	5120
331102	314500	9742	-1	0	1	311296	6400
292686	129272	749	8192	0	0	224256	9992
129328	52379	9297	4096	131	0	116736	4965
34943	6429	15688	8192	131	0	19968	512
347221	18239	7486	8192	256	0	55808	6337
100058	13357	947	0	131	1	0	15360
106262	88319	16202	0	256	1	0	0
340621	114310	4260	-1	131	1	192512	12032
287560	28641	6776	4096	0	1	267008	9472
61858	60073	8750	0	131	0	0	1785
323303	117158	12068	4096	131	1	292096	4096
226005	155377	10418	-1	131	1	73472	5888
245057	13073	8159	4096	131	0	138752	7407
266901	235231	3408	0	256	1	0	12800
254641	210382	8664	-1	131	1	29184	7680
153660	151797	11672	8192	256	1	114432	1863
147535	14825	14341	0	0	1	0	1792
204554	132946	7027	4096	0	1	54016	9216
245631	66407	7389	4096	0	0	82944	7321
131671	6584	15851	4096	256	1	26624	512
253557	63055	581	4096	0	0	39424	14769
117779	28169	14747	-1	0	1	111872	1536
231154	130378	10783	-1	0	0	22528	5376
61678	40373	12794	4096	0	0	10496	587
336566	219117	9663	0	256	0	0	6656
30760	25431	2462	8192	131	1	13312	5329
91145	21184	6778	-1	256	1	62720	9472
158611	78223	3240	-1	131	1	44544	13056
239660	232651	3086	0	256	0	0	7009
122296	79795	12776	-1	131	0	61440	3584
67697	14548	3220	-1	131	0	10752	13056
328794	160567	630	0	0	0	0	15616
324924	281108	15653	-1	131	1	233472	512
346746	331345	4824	-1	131	1	222464	11520
346295	79141	5105	4096	131	1	341760	11264
161210	120246	4389	4096	256	1	4608	11776
120585	52047	155	4096	131	1	108288	16128
320969	212691	3386	8192	131	1	301568	12800
111517	98372	15380	-1	256	1	107520	768
138219	126562	7957	4096	0	0	49664	4510
185388	130824	7574	8192	0	1	14592	8704
209011	137505	32	4096	131	1	193536	16128
182261	92859	10090	4096	131	0	166656	5445
198507	22721	11460	4096	131	1	18688	4864
306463	58317	8108	8192	131	0	275456	7219
134205	112368	8883	-1	256	1	100608	7424
14598	7341	8529	0	256	1	0	7257
254203	189446	9439	-1	256	0	203776	6912
129663	66615	4957	0	256	0	0	11264
321426	137647	12438	-1	0	1	139008	3840
153582	119582	7230	4096	256	0	104704	7394
157469	106712	14180	4096	0	0	140800	2048
74218	53263	16243	4096	131	1	8704	0
313711	54688	3699	0	256	1	0	12544
334066	280492	2132	8192	256	1	246016	14080
309838	248319	7089	-1	131	1	256256	9216
209997	119169	5442	-1	256	0	23808	10752
286172	8035	12432	8192	0	0	104192	157
103525	54519	6623	8192	256	1	67840	9728
308952	126398	8410	0	256	0	0	7936
207212	161234	11618	4096	256	0	157440	2606
197383	92077	4382	4096	0	0	9216	10323
326801	147565	2725	-1	0	1	104960	13568
45913	39881	3570	-1	0	0	18432	5943
311825	44887	8072	0	131	1	0	8192
253282	18590	14924	-1	256	0	140032	1280
198828	70208	13210	8192	256	1	178176	3072
9255	5055	6927	4096	0	0	512	3137
255760	102420	3678	-1	131	1	162304	12544
90221	9281	1190	4096	131	0	84480	11199
164828	149013	7992	-1	0	1	146688	8192
188683	99379	9714	0	131	1	0	6656
107984	68288	12006	-1	131	1	101376	4352
310886	273353	2730	0	0	0	0	13568
109508	12908	2743	8192	131	1	12800	13568
93346	75633	7969	0	131	1	0	8192
177066	79669	13	-1	131	1	130560	16128
319674	108486	2577	4096	131	1	285952	13568
271543	259935	15974	0	131	0	0	256
6602	1715	12924	8192	256	0	4864	3149
58885	34363	7960	0	256	1	0	8192
220793	194987	11773	-1	131	0	94208	4608
124073	29791	8186	0	0	1	0	8192
331701	260358	2278	8192	256	0	179456	9978
136885	114951	12367	0	256	1	0	3840
321817	154375	6646	0	256	0	0	9728
265995	204200	2504	-1	131	1	26112	13824
156123	145231	14433	4096	131	0	73728	1792
78394	71172	14619	0	0	0	0	1536
317164	110998	9045	8192	256	0	237312	3690
289659	264375	6854	8192	256	0	241664	5961
24250	4452	11604	4096	131	0	6144	1692
99715	87932	730	8192	0	0	39680	10372
157569	12779	15888	8192	0	1	6400	256
26243	11773	591	8192	0	1	5632	14470
14005	11594	4393	4096	131	1	8192	2411
329845	204626	163	8192	256	1	295680	16128
81891	22073	1712	8192	256	0	30976	8903
297346	224650	11706	4096	256	1	96256	4608
221561	10485	5263	0	131	0	0	11008
60075	41361	4387	-1	131	0	38144	11776
32239	17693	4399	-1	131	1	12544	11776
99483	75255	13706	0	256	0	0	2560
221459	210343	98	8192	256	1	93184	11116
81374	73537	594	0	256	0	0	7837
276741	189267	1898	0	0	1	0	14336
29138	22529	5920	0	256	0	0	6609
227155	27980	3824	-1	131	0	183552	12544
177604	155023	8354	-1	0	1	1536	7936
121112	41150	2339	0	131	1	0	13824
129002	89228	3783	8192	0	0	89344	116
319177	272712	7257	4096	131	0	317696	5816
215104	160701	15408	8192	0	1	18176	768
67981	35243	1762	0	0	1	0	14592
317330	24688	4329	8192	0	0	216320	8080
168984	110115	10094	4096	0	1	3328	6144
246109	11844	15308	0	0	1	0	1024
7606	7502	4143	0	131	0	0	104
185861	176779	8686	-1	131	1	156672	7680
117240	80546	13065	8192	0	0	15616	1374
97552	25339	6087	4096	256	0	25856	517
226994	160929	5480	-1	0	0	38400	10752
340188	229372	581	-1	0	0	169216	15616
194196	68166	11256	-1	256	1	162048	5120
189966	24084	13264	-1	256	0	48384	3072
117866	16669	7446	-1	256	1	53760	8704
112040	40514	14902	4096	0	0	47616	446
315147	175627	15122	0	0	0	0	1024
44582	33552	1837	-1	131	0	32256	10736
17601	15793	7797	-1	131	1	10752	1808
228689	92815	13478	4096	131	0	159232	1393
89681	40494	8273	0	0	1	0	7936
254046	107035	3447	0	0	0	0	12800
217026	196513	5946	8192	131	0	203776	7263
39707	6577	14589	-1	131	1	27648	1792
228554	217962	3101	4096	131	0	134400	7318
142046	57630	10821	-1	256	0	107008	5376
311656	121456	12061	8192	131	0	209152	1424
253562	27111	1943	-1	0	0	218624	14336
119381	114307	8656	-1	0	1	87296	5074
119613	113192	7604	-1	131	1	41984	6421
339394	12517	8526	8192	0	0	163840	3867
202953	103553	6364	4096	0	0	177152	7039
301452	101256	9015	0	131	1	0	7168
94815	38647	560	4096	131	1	68864	15616
288317	285647	13042	8192	131	1	261376	2670
299825	4826	9105	0	256	1	0	7168
61950	1893	10436	8192	256	0	15104	5888
294884	269909	11737	4096	131	1	145920	4608
9977	7691	571	0	0	0	0	2286
243138	174265	851	-1	256	1	72704	15360
124923	95642	6190	-1	0	0	5120	9984
162882	30260	10040	4096	0	0	26112	2508
174686	174651	12465	4096	131	1	67328	35
344402	313478	9200	4096	131	1	118528	7168
202603	157180	149	0	0	0	0	16128
118222	24233	2194	0	0	1	0	14080
340681	77243	16357	0	0	0	0	0
303189	221315	14096	8192	256	1	51456	2048
74278	16763	7104	4096	0	1	46080	9216
209073	43986	1397	-1	0	1	84224	14848
203859	190189	11510	0	0	1	0	4864
23655	20108	5666	8192	0	1	0	3547
336443	315955	11141	4096	256	1	134400	5120
205206	85937	6591	8192	256	0	151296	4175
300123	282571	4105	8192	0	1	199168	12032
154074	41613	5066	-1	131	1	152320	11264
217463	49885	7603	8192	0	0	214784	7459
24614	8185	8928	0	0	0	0	7424
111285	74453	2568	8192	0	0	18944	7467
74245	27617	442	-1	131	0	52992	15872
70454	34582	7150	0	256	1	0	9216
20410	18989	14169	4096	0	1	3584	1421
298271	222104	15979	-1	256	1	120832	256
205017	99691	6004	0	256	0	0	10240
225883	175625	3427	8192	0	1	195584	12800
267958	145062	10050	0	256	1	0	6144
231032	5629	12547	-1	131	0	195072	3584
67590	58586	8496	0	131	0	0	7680
177505	135810	7589	4096	256	1	169216	8704
343257	149077	16233	0	131	0	0	0
50377	40037	6367	4096	131	0	4352	9115
114022	64179	12562	4096	0	0	68864	1357
214481	1686	1690	8192	131	1	203008	14592
213687	144754	14280	-1	0	1	30720	2048
166319	60049	7521	8192	0	1	82688	8704
194835	137338	2109	8192	256	1	6400	14080
21925	7435	16366	0	256	0	0	0
94631	67576	15716	-1	0	0	40192	512
294111	174929	15695	8192	256	1	270848	512
218260	124181	14295	-1	0	0	201984	2048
291061	97182	15499	0	0	0	0	768
343335	336540	12017	-1	256	0	12032	4352
15736	3941	8459	4096	0	0	1792	4251
302331	9659	3017	8192	0	1	259072	13312
58290	33478	4528	4096	256	1	38400	11776
188604	98059	12352	4096	256	1	35328	3840
349106	59816	4931	4096	256	1	125184	11264
166095	29925	8723	-1	0	0	43520	7424
205495	120364	9155	4096	131	1	153600	7168
230263	110811	944	8192	0	1	75520	15360
196159	113867	6723	0	0	0	0	9472
199444	88992	8074	-1	131	0	189952	8192
205743	76176	12534	8192	0	1	84736	3840
102009	50533	16291	4096	0	1	68352	0
307446	161760	1829	-1	131	1	52224	14336
193535	72679	2647	4096	0	1	33280	13568
2413	1381	14054	8192	131	1	768	1032
330042	135939	6946	4096	256	0	179968	7421
335979	11426	12581	-1	131	0	236288	3584
56808	12761	11768	8192	131	1	10496	4608
148549	25185	4651	8192	256	0	135168	7583
233553	106769	7536	8192	131	0	120320	7919
203548	31987	10694	-1	256	0	25344	5632
215761	113261	1366	8192	256	0	46336	9619
302197	8466	13539	8192	256	1	177664	2816
186799	16673	5192	-1	131	1	182528	11008
301404	167326	16219	-1	0	0	36352	0
154324	43287	6921	0	0	1	0	9216
208478	44303	10470	0	131	0	0	5888
187428	24200	2667	-1	131	0	163840	13568
118408	86353	12259	0	131	1	0	4096
334684	165081	1781	4096	0	0	24576	11047
309561	189156	10189	0	0	1	0	6144
256896	211078	11120	-1	256	1	23808	5120
177827	172023	2276	4096	0	1	143360	5804
92884	12078	610	8192	131	1	2560	15616
114796	29342	11873	0	0	1	0	4352
223514	78887	12840	4096	0	1	120576	3328
230349	203350	16041	4096	131	0	18432	256
323403	303672	15742	8192	131	1	63232	512
155916	95346	825	4096	131	1	90368	15360
239837	154582	13141	0	131	0	0	3072
166320	117204	3249	8192	256	1	108800	13056
253661	48416	11851	8192	0	1	121856	4352
274344	181543	9341	8192	0	1	7424	6912
345383	149069	10489	-1	131	1	275712	5888
282505	57932	5970	4096	256	1	6656	10240
330966	127415	4670	4096	131	0	209408	7753
349801	127918	3305	8192	0	0	111360	11346
58542	27328	1323	0	0	1	0	14848
31467	15125	5498	0	0	1	0	10752
292597	256875	5861	0	131	1	0	10496
84965	58714	3043	8192	0	0	76800	6822
242961	195252	11577	4096	131	0	52224	1356
66454	14153	7025	-1	256	1	48384	9216
36708	3707	15186	0	0	1	0	1024
228915	185975	7806	4096	131	0	103936	6537
305108	293243	3442	0	131	1	0	11865
230129	138694	16146	0	0	0	0	0
150607	28536	9322	8192	256	0	90880	4232
236085	128063	12477	0	131	0	0	3840
182126	159113	15981	0	0	1	0	256
9041	7535	16258	8192	0	1	5888	0
258347	173108	10985	8192	131	0	166400	5376
69417	26047	9116	8192	256	1	40192	7168
213643	49078	14258	8192	256	0	202240	74
124961	42809	12481	8192	0	0	98816	3840
5347	3537	2421	8192	256	1	2816	1810
263626	191391	10417	0	0	1	0	5888
313978	252081	6153	-1	131	0	285184	9984
121641	23660	11189	4096	256	1	78592	5120
246540	96572	5512	8192	256	1	211456	10752
181131	6983	3619	4096	256	0	11008	4025
174562	144747	5657	-1	256	0	131840	10496
198994	114668	4350	-1	131	1	110336	12032
31363	14483	6321	-1	131	1	7680	9984
98791	83203	5376	8192	131	0	5120	6909
315357	22217	2122	0	256	0	0	14080
261013	82924	13841	4096	256	1	114176	2304
42793	39750	9921	4096	131	0	4096	1210
173506	145446	4149	8192	256	1	47616	12032
172323	104809	6133	8192	256	0	155648	9879
307295	106383	4970	0	256	0	0	11264
224918	99398	12753	-1	131	0	211712	3584
85108	73021	12447	0	256	1	0	3840
259778	83423	12294	0	131	1	0	3840
329738	261422	8994	4096	0	1	97536	7168
304005	46944	3064	-1	0	1	129792	13312
268899	53674	86	-1	131	0	165888	16128
170551	54572	14770	0	0	1	0	1536
45864	13605	1344	4096	256	0	44288	10971
167850	74190	11463	4096	0	0	56320	3634
301693	43017	15213	-1	0	0	102144	1024
129078	67385	6895	0	131	0	0	9472
264459	228005	12122	8192	256	0	7936	1371
342047	261034	6410	-1	0	1	46592	9728
33887	30316	16189	4096	0	0	12544	0
297334	286570	14418	8192	0	1	4096	1792
177711	31063	16296	4096	0	0	87808	0
292743	130298	15160	4096	131	0	189184	774
285346	41527	12207	8192	256	0	259840	4096
45297	37581	7847	-1	131	1	41984	7716
117801	90429	877	8192	131	0	99072	7875
51469	23404	12845	-1	256	0	16896	3328
184994	172372	2776	0	256	1	0	12622
316171	177750	1024	4096	256	1	36096	15360
27120	5118	7348	4096	256	1	1536	8960
305850	122645	8547	8192	131	1	185344	7680
338436	216971	8209	4096	131	0	218368	1397
17776	8306	8718	4096	0	1	11776	7424
318749	275395	13327	8192	131	0	228608	2816
221122	178319	4563	0	131	0	0	11776
225483	44054	2625	8192	0	1	209920	13568
4637	1653	15250	0	256	1	0	1024
333016	263735	10843	8192	131	0	283904	5376
291099	99820	4965	0	256	0	0	11264
318409	241591	14675	4096	0	0	35840	73
246271	138664	15576	-1	0	1	151808	768
129257	59701	8042	0	131	1	0	8192
64849	60182	6516	0	131	0	0	4667
13064	1314	16207	0	131	1	0	0
145652	62503	10081	8192	131	1	88320	6144
120938	84652	4410	8192	131	1	110592	11776
155625	71597	7879	4096	256	1	91392	8448
191579	136607	5204	4096	131	1	125184	11008
72766	5966	14327	-1	0	0	70144	2048
43981	17947	1175	8192	131	1	14336	15104
90313	55780	2052	0	131	0	0	14080
273570	82978	2091	0	256	1	0	14080
340497	174823	9367	4096	0	1	186624	6912
85422	42079	11392	8192	131	0	26368	4864
241946	59691	5352	8192	256	1	84736	11008
23979	23261	2827	-1	0	1	256	718
17738	13006	9803	0	256	0	0	4732
205165	75206	573	-1	0	0	73984	15616
69067	26492	15906	8192	0	1	5120	256
259549	177232	15379	-1	256	1	44544	768
162075	142892	13489	4096	131	0	159488	468
186678	59952	13872	8192	256	0	173568	2304
345973	342890	11448	-1	0	0	124928	2966
262883	215890	11812	8192	256	0	169984	4352
130885	53394	5430	-1	256	0	16896	10752
235077	220728	12460	0	256	0	0	3840
329871	85224	13599	8192	256	0	225792	2560
270934	65780	6858	-1	0	1	56832	9472
44000	32917	15192	0	256	1	0	1024
48709	13512	9710	-1	131	1	11520	6656
180502	152927	2235	-1	256	0	84480	14080
345335	232647	7915	8192	256	1	172032	8448
299069	253396	5500	4096	0	0	194816	8748
166883	94115	1743	8192	131	1	121600	14592
123617	18065	8255	8192	131	0	47616	6511
137954	69357	2635	-1	256	0	80640	11283
279290	130442	11396	8192	0	0	172800	630
243415	38562	15227	8192	0	0	125184	1024
327960	237721	11638	4096	131	0	46592	3943
140789	51569	331	8192	256	1	2048	15872
162211	145807	10183	4096	0	0	68864	5745
1307	167	408	4096	0	1	256	1140
145907	50474	13587	0	131	1	0	2560
77679	39382	3290	4096	131	1	3840	13056
148772	49851	11076	8192	131	1	7936	5120
28060	26510	4486	-1	256	1	17152	1550
230954	110120	8066	-1	0	1	2560	8192
149964	5563	10581	8192	256	1	43008	5632
159793	74348	13378	4096	0	0	84480	2816
109056	5547	4902	8192	256	0	72448	10837
246569	91398	6654	4096	0	1	109056	9728
23935	16231	2515	0	0	0	0	7704
209525	10355	12108	-1	0	1	204032	4096
6376	4281	7620	8192	256	0	4608	327
329664	22152	15284	4096	256	0	130304	1024
107812	101935	14030	4096	0	0	18688	465
109837	2318	12166	0	0	1	0	4096
270769	234714	13268	4096	256	0	198912	2854
114242	7876	2944	4096	256	0	7424	12604
120921	14970	3415	8192	131	1	99328	12800
302283	24697	5569	0	256	0	0	10752
330973	32896	6733	-1	0	0	21248	9472
168442	150356	15555	4096	131	1	89856	768
77062	25940	793	8192	131	1	71424	15360
154415	80490	12212	-1	256	0	145664	4096
324294	9572	10791	0	131	0	0	5376
279105	218003	16214	0	256	1	0	0
266842	25701	5432	4096	256	0	18688	7067
293469	176371	2365	4096	0	0	235776	12045
70021	66507	13631	-1	256	1	8192	2560
140722	87796	12024	0	0	1	0	4352
159513	27770	11031	8192	0	1	70400	5120
269714	2749	4763	4096	0	0	4352	1603
346093	293702	4582	4096	131	1	72704	11776
199489	167632	2505	8192	131	1	136448	13824
86217	40163	14515	-1	256	0	35072	1792
243292	126759	10490	4096	256	1	74752	5888
117555	60450	10414	0	256	1	0	5888
14802	11713	14757	-1	131	1	12288	1536
256886	128133	2051	-1	0	0	215808	14080
146898	137121	13666	8192	256	0	102912	2143
342618	235114	11614	8192	0	0	242432	2454
101555	73736	9325	-1	256	0	35328	6912
129612	73531	13425	0	256	1	0	2816
262704	123240	10538	8192	256	1	103936	5632
145093	104842	6849	0	256	0	0	9472
255956	77892	4174	0	131	0	0	12032
306841	164036	12182	8192	0	1	71936	4096
282732	81896	13925	0	131	1	0	2304
126487	88443	13583	0	131	0	0	2560
172482	117822	7459	0	131	0	0	8704
195866	73133	4129	-1	256	0	39424	12032
299074	291913	3986	0	0	1	0	7161
296019	160549	9780	4096	0	1	144384	6400
318658	287332	10440	8192	0	1	98048	5888
232276	129068	15686	8192	0	0	211968	512
97904	12350	4142	0	256	0	0	12032
223787	143623	6897	0	256	0	0	9472
104081	967	5028	4096	256	1	32000	11264
12224	5347	15676	8192	0	1	2048	512
286097	117182	6697	8192	0	1	103168	9472
261275	81626	9062	4096	0	1	252160	7168
316077	179439	821	4096	131	0	12032	13073
192880	187409	9017	0	131	1	0	5471
93380	44823	15712	8192	256	1	89856	512
226774	32151	6745	0	256	0	0	9472
149881	113118	819	-1	256	1	137728	15360
109831	28702	11758	8192	0	0	93696	4066
17225	59	6227	0	256	0	0	9984
194929	29458	327	8192	0	0	57600	11502
313739	296496	14311	4096	131	0	164352	2048
311933	184598	1324	4096	131	1	197888	14848
32826	16891	1254	0	131	1	0	15104
301722	131250	6415	4096	256	0	114176	8014
5425	904	344	0	256	0	0	4521
315321	25605	10094	8192	256	1	76800	6144
109656	10422	4962	0	131	0	0	11264
207160	52522	1953	8192	0	0	112896	13014
282649	230759	7036	0	131	0	0	9216
262063	256821	7220	0	256	0	0	5242
257477	230056	12472	-1	131	0	61440	3840
146922	145322	11996	-1	131	1	125696	1600
205870	175074	5037	-1	0	1	96256	11264
240407	12695	10837	4096	256	0	229888	3689
314116	21551	10699	8192	0	1	269568	5632
140844	39279	12996	4096	0	1	3584	3328
22389	19699	58	-1	0	1	4096	2690
338663	197377	2378	8192	256	1	157952	13824
127006	21734	12016	-1	131	1	12288	4352
62419	16300	5372	-1	256	1	768	11008
330665	216017	1360	-1	256	0	279552	14848
150152	137083	1718	-1	131	0	71168	12933
24478	18696	3577	8192	0	1	2304	5782
277366	152230	8093	8192	131	0	120832	3418
257810	197323	5889	8192	131	0	230656	7477
217677	200018	7293	4096	131	1	104704	8960
319094	90799	6699	4096	131	1	49408	9472
312327	819	11728	-1	131	0	137216	4608
78588	15524	5606	-1	131	0	40704	10752
235103	38951	8605	0	131	1	0	7680
72934	50635	8273	0	131	1	0	7936
8625	1449	3204	8192	256	0	4096	2647
21278	6343	3129	8192	0	0	8192	1849
321469	301379	12784	0	131	0	0	3584
44180	5187	11227	-1	131	0	1536	5120
312123	24911	5238	0	256	0	0	11008
6195	5392	13459	4096	131	0	5632	240
29624	3976	14455	8192	0	0	7936	1792
29524	17118	14771	4096	256	0	9728	1536
255519	69968	11402	8192	0	0	10752	3760
101081	100159	13052	8192	0	0	70912	705
48298	32321	1893	-1	131	0	22528	14336
45980	27330	10032	-1	0	0	39936	6144
104534	100837	5488	-1	256	0	11776	3355
225008	5350	15646	8192	256	0	20480	512
36331	22019	13078	-1	0	1	19968	3072
230455	28692	4981	-1	131	0	23552	11264
87750	19262	3111	-1	256	1	7424	13056
115217	108270	3508	-1	131	0	50432	6674
2625	391	14491	4096	131	0	0	1792
175894	170556	11485	-1	0	0	48896	4864
271337	196878	16094	-1	131	0	205824	256
69211	38971	15354	0	256	0	0	1024
17547	10698	14131	4096	0	0	5888	1590
294977	22512	900	0	0	0	0	15360
281331	47442	11056	-1	256	0	273408	5120
115048	44001	11488	4096	0	0	18176	1055
343131	216433	14149	0	131	0	0	2048
83753	42433	15399	0	0	0	0	768
30352	1204	16318	8192	0	0	9728	0
225874	224534	2568	8192	131	1	134400	1340
57741	39767	13632	4096	0	0	41984	1193
92998	33051	13569	-1	0	0	34560	1509
203943	34489	5610	4096	256	0	177408	10567
273164	240051	5047	-1	131	1	33536	11264
133751	31084	3073	-1	0	0	64512	13056
5016	2598	1862	-1	256	1	3328	2418
147055	135206	11270	-1	0	0	83712	4864
323845	22320	14468	8192	0	1	231680	1792
25049	22787	332	4096	256	1	3328	2262
80042	55354	3614	-1	131	1	41216	12544
208024	161291	4077	4096	131	1	32000	12288
304162	55049	12631	0	256	0	0	3584
110618	59786	62	4096	0	0	88576	13942
212048	60089	16300	4096	0	0	22784	0
127016	126132	2889	-1	131	0	91648	588
312752	272477	10991	4096	131	0	192256	1955
79033	76165	7615	-1	0	0	7168	2683
306916	247115	471	4096	131	0	279040	15029
200828	25131	1412	0	256	0	0	14848
77627	61262	12318	-1	131	0	3072	3840
139502	64145	14254	8192	0	0	49920	1391
264165	215550	4085	4096	256	1	219392	12288
134754	88822	2559	0	0	1	0	13824
118943	35749	15687	0	131	1	0	512
203388	157631	13506	0	131	0	0	2816
289542	185224	1440	0	0	0	0	14848
321834	30447	12715	4096	256	0	135680	2321
136873	120444	3843	-1	131	0	61696	12288
184813	95499	3919	8192	256	1	184064	12288
309752	167447	9524	4096	131	1	112640	6656
111299	31536	6481	-1	0	1	37888	9728
170070	72123	12414	4096	0	0	168960	1605
35715	32902	15104	-1	131	0	32256	1280
67780	7063	7237	-1	0	0	17664	8960
98903	66353	6498	8192	256	0	54784	7375
162900	33613	12727	0	131	1	0	3584
343734	67423	12924	4096	0	1	93952	3328
349326	57749	4706	0	131	1	0	11520
91024	80902	12515	8192	256	1	59648	3840
223416	3846	896	0	0	0	0	15360
185223	120734	16225	8192	0	1	158208	0
35073	24397	5364	0	0	0	0	10676
75815	7829	15955	0	131	0	0	256
78732	44290	12330	0	131	0	0	3840
68114	5428	8551	0	131	0	0	7680
52213	15691	14681	8192	256	1	18176	1536
321678	111973	2069	0	0	0	0	14080
207758	44700	14583	4096	0	1	35584	1792
213172	75787	7342	-1	256	1	119296	8960
225928	191770	6182	0	131	0	0	9984
145008	3475	14575	-1	0	1	113408	1792
135771	20195	7644	8192	131	0	85504	4381
106400	43981	9412	-1	256	1	61952	6912
18728	5193	5772	-1	131	0	5888	695
62808	44288	6545	-1	256	1	52224	9728
263732	241736	3218	8192	0	0	137472	12216
301508	142051	8480	8192	131	1	265472	7680
190502	116463	8595	0	131	1	0	7680
293396	121510	3403	0	131	1	0	12800
341089	89844	1977	0	0	0	0	14336
312919	155065	13908	-1	0	0	184832	2304
31870	16040	7228	8192	131	0	18688	2648
163731	79855	6540	4096	0	0	73728	6161
252573	191287	14204	8192	256	1	214272	2048
33488	10606	7888	0	0	1	0	8448
52671	20156	14534	8192	0	1	26624	1792
34022	852	6079	8192	256	1	18176	10240
312168	132503	3286	-1	0	1	178432	13056
215732	198558	4774	-1	131	1	67328	11520
163887	95925	15203	0	256	1	0	1024
23212	12277	3156	8192	0	1	18432	10935
161746	42530	8835	-1	256	0	158720	7424
109246	36223	9617	8192	256	1	26624	6656
41933	5772	14143	0	131	0	0	2048
181117	141124	11948	0	256	0	0	4352
198867	112041	4415	4096	131	0	61184	10839
201308	90694	14820	4096	0	0	85760	1536
28465	5675	11783	-1	0	0	21504	4352
293362	171841	9617	4096	0	1	290048	6656
87987	79253	7133	0	256	0	0	8734
54107	21429	7100	8192	256	0	3072	3147
34586	4015	12648	-1	131	0	29184	3584
44229	32952	4988	8192	131	0	9984	8008
88605	75479	10172	8192	131	0	18176	6144
257526	32273	15099	0	131	1	0	1280
61606	46460	1700	8192	131	1	44544	14592
286930	107815	13782	4096	256	1	64768	2560
318276	311759	6523	8192	256	1	279040	6517
213661	135292	11802	8192	131	1	86016	4352
167156	569	14230	8192	256	1	80128	2048
181115	71990	1426	8192	0	1	107264	14848
144939	13533	13104	4096	0	1	75008	3072
310425	167859	4410	0	131	1	0	11776
271339	43679	10208	0	256	1	0	6144
283052	66174	3603	0	256	0	0	12544
165100	130343	14100	-1	0	1	155136	2048
123791	2630	14365	8192	0	1	28928	1792
207015	163292	6927	8192	0	0	41472	8740
62069	16444	8671	4096	0	1	11776	7680
51842	19687	10229	4096	131	1	17664	6144
283218	254019	12313	0	131	0	0	3840
217514	141117	2187	8192	256	1	121088	14080
256003	213647	3170	0	256	1	0	13056
175624	111581	12907	4096	0	0	104192	3107
99324	99236	15929	4096	256	1	64000	88
120260	36716	3826	8192	256	1	114176	12544
18468	7269	6904	0	0	0	0	9472
325844	81887	1447	-1	0	0	72192	14848
257376	208096	11722	0	0	1	0	4608
112228	63900	13374	8192	256	1	58368	2816
77060	76623	15880	-1	0	0	2048	433
245686	177303	2311	4096	131	0	82432	11113
287736	247648	13295	4096	0	1	135680	3072
341381	39282	8842	4096	0	0	162048	5774
5620	1603	7049	-1	256	1	4352	4017
74341	63147	5646	8192	0	1	12288	10496
172235	102258	7542	0	131	0	0	8704
60620	43334	11414	4096	0	0	59648	1722
187458	100564	12136	4096	256	1	123648	4096
257573	257369	9872	8192	256	1	231424	204
258827	181730	12295	4096	131	0	9728	2590
35069	21367	14679	8192	256	1	25600	1536
200090	164527	12562	4096	0	1	29952	3584
183120	36320	1244	4096	256	0	28672	12832
27928	4394	11107	0	0	0	0	5120
237259	196404	5027	8192	256	0	214272	8396
338130	222231	16218	0	256	0	0	0
328324	236745	1761	-1	131	1	261120	14592
81343	76310	1767	0	131	0	0	5033
316461	302686	15844	4096	131	0	289536	418
214596	12005	14939	4096	256	1	100864	1280
322164	260156	3474	-1	256	1	49920	12800
215244	156824	7619	-1	0	1	77568	8704
257124	37878	6079	-1	131	0	26880	10240
213018	94736	7518	8192	256	1	52992	8704
302145	260676	4824	4096	131	0	50432	9660
314243	58598	4766	8192	256	1	257280	11520
252121	2659	4804	-1	131	0	203776	11520
264058	212171	14142	-1	131	1	102144	2048
121783	16237	11428	8192	256	1	58624	4864
40333	2370	9060	4096	0	0	7424	5054
300463	206678	3501	-1	0	0	33536	12800
71340	67026	6883	-1	0	0	62976	4142
193873	83790	5739	4096	0	1	183296	10496
263037	73009	15437	0	0	0	0	768
317906	9345	15398	4096	0	0	282624	768
250825	127681	5764	-1	131	1	228352	10496
90734	54127	11064	8192	131	0	56320	2193
200987	121682	5054	0	256	0	0	11264
256035	234801	4908	0	0	0	0	11264
33580	7812	10500	8192	256	0	32768	380
325711	221794	4458	0	0	0	0	11776
43638	2595	14361	4096	0	0	40704	1501
225401	114043	3339	-1	256	1	71424	12800
291865	230700	11662	4096	0	0	136448	2772
222635	159561	5649	8192	256	1	177152	10496
286192	6075	9350	-1	131	1	52224	6912
243231	150937	13706	8192	256	0	139520	2560
146474	24928	15234	0	0	0	0	1024
305780	242635	10002	8192	131	1	199936	6144
233225	19767	6235	8192	256	0	72960	4809
294219	236440	2718	4096	256	1	141056	13568
68858	10244	1959	-1	256	0	62208	14336
93802	39934	10079	4096	0	1	64256	6144
320049	77171	7971	4096	131	0	270848	4749
221630	154611	11220	4096	131	1	161536	5120
11264	8733	1454	-1	0	1	7424	2531
140830	15044	14056	4096	256	0	70400	1340
67410	37730	8465	4096	131	0	5632	7326
294673	228157	7402	-1	0	0	168448	8960
75312	15616	7247	-1	0	0	70912	8960
70155	59258	13569	-1	256	0	46336	2560
218888	38105	7871	4096	256	1	82176	8448
260464	89864	11452	-1	256	0	67584	4864
199036	2191	9432	8192	131	0	147200	6001
264716	38917	3341	0	131	1	0	12800
173892	143209	9997	8192	131	1	56832	6144
35823	18641	15233	4096	131	0	21248	1024
268652	106696	2369	0	131	1	0	13824
7094	2852	3082	8192	0	1	5120	4242
267534	160609	8546	4096	256	0	149248	7327
318626	220791	5554	-1	0	1	255744	10752
245554	118741	5485	8192	0	1	135424	10752
236640	191941	4487	8192	256	0	185344	4667
268177	87803	8379	4096	256	1	43008	7936
8612	1126	9719	8192	256	1	5632	6656
30207	13790	14557	4096	0	0	24832	1792
156396	84745	1089	8192	256	0	147712	13559
234411	195896	4916	8192	131	0	5888	8904
284735	158552	114	-1	131	0	183808	16128
341878	263253	14016	8192	131	1	84224	2304
247036	216761	3778	4096	256	0	53504	8519
137921	67337	11634	4096	0	0	10496	2295
340861	312990	12182	-1	256	1	180480	4096
43429	41457	10122	4096	131	1	24320	1972
296759	95693	1195	0	131	1	0	15104
78268	36555	903	4096	131	0	15872	12597
270450	39178	5481	0	256	0	0	10752
204870	157119	2346	0	256	0	0	13824
190132	18765	4525	0	256	1	0	11776
185164	11739	5308	0	131	1	0	11008
62563	11052	12202	8192	0	0	34048	4096
329247	311328	16043	8192	131	1	178432	256
51732	28066	9281	0	256	0	0	6912
129110	27714	1284	-1	0	0	47872	14848
328366	84753	6224	8192	256	0	316416	5359
79872	51878	2502	8192	0	1	5888	13824
217343	89164	10113	-1	131	1	106240	6144
63490	5384	9322	0	256	0	0	6912
239036	220615	10982	8192	131	0	104448	569
297552	38411	9730	0	256	1	0	6400
326627	33541	5475	-1	0	0	153600	10752
99803	70981	10527	-1	131	0	98304	5632
301517	88307	16271	4096	256	0	115456	0
227516	163014	12485	-1	256	0	40704	3840
173674	60974	14979	8192	256	0	102144	1280
302353	161137	6656	8192	256	0	262144	2703
218664	77280	103	8192	256	1	24832	16128
310989	60763	3140	-1	131	0	180992	13056
49126	18151	12903	0	131	0	0	3328
167062	83849	13456	-1	256	1	65024	2816
657	563	9368	4096	0	1	0	94
246673	116214	14933	0	131	1	0	1280
179689	46180	14777	4096	256	1	140544	1536
253466	205197	15152	4096	256	0	144640	1024
223586	29846	298	-1	0	0	161024	15872
245269	117164	12203	8192	256	1	130048	4096
272388	107776	9338	0	131	0	0	6912
263488	214696	7654	0	0	0	0	8704
165974	140926	5294	0	0	0	0	11008
100677	72488	8366	8192	131	0	11264	1240
129588	65319	7694	4096	0	0	3072	8409
272586	119711	15988	-1	131	1	202752	256
145481	109998	5678	0	0	1	0	10496
162807	19525	3217	8192	256	0	125952	5051
339840	120619	8142	-1	131	1	79360	8192
141880	73497	13385	8192	0	0	116992	231
8043	405	12794	0	256	1	0	3584
8894	8818	16291	0	0	0	0	76
10031	7275	10989	4096	131	1	6400	2756
66866	23498	12734	8192	0	1	48384	3584
279305	141262	8212	0	256	1	0	7936
304017	40805	1267	-1	131	0	63488	15104
187015	40994	13343	8192	256	0	126720	2816
204600	58390	16156	0	256	0	0	0
95148	7974	12623	4096	256	1	14080	3584
175550	95341	8960	0	256	0	0	7424
322787	173025	13895	8192	131	0	114944	2304
36027	16829	6427	0	131	1	0	9728
194203	102560	5868	0	256	0	0	10496
18944	3883	12692	8192	131	1	7936	3584
213904	195809	2618	8192	131	0	123392	8991
343069	59548	14268	0	0	1	0	2048
250747	15182	11711	8192	131	0	175360	1202
292267	200174	675	-1	256	1	84992	15616
316752	242408	8021	-1	131	1	32256	8192
200706	131942	15943	8192	0	1	2304	256
235482	158639	5393	8192	131	1	171264	10752
262103	93080	5952	8192	256	0	153344	5224
252853	192247	16350	8192	0	0	171776	0
151280	130674	8685	4096	0	0	58112	4494
224401	152458	6834	-1	131	1	134144	9472
93676	14218	1365	-1	131	0	71936	14848
250575	101949	6097	4096	131	1	68608	10240
268435	116498	7873	4096	131	1	134912	8448
181734	87103	316	8192	0	1	180480	15872
215865	118789	646	0	131	1	0	15616
208767	207868	4592	8192	0	0	82432	772
97439	46990	14931	4096	131	0	70656	1280
139605	31229	1235	8192	256	1	103936	15104
66847	50439	1638	4096	0	0	38400	11001
10677	2639	9286	-1	131	0	9216	6577
102338	67972	10232	4096	0	0	84992	5756
84840	50184	6203	-1	131	1	23296	9984
65670	11827	5423	4096	0	1	1792	10752
99870	5853	14096	4096	0	0	94208	2048
72840	11885	6534	-1	131	1	66048	9728
331072	219434	13925	8192	256	1	316160	2304
12513	10672	662	0	131	0	0	1841
299999	203976	2066	-1	256	1	195072	14080
196411	120820	484	0	0	1	0	15872
69541	48946	13057	8192	0	0	57856	206
266826	63825	13167	4096	131	0	38144	1711
311318	151987	4215	4096	131	1	176640	12032
319111	106450	11273	0	131	0	0	4864
53090	21235	11587	4096	0	1	25344	4608
199599	165443	2271	0	256	1	0	14080
53192	11120	9261	0	0	0	0	6912
304217	165024	5742	8192	131	1	258304	10496
95994	73146	4008	0	131	0	0	12288
35800	13448	6681	-1	131	1	7680	9472
26855	20805	5409	0	256	1	0	6050
83443	29932	11496	8192	256	1	72448	4864
41704	13114	14783	4096	256	0	40448	1536
333674	137618	9261	-1	0	1	134144	6912
43452	3669	10364	4096	256	0	39424	4523
116579	60396	11925	0	256	1	0	4352
172154	166577	8247	-1	0	0	57856	5455
79637	41917	5639	-1	0	0	59904	10496
151992	108423	11907	0	131	0	0	4352
23099	12927	10961	-1	256	0	19200	5376
292769	118329	13465	0	131	1	0	2816
141253	29653	7212	0	131	0	0	8960
184130	117850	13182	8192	256	0	124928	3072
337379	24580	15358	0	256	1	0	1024
211015	98237	745	-1	131	1	111360	15616
321121	133637	5453	4096	131	1	141312	10752
232520	16608	14136	-1	256	1	93952	2048
313590	255106	8568	-1	131	1	302592	7680
245713	144936	14243	0	131	1	0	2048
158206	145891	1761	8192	0	1	89344	12315
183745	45256	5324	8192	131	1	77568	11008
60470	55557	7308	4096	131	1	26112	4913
119360	12546	589	4096	256	0	38656	12030
295863	227402	1774	4096	131	1	247296	14592
240908	204668	5701	-1	0	0	10240	10496
122734	86308	7588	4096	0	0	79360	7900
61351	16049	11906	8192	131	0	7936	335
123217	37863	15822	8192	0	1	88576	512
104419	3640	2231	0	131	1	0	14080
246146	117534	12662	8192	0	1	221440	3584
285533	36082	15005	-1	131	1	18176	1280
121918	72793	10652	0	256	0	0	5632
19859	10455	346	-1	131	1	256	9404
104197	45475	12105	8192	0	0	512	3677
73719	15679	5250	8192	131	1	51968	11008
105314	104479	11575	8192	0	1	35840	835
174403	145782	5197	0	131	1	0	11008
271606	159500	2656	-1	256	0	137728	13568
245417	89473	4638	8192	131	0	96768	7295
190429	146206	7109	0	0	0	0	9216
53460	33953	7584	-1	131	1	30976	8704
27371	13483	6614	4096	256	1	22784	9728
152843	41687	16097	8192	0	1	58880	256
333281	170905	8045	8192	131	1	50176	8192
48048	38610	753	0	256	1	0	9438
271615	1801	3902	8192	0	1	193536	12288
79378	75684	15441	4096	256	0	512	768
226090	184282	6346	0	131	1	0	9984
70071	34307	13687	0	0	1	0	2560
308605	281001	8356	0	131	1	0	7936
337635	89181	3640	-1	131	0	219648	12544
86920	48659	2956	-1	131	0	58112	9453
303820	129149	7887	-1	131	1	192512	8448
267068	63819	2472	-1	0	1	220160	13824
142177	99168	11541	8192	256	1	105984	4608
208226	73298	3705	8192	131	1	37376	12544
308893	82284	3100	4096	0	1	176896	13056
234537	120719	14111	-1	256	0	6912	2048
256491	156013	7388	8192	0	0	232960	7827
26307	3757	6701	-1	256	0	6656	2899
16381	10958	3630	0	0	1	0	5423
320690	197978	13491	-1	131	0	230400	2816
178250	133240	15883	4096	0	0	168704	256
10253	8694	397	4096	131	1	1280	1559
59825	14370	15575	8192	131	0	27392	768
1165	693	7586	8192	131	1	0	472
13120	4201	9205	4096	256	0	11008	3991
249583	142896	3519	4096	256	1	131584	12800
8405	1640	2246	4096	256	1	6400	6765
259887	247163	13947	-1	256	0	73216	2304
51127	7480	10923	0	0	0	0	5376
134115	127983	9745	4096	256	1	111616	6132
28881	4751	13227	4096	0	1	19968	3072
219057	135400	4471	4096	256	1	26368	11776
145688	85690	15285	4096	256	0	75520	326
339652	129685	7892	0	131	1	0	8448
264302	95560	14307	-1	131	0	98304	2048
192135	22454	14104	-1	0	0	115968	2048
164256	133181	11845	4096	131	1	46848	4352
6096	5854	16343	-1	131	1	1024	0
195360	156976	926	0	0	1	0	15360
234382	103571	5103	4096	0	0	60160	11117
188204	100637	10513	0	131	0	0	5632
56018	51932	8700	-1	131	1	26368	4086
343697	96686	8265	0	256	0	0	7936
268303	69790	3897	-1	0	1	148224	12288
84251	77343	1203	0	0	0	0	6908
96050	71090	4691	0	131	1	0	11520
113493	62568	3611	-1	131	1	61184	12544
277018	140973	6933	0	256	1	0	9216
127736	120668	442	4096	0	1	77824	7068
50644	39692	8975	0	0	0	0	7168
15244	9370	9251	4096	0	0	8704	2918
118694	22194	5692	-1	131	1	26112	10496
149748	110120	13159	-1	0	0	107008	3072
255683	14169	7470	0	0	0	0	8704
10515	9191	519	0	256	0	0	1324
60965	48883	11385	4096	0	1	47872	4864
297458	16596	16051	-1	131	1	129792	256
183754	164015	8114	0	0	1	0	8192
199873	42948	6415	-1	256	1	12288	9728
189197	25915	10273	-1	0	1	45824	5888
273495	585	16128	-1	256	1	120320	256
210406	152682	8536	8192	131	0	60672	2966
193721	116487	1022	4096	131	1	10240	15360
130531	101142	3897	8192	131	0	96000	5354
172119	151357	14377	-1	256	1	98560	1792
324240	184565	13203	-1	0	1	165120	3072
137205	67901	1434	4096	131	0	132352	14019
151644	3819	1426	-1	0	0	78592	14848
12917	519	12718	-1	256	0	2304	1785
279349	172733	10607	4096	256	0	151552	3395
269889	218392	14244	0	0	1	0	2048
163036	83211	402	-1	131	1	160256	15872
29899	19010	5900	8192	256	0	29184	5566
31798	25968	1789	-1	131	0	25088	5520
274223	184442	13013	0	256	1	0	3328
209560	110490	14160	-1	256	0	132096	2048
88227	64387	9004	-1	131	1	47872	7168
12078	8853	8789	8192	0	1	8192	3225
140936	105468	7157	0	0	0	0	9216
56083	47237	3660	8192	131	1	22272	8846
130014	73214	1528	8192	0	1	116224	14848
213960	164677	14485	-1	256	1	1792	1792
224335	222509	3930	8192	0	1	96256	1826
29548	15261	11896	8192	0	0	10752	1123
177896	142614	8841	4096	131	1	95488	7424
49948	20930	14003	8192	131	1	3840	2304
65850	40992	6284	8192	131	0	32256	8160
267215	203583	5153	8192	131	1	23808	11008
179245	23660	15454	4096	256	0	97792	768
74399	4814	1581	4096	0	1	64768	14592
4453	2224	11163	4096	0	0	3328	1104
57507	3436	175	8192	131	1	43520	16128
309113	11145	9186	-1	0	1	6656	7168
155756	148064	14391	-1	131	0	144896	1792
251228	196605	10073	8192	256	0	211456	3
204198	71403	5334	0	256	0	0	11008
136830	73270	11528	8192	0	1	17152	4608
277882	154490	6011	0	0	0	0	10240
136270	13629	12632	8192	256	1	127488	3584
106493	54740	6117	4096	0	0	8192	6700
197654	104767	177	8192	0	1	78592	16128
338557	142279	13480	0	131	0	0	2816
334365	213090	12371	-1	0	0	86272	3840
172236	103552	4292	8192	0	0	32512	11136
335571	248497	5703	4096	256	1	7936	10496
184689	62251	10488	-1	0	1	130048	5888
270689	207930	6735	0	0	1	0	9472
203536	179679	8902	8192	0	0	37632	545
329148	121539	14715	8192	131	0	197632	1341
44067	26067	8327	4096	0	0	21504	6701
134485	127047	15458	0	131	1	0	768
234233	118798	6094	8192	256	0	123136	4082
223004	67979	15946	0	256	1	0	256
289968	267622	13399	4096	131	1	216832	2816
335563	74366	938	-1	131	0	288000	15360
14720	7257	1201	4096	0	1	8448	7463
302291	129218	6348	-1	0	1	174336	9984
173335	22988	13689	-1	256	1	67584	2560
177246	31979	8202	8192	0	1	24576	7936
44190	35940	2337	4096	0	0	15104	5020
245888	72090	6637	4096	0	1	256	9728
245186	102236	7826	0	0	1	0	8448
68576	48131	8761	4096	0	0	37376	5117
82334	42601	9963	4096	0	1	4608	6400
153194	41549	12367	-1	0	1	120576	3840
254152	184564	8237	0	131	0	0	7936
324705	160156	1715	8192	0	1	311296	14592
94292	36936	10194	0	256	0	0	6144
188430	161250	12023	-1	0	1	128256	4352
267299	23381	10837	4096	256	0	252160	5291
28860	28035	1921	4096	0	1	5376	825
299360	239679	11319	4096	0	0	192512	1985
307348	145559	13657	4096	0	0	104448	1897
53853	43179	6339	0	256	1	0	9984
189882	12732	13869	4096	0	1	45824	2304
154121	142085	5637	0	256	1	0	10496
243141	227216	13664	4096	131	0	69888	2160
94484	40319	2991	8192	256	0	67584	8833
197867	168708	14342	-1	131	0	81664	1792
272526	30600	9856	0	256	0	0	6400
65730	11824	1906	0	256	1	0	14336
67740	44884	5996	0	256	1	0	10240
277908	190565	7976	-1	256	1	70656	8192
94304	19719	9496	8192	256	1	37120	6656
291893	222534	14041	4096	131	0	114944	2304
254155	97411	1392	4096	0	1	223488	14848
166727	93587	6156	0	131	1	0	9984
300851	225807	14193	8192	256	1	112384	2048
221553	100561	1763	-1	0	0	139776	14592
284389	133101	13551	-1	131	0	84224	2816
306773	249830	14591	0	0	1	0	1792
16692	10952	6738	8192	256	0	5376	5432
328708	292166	13719	8192	256	0	223744	2560
288330	147095	13210	-1	256	1	224768	3072
175018	79363	3047	4096	0	1	151296	13312
266193	256786	2568	8192	131	0	147456	5358
270821	252573	6827	4096	256	0	29952	5475
294535	34319	5135	4096	0	1	202752	11008
190722	116429	6899	8192	0	0	90112	6451
198883	100732	10396	0	131	0	0	5888
302535	21187	15933	-1	0	1	167936	256
176437	160791	8442	-1	131	0	133888	7936
345789	3675	5744	8192	256	0	78592	4517
336736	299997	9549	-1	0	0	92672	6656
217699	69804	13313	4096	131	0	19200	2816
261920	198750	11376	8192	0	0	151040	4864
96007	20350	11620	-1	0	1	20480	4608
14856	10583	13664	8192	256	1	13568	2560
329614	65080	5924	4096	0	0	111616	8648
97928	33530	9109	0	0	1	0	7168
205808	26390	15858	4096	131	1	50688	512
110196	81360	11324	4096	0	1	58368	4864
116826	55787	8876	0	256	0	0	7424
238928	131817	13464	-1	0	0	166400	2816
321159	26134	10595	-1	131	1	236032	5632
184457	93651	5754	8192	256	1	26112	10496
245772	101854	10924	0	131	0	0	5376
993	420	2043	8192	256	1	256	573
196569	169208	2228	-1	131	0	8192	14080
149185	117593	14219	8192	256	1	96000	2048
37736	36866	6914	8192	131	0	34816	510
25547	1547	5966	-1	256	1	8704	10240
253212	111951	3311	8192	0	0	225792	10929
95131	27005	6674	0	256	0	0	9472
202274	75469	7409	-1	131	1	13056	8960
190171	115279	73	0	256	1	0	16128
203234	101291	11147	8192	0	0	198144	5120
254454	78222	4474	0	131	0	0	11776
70045	27838	6744	0	256	0	0	9472
113040	18246	7724	-1	256	0	98816	8448
197614	95106	12959	-1	256	0	24320	3328
155141	66352	10076	8192	0	1	57344	6144
156861	14632	11169	0	0	0	0	5120
283418	60820	5347	0	131	0	0	11008
273317	70213	5174	0	0	1	0	11008
103685	3172	12468	4096	131	1	35840	3840
296399	185227	5577	-1	256	1	20736	10752
57853	5332	4495	0	256	1	0	11776
132750	73273	3121	8192	0	0	88832	8647
344015	302400	14747	-1	131	0	9984	1536
176065	73899	11305	8192	0	0	20224	4864
96	91	12949	-1	0	1	0	5
53556	40457	15213	4096	0	0	27392	503
319426	255647	3369	0	131	1	0	12800
90437	14717	6924	-1	256	1	67840	9216
280950	94629	9612	4096	0	1	265728	6656
186963	51964	6228	0	0	0	0	9984
64178	18659	6554	8192	131	1	33536	9728
65393	57194	7617	0	0	1	0	8199
228975	49153	16111	4096	131	0	202240	256
165747	59290	13798	8192	131	0	153344	2560
60142	21585	7369	-1	131	1	26368	8960
234778	120860	12352	0	0	1	0	3840
165778	146406	15746	-1	0	0	86528	512
281614	161096	2599	-1	131	1	49664	13568
203112	47339	6405	0	256	1	0	9728
43934	22361	10451	0	131	0	0	5888
90243	89168	11090	-1	256	1	19456	1075
13866	9597	12242	-1	0	0	9472	4096
203535	148860	105	0	256	0	0	16128
167580	69865	7790	8192	131	1	115712	8448
311321	183879	2747	8192	256	0	263168	12729
234749	148008	13389	4096	131	1	18176	2816
101866	26470	14188	8192	131	0	79104	2048
324661	244903	12112	-1	256	1	319488	4096
198480	153189	838	8192	131	1	140288	15360
253224	148506	15836	4096	0	1	101376	512
229691	79963	6532	4096	131	0	105728	6053
138551	2914	4856	-1	256	1	135680	11520
251025	144407	10961	-1	131	1	63232	5376
158751	132818	12418	-1	256	0	61952	3840
222084	49607	6010	4096	0	1	143104	10240
75009	4312	6320	0	0	0	0	9984
167287	90292	11897	8192	256	0	102400	4352
43119	28192	7572	4096	131	0	23296	8672
12080	7663	9711	0	131	0	0	4417
29899	26038	15697	8192	256	0	19712	512
20085	18588	10501	0	0	0	0	1497
259053	86645	1341	8192	131	1	104448	14848
299875	153213	13272	8192	131	0	37632	2435
101469	24255	2460	-1	131	0	100352	13824
159304	19647	4136	-1	256	1	43008	12032
123303	2392	15058	0	131	0	0	1280
240465	131487	9245	8192	0	0	30464	6912
274415	10091	15888	0	256	0	0	256
123290	88483	4911	4096	131	0	47104	9821
316847	102975	2601	0	0	1	0	13568
148698	120646	15967	-1	0	1	145664	256
120017	8674	2473	4096	256	1	83456	13824
184146	133722	5012	-1	0	1	58880	11264
81166	47550	12431	-1	256	1	46848	3840
29888	27117	15157	4096	0	1	2560	1024
189124	149479	15443	4096	131	0	19712	768
346556	157175	15305	4096	0	1	9984	1024
167341	80067	3287	0	0	1	0	13056
286603	192335	9147	8192	131	0	190208	4273
176654	22860	90	4096	0	1	13568	16128
254067	227125	15191	4096	256	1	109568	1024
227120	18015	15394	8192	131	1	126208	768
227242	180576	789	0	131	0	0	15360
150160	64809	4591	4096	131	1	146432	11776
150954	89122	306	8192	0	0	129792	9182
331320	140317	6566	4096	131	0	118016	7139
314439	178047	10751	4096	256	1	15616	5632
205993	72112	6372	0	0	0	0	9984
291141	49235	2641	0	256	1	0	13568
91218	22470	10771	8192	131	0	45312	2106
42815	39551	8136	0	0	1	0	3264
289619	123909	4853	8192	0	1	252928	11520
160004	66416	400	0	256	0	0	15872
65769	56275	917	8192	131	0	36352	9261
20497	19506	7171	-1	0	0	11008	974
290594	60311	11115	-1	131	1	22016	5120
324971	145856	12018	8192	256	1	145152	4352
212685	19965	13518	-1	0	0	62720	2816
102107	29235	2775	0	131	1	0	13568
54130	15609	10272	8192	131	1	1536	5888
165031	107611	11327	4096	256	0	109056	1445
9399	4865	14734	0	0	0	0	1536
292713	215917	14248	0	256	0	0	2048
163006	111384	8112	4096	131	0	105984	7400
56188	43051	10194	4096	256	1	45056	6144
2498	1024	7564	8192	256	0	1536	512
45701	428	5199	-1	131	1	18944	11008
288590	254671	5564	4096	131	0	27904	7473
110261	27036	3584	4096	256	1	67584	12800
287491	249132	8875	8192	0	0	259584	4820
202988	158540	6992	-1	0	0	168192	9216
212238	84450	6021	4096	256	1	60672	10240
220186	212260	14010	4096	256	0	18432	732
298528	64530	10586	0	256	0	0	5632
185024	45407	6482	4096	0	1	104960	9728
161608	65836	4601	0	131	0	0	11776
122768	1209	7641	-1	256	1	25600	8704
150645	123937	2362	-1	0	0	23040	13824
284564	81121	3915	4096	0	0	145408	8991
326467	254280	15696	-1	256	0	210176	512
137692	121412	3179	0	256	1	0	13056
139238	29092	881	0	131	0	0	15360
190906	73748	7117	4096	0	0	13568	8172
321615	78025	15399	4096	131	1	184832	768
44133	40069	12521	8192	131	1	22784	3840
220226	206470	9226	-1	256	0	170240	6912
21883	17628	13238	8192	131	1	13312	3072
44384	30449	2954	-1	256	0	36096	5647
41526	17586	4799	4096	0	0	39680	11086
168216	106220	4780	-1	131	0	74752	11520
175955	86679	14519	-1	0	1	24576	1792
334854	19973	16037	0	256	0	0	256
129293	108973	1431	0	256	1	0	14848
192380	42060	2944	8192	0	0	101632	7092
247717	209428	7973	4096	131	1	232192	8192
74620	57028	1399	0	131	0	0	14848
175906	172731	2230	8192	131	1	160256	3175
303579	116306	14798	8192	256	0	114176	1536
316353	25019	229	8192	0	1	267264	16128
248214	78259	8567	0	131	1	0	7680
24223	22249	910	-1	256	1	4608	1974
89497	60912	14333	4096	256	1	61952	2048
348090	327588	146	8192	131	0	89856	8284
112228	36303	13646	4096	131	1	72448	2560
82752	67165	14912	4096	0	0	3328	1280
97012	34914	6679	8192	131	0	80896	6046
2085	1776	13020	0	131	0	0	309
1277	946	15289	0	256	1	0	331
326690	11928	13268	8192	131	1	19200	3072
203509	60401	7407	0	256	1	0	8960
52919	49383	7643	8192	131	0	36864	3353
281965	245728	6199	0	256	1	0	9984
212467	111331	12669	8192	131	1	204800	3584
128789	26838	4538	-1	0	1	117504	11776
42621	17351	9753	4096	0	0	25088	3129
179279	154877	14565	4096	131	1	168704	1792
8658	7637	4982	0	256	0	0	1021
262534	160864	13917	8192	0	0	117504	2304
112158	54923	2921	-1	256	1	6144	13312
35242	31250	15206	8192	131	1	11008	1024
139229	65315	4628	-1	131	1	16128	11520
98534	61533	5644	8192	0	1	15360	10496
9579	1877	7924	-1	0	0	6144	4267
55847	44487	11787	-1	0	1	512	4352
270840	146983	7038	4096	0	0	60672	8665
262001	16263	13801	0	256	1	0	2560
52760	9752	13177	4096	256	0	9472	2536
133864	104866	4899	8192	131	0	109568	4702
129464	58799	5913	8192	131	0	56576	6737
5348	5277	2257	-1	0	1	1536	71
65139	52750	13651	4096	131	1	32256	2560
31679	28602	15712	8192	131	0	12288	512
2592	1115	14153	-1	131	1	0	1477
67915	61069	2820	-1	0	0	65024	3955
329967	161448	7439	4096	256	0	60928	6488
219325	178416	5776	8192	256	0	146688	10000
128367	18801	9475	4096	131	0	24064	5263
343180	97648	2567	4096	131	1	147968	13568
78914	78358	7560	-1	256	1	37632	556
163005	78084	15058	4096	0	0	95232	1280
94705	22980	11175	0	256	0	0	5120
9110	8285	2218	0	0	0	0	825
45324	28476	8240	0	0	0	0	7936
220800	5785	1931	8192	256	0	87296	10599
267535	220977	5962	4096	256	1	132352	10240
334179	252252	4917	4096	256	1	250112	11264
301895	194484	11847	0	0	0	0	4352
337647	141923	15193	0	256	1	0	1024
99823	59839	1363	-1	0	0	19968	14848
67008	22018	12986	8192	0	0	49152	2558
231177	198224	11823	0	256	1	0	4352
295029	121363	9977	-1	256	1	243456	6400
186849	8966	343	4096	256	1	183296	15872
323716	90521	8908	8192	0	0	251136	7424
325249	319452	13429	-1	0	1	164608	2816
102689	78314	997	0	131	0	0	15360
102904	47965	4420	8192	0	1	45568	11776
17457	1267	107	-1	0	0	512	16141
78064	63845	9913	0	0	1	0	6400
182749	85161	12387	8192	0	1	57088	3840
149992	10608	13424	4096	131	0	88320	1680
282311	90487	16328	0	131	0	0	0
200956	181865	9250	8192	256	1	166656	6912
72892	34033	8385	-1	256	1	11520	7936
170594	35799	14810	4096	256	1	124416	1536
130270	12392	4069	0	0	0	0	12288
64842	31156	15194	0	256	0	0	1024
192953	147104	12210	0	0	0	0	4096
1985	520	12717	-1	256	1	0	1465
188657	107621	1538	0	0	0	0	14592
347729	31230	15076	8192	0	1	26880	1280
343779	46922	4426	4096	131	0	21504	10422
90907	30303	6945	-1	131	0	32512	2209
13289	7823	6625	-1	0	1	2304	5466
137740	38442	14197	4096	0	1	88064	2048
79849	72402	981	8192	0	1	55040	7447
167053	165367	5149	8192	256	0	163584	1289
336172	133505	1625	-1	256	0	43264	14592
76537	57161	6042	-1	256	1	76288	10240
246117	175697	9472	8192	256	0	25344	4527
180799	27261	1953	0	0	0	0	14336
43295	3524	16185	4096	0	1	1792	0
211680	24032	9330	-1	256	0	129024	6912
5700	3999	11917	-1	256	1	1792	1701
128459	67200	2765	4096	256	1	88576	13568
33899	2028	5114	4096	256	1	18944	11264
61010	26910	814	8192	256	0	41216	14050
1808	1372	6794	4096	0	0	256	420
61992	56481	6480	-1	256	1	61952	5511
131295	3323	9481	-1	0	1	34560	6656
177720	146030	5421	4096	0	0	128512	9618
147020	123836	7328	4096	0	0	47872	7236
308618	39192	1268	4096	0	0	50688	11496
241704	183260	1064	4096	131	0	51200	13348
209269	32123	6228	4096	131	0	141056	8837
43761	9440	4313	0	256	0	0	12032
268554	266465	7500	0	131	0	0	2089
326624	107465	7842	8192	131	1	170496	8448
291256	99460	8408	0	0	1	0	7936
225288	75632	243	-1	131	0	142080	16128
27242	13813	12864	8192	0	0	11520	2571
202164	186262	6110	0	131	1	0	10240
254155	240730	880	8192	0	1	164608	13425
203389	88054	8116	8192	256	1	59648	8192
35500	11086	12374	4096	0	1	35072	3840
201316	144914	8075	4096	131	1	135168	8192
295750	51797	8544	8192	256	0	235264	5547
234484	138525	4698	8192	256	1	52480	11520
180532	67214	5123	0	0	1	0	11008
83988	60820	10842	4096	131	0	1792	4716
302276	81553	10486	4096	256	1	70144	5888
123988	79460	3396	8192	256	1	89088	12800
231438	101172	1988	-1	131	0	114688	13516
263902	223520	1225	-1	256	1	22272	15104
309458	220687	12555	0	256	1	0	3584
253478	121978	16016	8192	0	1	151808	256
80457	10412	2741	0	131	1	0	13568
268338	187480	4054	0	0	1	0	12288
176348	63586	8656	-1	0	1	82944	7680
250987	137126	662	0	131	0	0	15616
2456	2271	10091	4096	256	1	0	185
272793	39913	5299	8192	131	1	110592	11008
215136	60687	7532	-1	256	1	115456	8704
27377	15885	3001	-1	0	0	20736	4851
95629	60954	1882	8192	0	0	9216	12774
270085	39051	3376	4096	131	1	136960	12800
281335	124870	8912	4096	256	1	267776	7424
282252	54584	1188	0	256	1	0	15104
170763	144960	317	4096	131	0	139520	14784
279383	23292	8389	8192	0	1	35072	7936
99506	87000	9954	-1	0	0	39424	6400
282807	152019	3727	-1	256	1	125952	12544
293689	274929	8433	0	0	0	0	7936
80877	14786	7604	8192	131	0	66048	1598
291114	131681	670	8192	131	0	41984	7583
34685	10133	8556	0	131	0	0	7680
281722	208293	12049	4096	131	0	62208	603
97523	97378	2651	0	256	1	0	145
24836	22771	16169	8192	256	0	23552	0
241574	140849	1872	0	0	0	0	14336
152612	147023	14161	-1	256	1	42240	2048
44792	7496	16031	4096	131	1	40192	256
226890	28399	4583	8192	0	0	134144	4369
219440	49474	3155	-1	0	0	120576	13056
77729	8640	9793	4096	0	1	37888	6400
313079	180718	4613	0	131	1	0	11520
74073	67550	3550	-1	256	0	22016	6178
60575	30013	9802	0	0	1	0	6400
348802	130577	15689	-1	0	0	4864	512
74899	58704	9629	8192	0	1	23552	6656
307398	214339	4042	4096	256	1	82688	12288
28541	23315	14207	8192	256	0	12800	1261
183806	180941	2182	0	131	0	0	2865
253908	227026	7824	8192	256	0	119296	2350
323258	265515	109	8192	256	0	158208	13013
11627	8054	7514	0	131	0	0	3573
198478	121486	790	8192	0	1	179456	15360
180988	16706	15381	8192	256	0	48896	768
160696	33823	664	4096	131	1	144128	15616
97409	70826	6859	-1	131	1	59392	9472
50071	23096	14318	-1	0	1	31744	2048
40326	40196	13829	4096	256	0	13568	130
311588	245743	6030	4096	256	0	225280	8209
105164	18462	8160	8192	0	1	100096	8192
105349	64416	422	0	131	1	0	15872
297152	294891	11976	-1	256	1	130560	2261
128514	52358	4729	8192	0	1	60416	11520
346110	314599	14384	4096	131	0	77056	793
15909	6548	9847	0	0	1	0	6400
129353	124804	4103	4096	0	0	39424	2172
235538	18899	3768	-1	256	1	91904	12544
250066	380	9464	-1	256	1	236544	6912
323819	165360	7079	4096	0	0	292352	6672
285336	261098	5728	-1	256	1	126208	10496
243438	144512	14018	0	256	1	0	2304
233811	230315	14761	8192	256	1	150528	1536
332259	77962	11149	0	0	1	0	5120
52749	51968	3748	8192	131	1	4864	781
193274	13058	9058	4096	0	1	10496	7168
63567	48898	2719	8192	131	1	44032	13568
59350	3961	5830	-1	131	1	20736	10496
232711	77055	9413	-1	131	0	155904	6912
297058	1502	12789	0	131	0	0	3584
163021	128109	5606	4096	256	0	59136	7059
175721	4506	3473	0	131	0	0	12800
341746	195476	15433	0	256	0	0	768
10470	4699	1074	8192	256	0	4864	165
152960	118678	9112	8192	131	1	46848	7168
290545	238396	20	-1	0	0	136448	16128
337467	297414	3278	8192	131	0	6400	5690
1739	1423	12358	4096	0	0	1024	113
168979	16455	2867	-1	256	0	156928	13312
25951	25861	12498	-1	256	0	21504	90
238633	115919	1583	4096	131	0	108032	11057
263532	4006	4000	0	256	0	0	12288
243003	80395	4348	8192	131	0	194560	9717
294823	116064	4610	4096	256	0	226560	10912
262696	124418	7777	8192	256	1	57600	8448
282114	71989	1718	0	256	0	0	14592
115287	65645	7495	8192	131	1	67072	8704
75620	54117	14217	0	131	0	0	2048
145815	144808	14069	0	0	1	0	1007
331436	251055	3507	0	131	0	0	12800
71035	44110	6762	-1	0	0	9728	9472
62219	25869	10388	8192	131	0	34048	5888
20701	7653	3934	8192	0	0	1536	8731
185948	4089	13156	-1	131	1	160512	3072
204947	17749	9790	0	0	0	0	6400
67875	10371	15232	-1	0	0	64512	1024
170275	29190	8938	0	256	0	0	7424
283754	233359	3249	-1	256	0	123904	13056
308829	17237	5750	8192	256	0	112128	7339
315122	255288	10558	4096	131	0	62464	2760
219164	199645	8230	4096	131	1	184576	7936
181826	46313	6041	8192	256	1	122880	10240
198182	197657	4141	-1	131	0	133888	231
282818	120724	14170	-1	0	1	53760	2048
43127	29391	1616	8192	256	0	7936	11569
299254	185798	14132	8192	0	1	74752	2048
35676	29375	11536	8192	0	1	9216	4608
209291	207490	9485	8192	256	0	115456	1406
296304	133386	15182	-1	131	1	122624	1024
338688	137535	3977	4096	256	0	166656	9921
1998	62	2124	0	0	1	0	1936
105166	86090	3837	-1	0	1	39680	12544
32256	7495	3867	8192	0	1	6144	12288
208525	48796	7254	4096	0	1	157184	8960
69781	19928	14051	8192	0	1	44032	2304
319409	224752	14310	4096	0	0	299520	528
169865	56205	13428	-1	131	1	26368	2816
189468	41969	6038	0	131	1	0	10240
80132	5205	434	0	256	1	0	15872
86129	58353	15750	4096	0	1	21504	512
42339	13504	6228	0	0	1	0	9984
18104	9581	5210	0	131	1	0	8523
240806	56688	14454	8192	256	1	237312	1792
50038	44758	12262	4096	131	0	31232	298
258346	25489	13326	-1	131	0	113152	2816
152091	31104	6567	8192	256	1	55808	9728
176999	161031	14589	0	256	0	0	1792
179983	78455	6478	0	0	1	0	9728
179844	152171	1526	-1	256	1	101376	14848
173856	12157	7454	4096	131	1	169984	8704
27365	10443	6890	-1	131	0	22272	9472
258790	250516	440	0	131	1	0	8274
148725	71617	5377	0	256	1	0	10752
75940	40843	11536	0	256	1	0	4608
106507	32665	16153	4096	131	0	14592	0
241756	143636	6665	-1	131	0	3072	9472
260137	241873	11439	0	0	0	0	4864
166877	159658	16060	8192	0	1	26624	256
312329	280756	12420	-1	256	0	175616	3840
224966	187281	9151	8192	131	1	214784	7168
238406	75968	3751	8192	131	1	156672	12544
275662	154611	9803	-1	256	1	196864	6400
102754	14712	12272	8192	0	0	88832	1672
204638	117938	16360	4096	0	1	152064	0
135242	61495	1456	-1	131	1	90624	14848
263751	57883	2221	-1	131	0	56064	14080
333779	276832	9429	4096	0	0	322304	5792
61008	11449	419	8192	131	0	50432	13127
231654	28473	14220	8192	256	1	183040	2048
345908	90870	9332	0	0	0	0	6912
253698	126037	6703	0	256	1	0	9472
91622	13312	8089	0	131	1	0	8192
300103	128345	8509	0	131	0	0	7680
315255	253819	71	4096	0	1	137728	16128
287595	22626	9986	4096	0	0	49408	6046
268916	59116	4042	4096	256	0	171520	10516
319678	114879	3517	0	256	0	0	12800
2783	1733	9757	0	131	1	0	1050
41390	29971	5376	-1	256	0	39936	9965
133915	102387	10813	-1	256	1	57344	5376
315782	272691	6894	-1	0	1	286720	9472
304310	224690	12008	4096	256	1	45568	4352
180204	105501	10898	0	131	0	0	5376
19254	7000	16181	-1	256	1	12544	0
60138	59130	3376	0	0	1	0	1008
249363	55888	5963	4096	256	1	244736	10240
326051	240049	4656	8192	256	0	260096	5711
191660	158454	2969	0	0	1	0	13312
215277	49259	11861	0	0	1	0	4352
333762	146819	8306	0	131	0	0	7936
158185	52977	2574	4096	131	0	53760	783
144758	77914	665	8192	256	0	73216	12198
195445	67216	8221	0	131	0	0	7936
94945	63011	10296	0	256	0	0	5888
295389	158296	3587	0	131	1	0	12544
197258	98463	5371	-1	256	1	99072	11008
75619	32469	7907	8192	256	0	35328	299
248883	133191	1921	4096	256	1	30464	14336
82257	7979	16055	8192	131	1	41728	256
115077	4204	1436	8192	131	0	36608	12180
265881	244151	3065	0	131	1	0	13312
263327	251828	3876	-1	0	1	63232	11499
10384	1972	6789	0	0	1	0	8412
12614	3411	5893	8192	0	0	6400	2989
220640	35982	122	4096	131	0	27136	13170
4328	3232	2620	8192	256	0	512	608
66210	22785	8229	8192	256	0	40960	1791
26950	21285	2948	8192	131	1	12800	5665
345903	65044	8654	4096	256	0	268800	4588
42808	14502	128	0	0	0	0	16128
241610	163906	12310	8192	256	0	65792	3840
311345	15899	306	-1	131	0	17152	1253
212453	77942	14304	8192	256	1	161024	2048
154805	79063	2569	8192	0	0	20224	11049
37999	10078	3009	-1	0	1	10752	13312
113171	93697	6376	4096	0	1	30464	9984
89528	80506	419	0	0	0	0	9022
108655	94691	7693	0	131	0	0	8448
204577	154882	14472	0	0	0	0	1792
244262	202060	9556	4096	131	0	64512	2740
306651	282066	5870	0	131	1	0	10496
40984	7428	9121	8192	256	0	36352	764
161071	58060	11091	-1	256	0	13568	5120
237974	232433	3059	-1	0	1	186880	5541
337366	258975	1189	4096	131	1	259072	15104
92019	18425	14221	-1	0	1	89856	2048
162870	110013	2477	-1	131	1	144128	13824
341867	115174	6577	0	0	1	0	9728
22621	203	14958	4096	0	1	9984	1280
128660	54230	8508	0	0	1	0	7680
156387	110335	15086	4096	256	0	133632	257
262595	150677	3171	8192	131	1	133376	13056
72638	8654	8343	4096	131	0	11008	2354
156232	38197	8837	0	256	0	0	7424
122179	99722	4516	4096	256	0	37632	10870
275376	100408	8179	0	131	1	0	8192
111970	92145	15583	-1	256	1	50432	768
184606	78866	1700	8192	0	0	27648	11246
37104	30490	3656	8192	0	0	9216	2278
233644	15811	14901	4096	131	0	57600	573
45086	44690	5604	4096	256	1	44288	396
283399	164936	14789	0	131	0	0	1536
301338	70525	12437	8192	256	1	110592	3840
170020	136780	1215	4096	0	0	102912	14772
112139	40945	6544	0	131	1	0	9728
311160	136851	292	0	256	1	0	15872
136325	75239	14872	8192	131	0	135936	1280
195780	62968	4927	4096	0	0	75008	10760
103554	18279	4486	0	131	1	0	11776
24501	5722	11020	4096	0	0	20736	2470
303709	178270	15711	8192	256	1	88320	512
26017	20146	14534	-1	0	1	8704	1792
202448	129483	834	-1	0	0	59904	15360
254673	253388	3821	8192	256	0	177408	564
112708	81745	6710	4096	0	0	106240	8367
101724	62599	5472	8192	256	0	42240	2937
347374	8946	2379	0	256	1	0	13824
25509	1049	973	0	131	0	0	15360
209192	21159	7054	0	0	1	0	9216
18051	6954	15863	-1	256	1	2560	512
73533	5692	15051	0	131	1	0	1280
336400	41542	1761	4096	131	1	267520	14592
25817	21973	4822	-1	256	1	8704	3844
41488	4795	1784	4096	0	0	20224	11589
276315	44819	11360	4096	256	0	209152	4333
335470	270944	3287	0	131	1	0	13056
112434	63839	5773	0	256	0	0	10496
83521	82761	1668	-1	256	0	29952	439
81609	16930	15749	-1	256	0	71936	512
108176	13282	271	0	256	1	0	15872
1410	410	10598	0	256	0	0	1000
181077	92692	8546	4096	131	1	170752	7680
252855	221873	5273	4096	0	0	232704	7503
186428	142369	9548	8192	256	1	174336	6656
96273	84224	3925	8192	0	0	45056	5888
291652	83169	3842	8192	131	1	149760	12288
305166	275806	1973	4096	131	1	300288	14336
219076	153143	6302	-1	256	1	148224	9984
147965	113702	1458	0	0	1	0	14848
70529	26968	11902	4096	256	0	2304	1704
169088	89784	10887	8192	0	1	85504	5376
9492	9203	9834	4096	0	1	6912	289
82847	75926	10911	4096	0	0	13312	1898
197424	48987	12866	4096	256	1	144384	3328
283886	222115	12201	0	131	1	0	4096
289395	78450	4946	0	131	0	0	11264
81570	1014	2056	8192	131	1	33024	14080
157639	25065	11170	0	256	1	0	5120
59145	51996	5349	0	0	1	0	7149
75097	20597	188	0	131	1	0	16128
216918	124034	10379	4096	131	0	124160	126
16371	3745	378	0	256	1	0	12626
24572	1909	8037	8192	256	1	23040	8192
98424	20683	9109	8192	131	1	37632	7168
32730	32581	15348	4096	131	0	22016	149
76940	53603	2392	8192	0	1	74496	13824
216077	43629	2876	0	131	1	0	13312
132346	129763	14684	0	0	1	0	1536
103400	5738	8375	-1	131	0	15360	7936
339827	71837	13817	4096	256	1	145920	2560
77295	37860	11819	8192	131	0	64000	3100
83397	17526	2594	8192	131	0	1792	7050
194804	39271	9032	4096	256	1	100096	7168
260767	194778	9424	4096	131	1	168192	6912
316017	296133	734	-1	0	1	192000	15616
312025	300318	11840	-1	256	1	294144	4352
186148	127211	15438	4096	0	0	168192	768
322272	255203	10028	8192	0	1	30976	6144
252030	186088	14632	-1	131	0	29440	1536
75311	55741	6254	4096	131	1	65536	9984
64019	51617	11941	8192	0	1	29696	4352
124507	38888	9790	0	0	0	0	6400
347962	112385	1652	0	0	1	0	14592
127050	17809	13109	4096	256	0	3584	2671
270096	141101	5574	8192	256	1	213504	10752
74529	70624	7619	8192	256	1	35328	3905
111497	83939	1109	4096	256	1	15872	15104
44420	21430	6438	-1	0	1	36864	9728
176931	132059	652	4096	131	0	40448	15397
254800	173879	9143	0	256	0	0	7168
187800	184794	12436	4096	131	1	21504	3006
42909	41802	1865	8192	256	0	30720	694
7031	359	3545	8192	0	1	5632	6672
179308	102319	7154	-1	131	0	104960	2641
4924	25	6191	-1	256	0	1792	1767
235754	69560	10552	0	0	0	0	5632
177960	86277	4955	8192	0	0	11776	3835
82157	45951	4056	-1	0	0	25856	12288
338480	323783	15081	8192	0	1	110848	1280
217494	173676	3778	8192	131	0	149504	6548
340973	213555	1329	-1	0	1	219904	14848
294461	11315	10395	-1	131	0	65280	5888
339089	22018	12771	0	131	1	0	3584
190442	38229	6254	-1	131	0	40960	2731
60851	2745	886	4096	256	0	39680	13639
213618	9606	2199	-1	256	1	90880	14080
185705	36285	1872	-1	131	0	123136	14336
288819	56000	12032	8192	256	1	260608	4352
84622	4808	13844	-1	256	0	55808	2304
56414	796	11109	8192	256	0	52736	5120
21979	7832	11116	8192	0	1	15872	5120
139713	98691	10421	-1	0	1	110848	5888
76288	61549	3288	4096	131	0	18688	12179
58785	32391	15400	4096	256	0	56576	377
295044	16424	12546	-1	256	1	196352	3584
293229	239707	6404	0	256	1	0	9728
41856	9718	3103	4096	131	0	10752	1034
216799	37138	3628	-1	131	0	116480	12544
216050	66967	12407	8192	131	1	77568	3840
198435	19871	13350	8192	131	1	29952	2816
167966	59546	5050	-1	256	0	52480	11264
187746	60308	3528	8192	256	1	153600	12800
272448	3675	12864	4096	131	1	178176	3328
119832	110322	16119	8192	256	0	106496	256
142459	112248	9983	8192	256	0	54528	2440
88518	28188	5464	0	0	1	0	10752
241677	6987	12324	8192	256	0	141312	1205
311612	61067	3558	8192	256	1	32256	12800
237626	198576	1990	0	256	1	0	14336
180542	44274	14106	8192	256	1	38912	2048
103462	33976	11686	-1	0	0	54016	4608
234835	10869	8773	0	256	1	0	7424
280868	35968	10552	8192	256	0	114944	4992
34869	24407	10114	4096	0	1	2816	6144
321862	320104	10449	8192	256	1	203776	1758
197928	802	15561	4096	0	1	37888	768
7096	3492	5064	-1	0	1	2048	3604
224963	123238	8774	0	131	1	0	7424
303734	227907	14639	0	131	1	0	1536
161411	60213	12929	0	131	0	0	3328
126858	57429	14702	-1	131	0	8704	1536
89	51	13869	-1	256	1	0	38
220574	166474	11874	0	256	1	0	4352
185276	181489	1021	8192	256	1	55552	3787
30598	10763	2613	8192	131	1	14336	13568
343109	74834	11719	4096	256	1	118528	4608
65152	25692	11401	0	0	0	0	4864
179439	13635	6216	0	131	1	0	9984
62150	39486	4808	4096	256	0	16640	9666
109664	107313	14039	0	131	0	0	2304
112456	71212	9657	0	256	1	0	6656
86138	80051	8488	0	256	0	0	6087
188413	104736	10471	-1	0	0	74752	5888
66568	40808	1330	0	0	0	0	14848
150719	87005	13563	4096	256	1	103424	2816
294743	289868	3919	-1	0	1	211712	4875
303807	246094	15708	-1	131	1	184576	512
51029	34994	9631	4096	0	1	17664	6656
60626	53389	13641	4096	131	1	17152	2560
144383	77164	738	0	256	0	0	15616
9259	9082	1141	8192	131	0	3072	177
267194	114684	15776	8192	0	1	228096	512
63308	8448	14074	-1	131	1	2304	2304
106407	69397	3604	0	256	1	0	12544
4133	2721	3135	8192	256	1	512	1412
94864	74774	10042	-1	131	0	2816	6144
148230	26825	1215	0	0	0	0	15104
239287	150255	8895	4096	256	0	140800	5393
310020	187	2787	4096	256	1	9984	13568
123950	10704	10666	0	131	1	0	5632
291430	84007	14712	4096	256	1	45568	1536
117727	15235	10152	4096	256	1	12032	6144
173187	145396	3605	-1	131	1	170240	12544
242323	145539	3868	4096	0	0	167680	10109
76319	69456	14527	4096	256	1	10496	1792
87293	40545	11715	0	131	1	0	4608
61060	39222	15771	4096	0	0	29696	512
302846	216109	10593	0	256	0	0	5632
123631	45903	15496	-1	0	0	105728	768
326566	154452	909	4096	256	1	67584	15360
140914	45867	4951	-1	0	1	768	11264
276079	145096	14389	0	131	1	0	1792
328560	132345	1861	-1	0	0	44288	14336
130050	106630	11221	-1	131	1	82688	5120
51739	26962	9702	8192	256	1	29440	6656
142346	6005	10086	-1	256	0	93696	6144
119879	61978	15377	-1	131	0	26368	768
13530	7021	13723	-1	256	0	7936	915
286368	46674	11794	8192	0	0	109824	2478
236351	168896	479	4096	131	0	172544	3648
200909	199038	15390	-1	131	0	64512	768
343723	115121	4643	8192	256	1	332544	11520
187109	98465	14474	0	256	0	0	1792
211115	107757	5806	0	256	1	0	10496
268903	97505	2871	4096	0	1	23040	13312
295373	39950	3741	8192	0	1	1792	12544
301830	152592	5153	-1	0	0	148992	11008
59980	39954	3253	4096	0	0	27136	9198
124073	96385	11000	-1	131	0	57344	5376
105045	55203	14028	0	0	0	0	2304
160489	49862	13057	0	0	0	0	3072
150973	2345	7904	4096	131	0	34560	5847
319616	134550	1211	8192	0	1	114688	15104
84812	16045	4192	-1	256	1	24832	12032
137947	84926	11467	4096	0	1	3328	4864
201347	9720	1991	8192	256	0	26624	6664
333704	283464	7852	0	256	0	0	8448
335254	210333	4148	-1	0	0	245504	12032
186559	178947	9149	0	0	1	0	7168
165158	120466	5164	8192	131	1	69888	11008
117981	92992	14742	8192	256	1	70656	1536
74564	34729	10039	8192	256	1	44800	6144
253324	14983	6002	4096	131	0	98304	9593
212089	124857	13850	8192	0	0	119040	2304
41276	6843	11521	4096	131	0	15616	1349
331728	330558	1957	0	256	1	0	1170
103335	40900	4202	4096	256	0	52480	8252
69148	67870	59	4096	131	1	64768	1278
8631	3303	12548	0	256	0	0	3584
337204	285351	7719	0	131	0	0	8448
335916	50172	12406	-1	131	1	147968	3840
37019	3596	10172	-1	256	1	14336	6144
281571	70735	4463	0	256	0	0	11776
12264	8902	1454	-1	256	1	1536	3362
214842	184091	1212	-1	131	0	153088	15104
333596	292776	15560	0	256	0	0	768
208428	158806	10285	0	256	0	0	5888
80414	8008	12222	4096	256	1	55296	4096
58721	20948	6871	-1	256	0	48896	9472
162008	37231	12758	4096	256	1	89856	3584
203385	109007	1843	4096	131	0	114176	5169
132548	14591	7595	8192	0	1	130304	8704
141284	102321	2049	4096	256	0	7680	12367
335988	295864	37	8192	256	1	64000	16128
153761	48318	11410	-1	256	1	72192	4864
301495	52170	8893	-1	0	1	143616	7424
285731	71466	5891	4096	131	1	48384	10240
34197	7609	12656	-1	256	0	30208	3584
118124	26301	9279	8192	0	0	38656	6467
298520	81936	9309	8192	131	0	173568	6912
181416	75050	3367	0	131	1	0	12800
335298	189303	1644	0	131	1	0	14592
141360	136979	8040	8192	256	1	82432	4381
317235	35653	3565	0	131	1	0	12800
54918	49938	2621	4096	0	0	1792	3310
312320	85347	6850	-1	131	1	124672	9472
190008	112247	15640	-1	256	0	122112	512
197740	107304	14338	8192	256	1	95232	1792
117275	55699	2528	8192	256	0	89600	9837
223206	279	6262	0	256	1	0	9984
31578	14148	10937	8192	131	1	3072	5376
143401	14506	8655	8192	0	1	46080	7680
342746	203033	11445	-1	256	0	288000	4864
147637	38795	5081	8192	0	1	11008	11264
272024	151943	10576	-1	256	1	6656	5632
158681	101754	9542	-1	131	1	125184	6656
209218	195279	10052	4096	131	1	137728	6144
294749	246411	5261	8192	0	1	228864	11008
30764	2543	14631	8192	256	0	29952	1536
306667	9825	11607	8192	131	1	130304	4608
133607	76861	10219	8192	131	0	125952	5059
37323	31836	1544	0	0	0	0	5487
205415	185845	5033	8192	256	0	86016	10763
52736	9479	9252	8192	256	1	28416	6912
227791	117051	1158	8192	131	0	184832	14021
244349	213329	3664	4096	131	0	1024	11951
196819	79411	12949	8192	131	0	66816	2509
97739	90955	8155	8192	0	1	95744	6784
92379	74620	1265	8192	0	0	67584	7300
51405	25324	12417	4096	131	0	38144	3348
231306	146775	3678	-1	256	0	50432	12544
238870	107873	14834	0	256	1	0	1536
46455	11463	11852	0	131	0	0	4352
304084	135145	12548	0	256	1	0	3584
128635	85074	7676	0	131	1	0	8704
174894	14488	8577	8192	0	1	102656	7680
154642	120099	5931	0	0	0	0	10240
326633	97593	15250	4096	256	1	42496	1024
244066	47922	4346	-1	0	1	101888	12032
89245	19124	7008	-1	0	1	9984	9216
132834	98561	12316	0	131	1	0	3840
37160	33533	11677	-1	0	0	34816	1283
135853	101136	5961	-1	256	1	26368	10240
33669	16362	7985	-1	0	0	30208	8192
72107	58828	2300	8192	0	0	56832	6708
257372	29724	12365	8192	0	1	112384	3840
204876	34841	4843	0	256	1	0	11520
279191	182987	12288	8192	131	0	162048	4096
140984	29051	4870	4096	131	0	5888	7813
344848	82486	1275	4096	256	0	195840	11722
91930	70837	540	4096	131	0	7680	15179
311798	107290	12570	0	0	0	0	3584
117672	78065	14137	4096	256	1	25856	2048
146564	36552	15613	4096	0	1	5120	768
6926	792	1426	8192	0	1	5632	6134
1693	172	13974	-1	131	1	768	1521
346814	108179	12984	0	131	0	0	3328
215293	103028	6825	0	131	0	0	9472
296788	163465	13616	-1	0	1	83200	2560
130972	72153	11065	0	0	1	0	5120
250318	155576	6284	0	256	1	0	9984
258700	204837	14450	-1	256	1	205568	1792
198731	131831	13571	-1	256	0	182528	2560
233711	71681	1901	4096	0	1	88576	14336
27303	557	4215	8192	0	0	9984	7635
290390	105702	15429	8192	0	1	48896	768
119827	13387	4513	8192	0	0	2560	11189
259199	179152	1090	4096	0	0	240384	13360
185025	46803	6850	0	131	0	0	9472
194841	89955	8881	8192	256	1	76544	7424
15855	1172	3241	4096	0	1	1280	13056
314045	314016	8138	4096	0	1	58880	29
86539	9207	7009	4096	256	1	44544	9216
11305	8731	264	0	0	1	0	2574
168802	30994	9045	8192	0	0	104192	1774
5689	370	15720	0	0	1	0	512
334420	308484	6833	4096	0	1	2304	9472
186163	148044	1333	4096	256	0	10240	11700
118976	55212	1214	4096	131	0	63744	8532
324341	27091	9175	-1	131	0	181248	7168
290286	134410	10343	-1	0	0	127744	5888
309210	46242	6559	4096	0	1	284928	9728
291145	247343	2495	8192	256	1	168192	13824
187291	11066	9691	4096	0	1	61184	6656
305415	24418	6135	8192	131	0	49920	8350
5310	541	7379	8192	131	0	3328	2787
155734	7994	10910	4096	131	0	93440	4294
137789	15266	8120	4096	131	0	70400	5214
238860	36892	168	8192	0	1	64512	16128
67378	10632	13315	4096	256	1	22784	2816
161988	60316	6739	8192	256	1	77824	9472
335317	38534	656	-1	0	1	333568	15616
304187	108583	14551	0	131	0	0	1792
74176	47892	6439	0	256	0	0	9728
168736	136349	10000	0	0	1	0	6144
297301	202988	14385	4096	256	0	27136	1792
297977	35774	8879	4096	0	0	282112	5186
226141	219728	6724	4096	0	0	75520	5552
36285	10720	6345	4096	256	0	5376	9760
167668	59188	10281	-1	0	0	82944	5888
125328	58225	10614	8192	0	1	111360	5632
306321	86488	3206	0	256	1	0	13056
124516	60543	10477	0	131	1	0	5888
133668	12295	13828	-1	256	0	65536	2304
161883	72179	7498	4096	131	1	56064	8704
67070	24468	695	0	0	1	0	15616
205198	137247	9093	4096	256	1	8960	7168
125097	40740	2575	0	0	0	0	13568
35927	35055	1250	4096	256	1	22016	872
194586	107044	3142	4096	131	0	115712	8668
133002	83837	3722	0	0	1	0	12544
223087	116622	15230	-1	131	0	206080	1024
295471	104204	12004	0	131	0	0	4352
177324	114892	3496	8192	0	0	31232	7988
169272	78066	4884	8192	256	1	66048	11264
91727	23562	14933	0	131	0	0	1280
10022	7548	5997	-1	256	1	3584	2474
25091	8441	15128	8192	0	1	19712	1024
148036	45852	13084	8192	256	1	35072	3072
20953	12897	9796	8192	256	1	3072	6400
256939	1743	5541	8192	131	0	82688	6449
91412	63024	15212	-1	256	0	7680	1024
22610	2802	1200	4096	131	1	1792	15104
64477	27268	14110	4096	0	0	14592	1404
206933	115368	5848	-1	256	0	189440	10496
199384	88949	12348	-1	131	1	112896	3840
46199	4718	16301	0	256	1	0	0
135871	74468	7101	0	256	1	0	9216
19529	12579	11757	8192	131	1	4352	4608
40672	24604	942	-1	131	0	17408	15360
347788	183281	12019	8192	0	1	92928	4352
25588	4580	6897	-1	0	0	5120	540
338483	70430	9646	0	131	1	0	6656
312884	219599	9848	4096	256	1	184576	6400
316890	171415	9499	4096	0	1	224000	6656
182837	126995	7725	-1	0	1	118016	8448
81319	68549	15126	-1	0	0	39424	1024
41070	4514	6761	4096	0	1	17664	9472
215340	50611	8355	4096	131	1	112128	7936
207124	164560	10479	8192	0	1	20480	5888
270351	219085	7137	4096	256	0	99072	6195
177284	121592	11990	4096	131	1	82432	4352
125933	57960	769	-1	256	0	91904	15360
265695	62296	13731	-1	0	0	15616	2560
220327	126571	12224	4096	256	0	94976	405
83453	29837	16359	8192	131	0	15104	0
145982	45273	7017	4096	0	0	53504	7975
79895	30571	14547	4096	0	1	46592	1792
93305	73781	2476	-1	256	1	65280	13824
244004	217623	5656	4096	0	0	49152	7657
145031	24495	460	0	0	1	0	15872
48414	43591	8857	8192	0	0	15616	4793
273622	30586	4036	-1	131	1	64512	12288
259294	189651	3693	8192	0	1	28928	12544
211001	22184	15626	4096	256	1	164864	512
121010	6676	4856	8192	131	1	512	11520
138472	74322	1636	8192	131	1	125952	14592
140553	108805	7961	4096	131	1	55552	8192
261545	217394	8624	4096	0	1	80896	7680
98892	86395	12212	8192	256	0	6400	3717
289136	281894	393	8192	0	1	155392	7242
157178	86825	15571	0	256	0	0	768
262806	57016	1371	8192	256	0	173568	8520
11898	2297	3663	0	0	1	0	9601
63256	50486	15489	0	256	1	0	768
332866	181149	13495	8192	131	0	14592	2816
291198	198140	6229	8192	0	1	1280	9984
90324	44501	10384	0	0	1	0	5888
291237	195968	9869	4096	256	0	241920	4736
143177	112367	8721	8192	256	1	33536	7424
299222	261976	5517	0	131	1	0	10752
328753	227449	10071	8192	131	0	270592	1927
210985	8196	14824	4096	131	1	22528	1536
165671	114598	10700	4096	131	0	54784	4186
319030	309613	6322	-1	0	1	135680	9417
192696	41787	8514	0	256	0	0	7680
95029	46079	3918	-1	256	0	43776	12288
256312	115574	1037	0	0	0	0	15104
330359	178792	13134	4096	256	0	158464	1432
17942	11643	15542	4096	0	0	13568	645
29725	6081	3137	-1	256	0	27136	13056
202849	151481	982	4096	131	1	43008	15360
173378	97943	14657	8192	0	0	84224	361
298392	89709	11464	-1	256	1	271616	4864
87548	18621	14633	8192	0	1	56576	1536
17410	14843	2537	8192	256	0	8960	1541
74640	29309	4354	0	131	1	0	11776
55352	11186	5999	-1	131	0	43264	10240
36537	28000	11181	8192	131	0	21504	4768
254315	137503	4522	4096	131	1	154624	11776
165760	158252	1452	4096	0	0	80896	5588
35371	6255	6444	8192	0	0	5120	1937
44030	23731	11692	0	131	0	0	4608
182217	82472	13803	0	256	0	0	2560
39835	27084	3419	0	256	0	0	12751
238774	91083	6953	0	0	1	0	9216
23371	14493	7887	-1	256	1	16640	8448
347250	43097	888	-1	131	1	184064	15360
123820	32095	9018	-1	131	1	88064	7168
95757	17468	16095	8192	131	1	67840	256
337235	262274	2796	0	131	1	0	13568
190057	138392	11523	8192	0	1	92160	4608
48361	26120	4974	-1	256	0	21504	11264
183456	117593	16076	4096	256	0	132352	256
272678	270251	9800	0	131	0	0	2427
325850	262661	7034	-1	0	0	56576	9216
38253	12134	3737	8192	256	1	27136	12544
320439	145967	14184	4096	131	1	19712	2048
311747	310976	4092	4096	0	0	90624	320
290891	70230	13244	8192	256	0	51200	3072
173510	39033	1897	4096	0	1	16640	14336
15851	10276	2593	0	256	1	0	5575
129440	63765	12290	-1	256	1	73216	3840
65969	24727	10294	-1	131	1	55552	5888
62189	30225	10037	-1	131	0	43776	6144
102142	39712	14037	8192	256	0	32000	1248
268200	183761	11280	-1	0	0	22784	4864
150480	67529	10172	-1	0	1	109312	6144
241186	124948	2336	0	131	1	0	13824
106865	17649	12717	8192	0	0	83456	3584
149776	790	12108	8192	0	0	10496	4096
331191	270618	7635	0	256	1	0	8704
290601	216327	2108	4096	0	1	245504	14080
348553	270441	10853	8192	0	1	48384	5376
234362	26205	5941	0	256	0	0	10240
207700	194181	12141	4096	0	1	198400	4096
336389	324968	13592	0	256	1	0	2560
291218	79447	15539	0	131	1	0	768
29463	7316	15530	-1	131	0	5120	768
89879	76055	2396	0	131	1	0	13824
155202	117737	5005	8192	256	0	109312	5143
47745	1788	3873	0	131	0	0	12288
281791	138178	5543	8192	131	1	211200	10752
21506	3468	4793	-1	131	1	13568	11520
203306	146339	6201	0	256	0	0	9984
279917	180800	8218	8192	256	0	157952	7616
247335	51618	9027	4096	0	0	39680	5726
262428	261042	1962	0	131	0	0	1386
266000	123970	15498	8192	0	1	160768	768
57565	12608	4191	8192	0	0	54784	11968
127298	34150	16262	-1	256	0	6912	0
184528	25398	11161	0	0	0	0	5120
229765	157062	4714	-1	0	1	204800	11520
258531	121443	5577	4096	256	1	240640	10752
111050	49140	10164	0	131	1	0	6144
56077	37033	12524	4096	131	0	48896	3840
204987	2533	12014	4096	256	1	86784	4352
196338	196139	180	4096	131	1	116736	199
195278	113416	8694	-1	131	0	85760	7680
145323	16876	15814	-1	131	1	71424	512
258412	154909	11133	0	0	1	0	5120
336115	196499	12620	-1	0	1	115712	3584
186508	66292	2292	4096	131	1	65536	14080
51550	32435	12750	8192	256	0	15360	333
91892	32060	6695	0	131	0	0	9472
251298	196951	11661	-1	0	1	42496	4608
28630	617	3599	4096	131	0	11776	11159
5963	1567	7128	-1	256	0	5120	3553
312770	170985	12269	4096	0	0	110336	1047
31903	6982	1481	4096	256	1	16640	14848
40735	33992	14623	4096	256	0	14336	1536
145338	98047	13320	0	131	1	0	2816
176899	25852	3780	-1	0	1	59392	12544
216985	119837	1155	8192	0	1	203520	15104
287585	46070	11776	-1	256	0	113920	4608
152992	149707	5078	0	256	1	0	3285
202558	52023	2803	-1	256	0	122880	13568
67135	42388	14783	0	256	0	0	1536
103950	89453	7802	4096	256	1	4096	8448
93568	87973	787	8192	0	0	76800	2139
265740	4806	2667	0	0	1	0	13568
307275	51996	14100	-1	256	0	124416	2048
30503	26151	11115	4096	131	1	7680	4352
212215	105310	125	8192	0	0	54528	9378
39006	38545	3726	4096	256	0	26624	111
93749	7608	6339	8192	0	0	55040	8776
170174	75632	2884	0	256	0	0	13312
334665	17575	15984	8192	0	0	275968	256
113866	106107	4750	4096	256	1	16128	7759
54886	2537	12093	4096	0	0	15872	1559
219620	164443	12045	-1	256	1	13568	4096
269273	73862	5093	0	131	1	0	11264
331343	246997	7279	-1	256	1	144896	8960
189479	135603	332	0	256	0	0	15872
166411	116755	16013	4096	0	0	93440	256
293639	139137	16181	0	0	1	0	0
55908	23653	14924	0	256	1	0	1280
345854	65492	1965	4096	256	0	284672	12332
305844	75214	4023	4096	256	0	58624	10802
135227	132165	2943	-1	131	1	23040	3062
133402	39924	441	-1	0	1	69376	15872
220662	73048	622	-1	0	0	169216	15616
180227	144863	356	0	0	0	0	15872
271364	13984	9237	4096	256	0	236800	6496
252518	37078	11451	4096	131	1	130816	4864
81011	28798	5538	-1	131	1	74752	10752
130032	89904	14539	-1	131	1	85760	1792
69427	42169	4860	4096	131	1	39168	11520
158430	88552	10129	0	131	0	0	6144
116994	77904	7905	0	131	0	0	8448
197894	173846	7757	0	0	0	0	8448
325619	25127	13666	-1	0	1	158464	2560
165530	66866	13665	4096	131	1	3840	2560
153034	83702	12138	-1	131	1	51200	4096
44562	17023	15280	0	131	1	0	1024
202520	88939	6036	-1	256	1	56832	10240
218501	166204	11263	-1	256	0	136192	5120
281516	268148	11503	0	0	1	0	4864
316179	179633	1182	0	131	1	0	15104
228981	164121	7864	4096	256	1	121600	8448
2313	688	2445	8192	0	1	1792	1625
98873	40080	9998	-1	131	0	71424	6144
45609	35253	7170	-1	256	1	3840	8960
212654	191719	4176	8192	131	0	203264	4889
38826	31585	15243	4096	0	1	38144	1024
312662	186954	5563	4096	256	1	200704	10752
144524	40179	4014	-1	256	1	86784	12288
1820	636	12959	4096	0	0	0	1156
347499	333864	6083	8192	0	0	260864	10200
64674	8517	4790	-1	256	1	39936	11520
316221	17009	14130	8192	0	1	103424	2048
336246	141148	6912	8192	131	0	217600	6308
41112	35453	3876	0	131	0	0	5659
93007	89833	12106	-1	0	0	29184	3095
257344	230867	4533	4096	131	0	155392	10797
302968	278189	5801	-1	0	0	94464	10496
294666	89772	14236	8192	131	0	227328	340
338202	202180	12895	-1	256	0	121344	3328
198770	175130	11616	4096	256	0	86016	998
47258	36871	6158	0	256	1	0	9984
149533	140057	9041	0	256	1	0	7168
216215	183789	14932	-1	0	0	201216	1280
276708	268516	7634	0	256	0	0	8192
276842	143904	3369	0	0	0	0	12800
283202	52630	6595	0	256	1	0	9728
12459	1543	8141	0	131	0	0	8192
178791	48184	14480	0	256	1	0	1792
198541	166974	10794	8192	0	1	28928	5376
268363	96151	11120	8192	0	0	91392	2153
220847	113766	14597	-1	131	0	169472	1536
114930	94682	4316	8192	0	1	97024	12032
166184	99112	10928	0	0	0	0	5376
189942	126571	14838	4096	256	1	41472	1536
60705	57890	11837	8192	256	0	58880	990
6777	67	4037	8192	256	1	1792	6710
245993	108468	9555	8192	256	1	94464	6656
25230	6161	15601	0	0	0	0	768
326268	439	15628	-1	256	1	15872	512
131964	44186	5666	0	131	1	0	10496
263340	3625	9914	4096	0	1	52224	6400
310235	87941	11910	0	0	1	0	4352
306330	115657	9356	0	131	1	0	6912
108851	60790	6180	-1	131	0	89344	9984
271866	40396	11577	8192	256	0	110592	564
42845	39887	14848	4096	256	1	27392	1536
25420	16098	15195	4096	256	0	4608	286
291339	31713	9732	8192	131	0	90624	1055
68340	35806	11778	-1	131	1	44800	4352
194531	54022	5220	4096	0	0	124672	7418
11720	540	15529	8192	131	1	9216	768
177114	109613	5828	-1	256	0	64768	10496
62727	22267	5471	0	0	0	0	10752
189147	58533	13282	8192	0	0	115712	3072
226273	4900	13369	4096	256	0	142080	2816
345969	121486	9742	0	256	1	0	6400
280322	231334	3939	4096	0	1	22016	12288
97461	94006	4493	4096	256	1	1024	3455
191647	2294	8874	8192	0	1	29184	7424
339971	177759	1466	4096	131	1	269824	14848
89657	87058	14834	4096	256	1	512	1536
191745	111572	2653	8192	256	1	130048	13568
78569	69298	8360	0	0	0	0	7936
322364	15919	9011	4096	256	1	24832	7168
168648	16694	10740	0	256	0	0	5632
339929	225044	1673	8192	131	1	184576	14592
300370	226066	15505	-1	131	1	238080	768
111948	90068	14927	-1	0	0	26368	1280
79480	55458	9689	0	256	0	0	6656
286536	219506	5818	-1	0	1	115712	10496
63403	39353	11000	8192	256	1	14336	5376
113628	53488	13113	-1	0	1	21760	3072
72219	46511	9621	8192	131	0	59136	2641
65186	33098	13247	-1	256	1	19200	3072
258322	150245	3635	0	0	0	0	12544
208784	43984	5816	0	0	1	0	10496
148844	78358	14770	4096	256	1	64768	1536
135564	119993	591	0	131	0	0	15571
156581	118024	1911	8192	0	1	38400	14336
206894	156224	5508	8192	256	0	134400	7616
135020	10087	9166	-1	0	1	67584	7168
179852	74993	2229	8192	0	1	71680	14080
231496	71245	9999	-1	0	0	141056	6144
98820	93685	10681	8192	256	1	29696	5135
241634	138807	6660	0	256	0	0	9472
178099	101545	7966	4096	256	1	155392	8192
293978	2533	15940	8192	131	1	116736	256
221749	31891	8106	0	0	1	0	8192
230832	150981	612	0	131	1	0	15616
31410	3404	241	-1	256	0	12032	8628
290675	3595	13582	4096	131	0	33536	501
112143	64319	6317	0	131	1	0	9984
153808	140108	5614	-1	256	0	143616	3508
227675	162889	12043	8192	131	1	191744	4096
253812	210139	15756	0	256	0	0	512
247974	14255	12977	0	0	1	0	3328
251144	152962	14725	-1	0	0	52480	1536
333848	180459	14578	4096	0	1	208640	1792
123550	103124	6681	0	0	0	0	9472
347170	309390	2678	8192	0	0	252928	10098
19141	1070	5815	4096	256	1	14848	10496
170100	101265	12256	8192	256	1	14080	4096
306056	93185	9523	8192	0	1	143104	6656
52367	36376	10855	0	131	1	0	5376
176014	57947	1091	8192	131	1	38400	15104
140998	49513	3151	-1	256	1	126464	13056
232923	187537	16005	8192	131	1	168192	256
206511	185487	12489	0	256	1	0	3840
144427	99715	6724	4096	256	1	101376	9472
69149	27136	2163	4096	256	1	59648	14080
223163	39092	14803	-1	131	0	221184	1536
75456	51745	6548	4096	256	0	44032	9695
142904	127848	6081	-1	131	0	85248	10240
127370	115441	4890	-1	131	0	23552	11264
180680	137800	8531	8192	256	0	61952	1464
149768	59324	9101	4096	256	0	27392	6212
34204	25653	13708	8192	256	1	13056	2560
72256	40455	9117	4096	256	0	67584	4601
176535	156058	10620	0	131	1	0	5632
108970	106549	8194	0	256	1	0	2421
297283	217154	7792	4096	256	0	161792	8126
236382	97302	12624	8192	0	1	100864	3584
90486	60152	10982	-1	256	0	6912	5376
38420	24427	682	-1	0	0	18176	13973
10752	5857	13137	-1	256	0	768	3072
193523	173257	1410	8192	131	1	67328	14848
72312	60584	2583	8192	256	1	58112	11728
208911	64104	8803	-1	131	1	43008	7424
223752	92979	12663	0	256	1	0	3584
241515	118439	9638	0	256	0	0	6656
333565	297872	8767	8192	256	0	282368	5232
284659	162466	8487	8192	256	0	268544	1374
196346	52284	11644	8192	256	0	91904	4608
48049	15600	785	-1	0	0	27904	12304
194078	170264	6	0	256	1	0	16128
267506	164463	12602	8192	0	0	86528	3584
208282	45119	10356	8192	131	0	176384	4033
268278	245677	9487	-1	0	1	152320	6656
236031	110688	3805	4096	256	1	210944	12544
276325	227592	14757	4096	256	1	92928	1536
164492	7167	10421	-1	131	1	94208	5888
40778	25796	7817	8192	256	1	34816	8448
329912	292104	13905	-1	0	1	67072	2304
287127	78924	9447	-1	0	1	56832	6912
186911	185512	6479	4096	256	1	124416	1399
329884	180828	9699	-1	0	1	295936	6656
160046	53764	6876	0	256	0	0	9472
313845	140406	300	0	256	0	0	15872
193929	125820	14020	-1	0	0	136192	2304
337388	147300	4069	-1	0	1	5888	12288
208224	198926	6010	-1	0	0	130048	9202
305825	229378	13024	0	0	0	0	3328
147819	34404	9024	4096	256	1	104192	7168
102117	58118	14370	4096	256	1	95744	1792
69271	37290	5623	0	0	0	0	10752
242918	88901	14252	0	131	0	0	2048
224509	120907	3014	8192	256	0	219648	10165
320089	212641	15418	4096	131	1	133376	768
160770	156333	2730	4096	256	0	122112	3411
114425	12041	3835	4096	131	1	44288	12544
329432	161283	10734	-1	0	0	165632	4349
325815	106107	15846	8192	0	1	238080	512
138989	115877	10611	4096	131	1	72704	5632
113029	15181	12435	4096	256	1	112640	3840
98890	26841	5065	0	256	1	0	11264
29472	10470	1223	4096	256	0	4608	14106
49273	26942	4583	4096	0	1	30464	11776
19428	1444	10027	4096	131	1	6144	6144
201803	189698	10639	-1	0	0	126976	5632
34673	19059	6568	8192	256	1	18944	9728
192467	29852	9170	8192	256	0	124928	2916
297391	67820	12683	8192	131	0	109056	3584
149042	83844	5001	8192	0	0	141568	6268
312238	281390	6890	4096	0	1	132864	9472
149588	28492	13279	-1	256	0	11776	3072
194271	136841	43	0	131	0	0	16128
214633	34108	16383	0	131	1	0	0
59989	18642	11395	4096	256	1	23040	4864
294097	291330	11601	8192	256	0	214272	2302
56363	32646	1818	8192	131	0	17152	8314
167273	120355	6052	-1	131	0	135424	10240
233060	162587	12161	-1	0	0	128000	4096
237111	216658	211	4096	256	1	25600	16128
162597	20360	15531	8192	0	1	97536	768
56310	8715	6061	4096	131	1	3840	10240
343908	19575	775	0	131	0	0	15360
229201	155342	5389	8192	256	0	56832	8498
327633	279314	14338	4096	0	1	247552	1792
71979	20860	10279	-1	131	1	44288	5888
60390	58902	11428	0	0	1	0	1488
140039	106483	13028	4096	0	1	105984	3328
258204	222174	2068	8192	256	0	198400	7202
308829	14106	12418	0	0	1	0	3840
214416	124485	9820	4096	0	1	38400	6400
268033	61303	14471	8192	256	0	42240	1792
278432	124357	11251	-1	131	0	154624	5120
303865	265574	7422	0	131	0	0	8960
150632	35160	617	-1	256	0	94464	15616
313349	28147	6167	4096	0	0	285184	8717
136869	11585	9062	4096	256	1	30208	7168
204872	40004	829	-1	0	1	111104	15360
336354	39091	9984	8192	256	0	149248	1869
143061	132861	4718	8192	256	0	39680	6403
54689	13036	11605	0	256	0	0	4608
210721	88745	8445	0	131	1	0	7936
173679	108276	15572	8192	131	0	162560	768
230868	221766	6005	4096	131	1	173056	9102
307984	256894	3742	8192	131	1	230144	12544
146061	46819	14777	8192	0	0	68864	1536
313170	97991	1749	4096	131	0	311040	12601
270948	34091	3377	-1	256	1	16384	12800
212773	121412	1149	4096	131	1	100608	15104
26552	14660	2396	4096	256	0	13056	9916
164125	107221	7001	4096	131	0	112384	5163
268769	221447	839	0	0	1	0	15360
31151	27766	8878	8192	0	0	25600	3210
14899	12065	14608	4096	131	1	7168	1536
158068	139729	8858	4096	131	0	121600	3631
67016	20606	13451	8192	0	0	33792	2816
2182	1775	6302	-1	256	0	512	17
55313	19356	4255	-1	256	0	23040	3684
277015	61558	13652	0	256	1	0	2560
241861	216386	5743	8192	256	1	200192	10496
338118	19086	7848	8192	0	1	84736	8448
227198	137418	1291	0	256	1	0	14848
187728	97291	1341	0	131	0	0	14848
118517	19189	1352	-1	256	1	79872	14848
135593	17238	1380	0	131	1	0	14848
76704	73479	5853	4096	131	0	40448	249
263496	249373	3629	0	131	0	0	12544
188252	78966	10157	4096	0	0	166144	2954
349739	142681	11667	-1	0	0	348160	4608
159928	48051	9307	-1	0	1	64768	6912
272562	253164	11000	4096	0	1	38912	5376
92033	23342	2557	4096	0	0	15616	13522
256857	182623	2618	8192	131	0	89088	5793
56409	1498	4492	4096	0	1	38912	11776
19814	742	7156	-1	0	1	8704	9216
241482	229255	12245	4096	256	0	512	121
294995	84225	2876	8192	256	1	165632	13312
154054	91712	4122	8192	256	0	124672	6592
348007	227492	11436	8192	256	1	21248	4864
62611	14168	13145	-1	131	1	34304	3072
18899	17336	992	4096	256	0	16384	1096
267552	51799	9953	-1	0	1	135168	6400
23053	14914	15767	-1	0	1	20480	512
250257	170291	14649	8192	131	1	227328	1536
154519	70377	1998	-1	0	0	3328	14336
289636	206241	9776	0	131	0	0	6400
246690	177988	11768	0	131	0	0	4608
243367	221228	7556	4096	131	1	89088	8704
347384	345186	13589	8192	0	1	171776	2198
228417	205340	2515	0	0	1	0	13824
21348	5832	3395	0	256	0	0	12800
21810	21475	1751	4096	0	1	2048	335
314110	204480	15394	8192	0	1	214784	768
222372	31600	2115	4096	0	1	112384	14080
259997	98509	1518	0	131	1	0	14848
201459	133966	7616	0	0	1	0	8704
95876	19742	8018	4096	0	1	58880	8192
93925	63899	5967	-1	131	0	82688	10240
277713	130750	4168	-1	131	1	247296	12032
207131	12715	2887	8192	0	1	181760	13312
182477	82375	5429	4096	131	0	41728	7737
318166	177961	9757	4096	256	0	75264	6359
22029	3542	8713	4096	131	1	4608	7424
256999	43603	2610	0	0	0	0	13568
14913	1701	987	4096	131	0	14336	10587
200160	120885	14896	0	0	1	0	1280
17098	8961	5344	-1	256	0	13312	4351
339627	133259	13164	0	256	1	0	3072
103348	51037	2364	-1	256	0	96000	13824
180845	157877	4929	-1	131	1	81152	11264
217758	131078	6482	4096	0	1	172544	9728
311400	23758	15980	8192	0	1	221952	256
319507	176849	9403	8192	0	0	24064	3375
121433	118569	8388	4096	256	1	56832	2864
124673	97656	12718	4096	131	0	32512	648
224544	38428	12301	8192	0	0	43008	2532
134448	25852	3009	-1	131	0	122880	13312
48285	22040	14291	-1	0	1	33536	2048
239209	102657	8999	8192	256	1	164608	7168
92953	7069	13646	-1	131	1	27136	2560
164557	116777	13449	0	256	0	0	2816
216713	6389	6723	0	256	0	0	9472
207199	123416	2041	0	131	0	0	14336
87326	76142	13633	8192	256	0	55040	2560
131651	20090	7481	4096	0	0	71424	8582
237664	883	5005	4096	131	0	105728	7309
228133	91687	346	-1	0	0	24832	15872
237466	52449	1573	4096	0	1	223488	14592
71088	27748	11075	-1	0	0	25600	5120
236403	74187	12533	8192	0	1	229376	3840
232473	97025	14431	4096	131	0	154880	1279
131237	126560	3953	4096	0	1	46592	4677
72382	14533	8202	0	256	1	0	7936
166255	95458	9468	-1	131	0	136192	6912
32206	26994	13440	0	131	0	0	2816
133561	123061	15204	8192	256	0	20736	1024
32877	1479	7529	4096	0	1	5632	8704
55672	52469	11244	-1	131	1	20992	3203
16252	3462	10515	0	256	1	0	5632
311295	220060	8893	0	131	1	0	7424
175742	2908	5558	8192	131	0	139264	5284
113223	66093	8256	-1	131	1	80896	7936
73726	54171	1897	4096	256	0	23296	11365
221746	72824	3565	0	131	0	0	12800
43636	16726	9813	4096	0	0	8960	3754
120059	85989	10771	0	131	0	0	5376
181767	123555	14830	4096	256	0	61952	1536
295837	216549	4595	8192	256	0	148480	4635
173945	1213	8494	-1	131	1	12288	7680
87029	19820	8610	0	0	1	0	7680
310082	34825	9617	-1	0	1	297216	6656
55132	33784	16010	4096	131	0	2304	256
88461	15805	14626	4096	0	1	13312	1536
122989	120266	7456	0	131	0	0	2723
257744	123879	11197	0	256	1	0	5120
286266	229601	4136	-1	131	1	256	12032
311755	118449	15880	0	256	1	0	256
201597	110739	13440	-1	256	1	16384	2816
317416	205495	13527	0	256	1	0	2816
8221	5748	12709	4096	131	1	4864	2473
155106	133429	5560	0	0	1	0	10752
178212	77121	2875	4096	256	0	137472	12991
10400	4215	7732	4096	0	1	6144	6185
327292	37527	12641	4096	0	0	91392	3433
107704	93377	13248	4096	131	0	24576	831
180173	175337	2143	8192	131	0	16128	4631
147046	81163	11064	-1	0	1	39424	5120
242185	182981	11108	4096	256	0	91648	1339
24163	22440	11120	4096	131	1	14336	1723
32746	11510	8391	4096	131	0	13056	1546
18514	1093	13484	-1	256	1	14080	2816
32578	21438	5848	8192	0	0	768	3138
68817	50403	10904	0	131	0	0	5376
175541	128134	7107	0	0	1	0	9216
256640	54639	559	0	0	1	0	15616
126121	114313	14236	0	131	0	0	2048
308519	107557	5329	0	0	0	0	11008
42711	25613	13043	8192	256	0	20224	3328
70650	354	13403	0	256	0	0	2816
119911	51554	7923	8192	0	1	116736	8448
195844	158786	14879	0	131	1	0	1280
25702	754	12406	4096	0	0	13568	3342
19411	105	14723	8192	0	0	11008	1536
210501	129827	124	0	256	1	0	16128
329697	172132	14238	4096	0	1	167936	2048
230586	150295	7445	4096	131	0	166912	5353
281070	31702	296	-1	131	0	171776	15872
204701	57223	4258	4096	131	0	5632	8313
276141	168476	9039	0	131	1	0	7168
180223	30148	10263	4096	0	0	54016	2620
41424	24809	10975	8192	131	0	36864	5376
262594	53073	9542	8192	131	0	6144	4271
90682	71076	5338	0	0	1	0	11008
249062	8185	9637	4096	0	1	157440	6656
199914	133629	5036	4096	0	1	197120	11264
131288	49905	4983	4096	131	0	62720	7439
185603	130978	12736	0	0	0	0	3584
254347	193836	4675	-1	0	1	33792	11520
245332	20456	8711	8192	131	0	64256	4120
78572	65386	3571	4096	256	1	22016	12800
316757	23663	7759	0	131	1	0	8448
274237	42040	16042	-1	131	1	23808	256
178305	172030	6787	4096	0	0	128000	4098
76638	46197	10350	-1	256	0	64512	5888
205373	40798	4371	0	131	0	0	11776
132869	90180	16221	0	256	1	0	0
288447	167863	5070	4096	256	0	31744	8265
284152	51711	13657	8192	256	1	80384	2560
60839	18615	13011	8192	256	0	10496	3328
100792	90227	13844	-1	131	1	72448	2304
14460	7273	4367	0	131	1	0	7187
140009	121736	5700	0	0	1	0	10496
271526	210039	4621	4096	131	0	115968	11145
263806	73931	6585	0	131	0	0	9728
261134	42833	14189	0	256	1	0	2048
226098	19574	6344	4096	0	0	136448	9098
140122	83279	4225	-1	131	1	19712	12032
47234	26251	1651	-1	131	1	16640	14592
169626	17365	7853	-1	131	0	126976	8448
181337	100093	3996	0	0	1	0	12288
155877	2226	4521	0	131	0	0	11776
63623	14126	5893	0	131	0	0	10240
247007	233996	14134	4096	0	1	30208	2048
189663	161633	13271	0	131	0	0	3072
152209	119419	10693	-1	131	0	113664	5632
220077	81741	4034	8192	131	1	192512	12288
153778	71920	10880	8192	0	1	69376	5376
276296	245200	2230	-1	131	1	31744	14080
94108	10221	5958	-1	256	1	57600	10240
149730	6167	7396	0	256	0	0	8960
80483	47441	5676	0	256	1	0	10496
221564	178360	1757	8192	131	1	57856	14592
147460	37496	6248	8192	131	0	97792	3464
304954	300918	4941	0	256	1	0	4036
221831	213471	5984	8192	131	1	34304	8360
290697	64824	16352	-1	256	1	151296	0
347427	23977	13680	8192	0	1	249088	2560
205831	123485	12362	0	0	1	0	3840
210203	28037	9884	-1	256	0	80128	6400
183201	12279	12154	8192	131	0	59648	4096
123418	61914	13953	4096	0	0	54528	2304
249878	69521	10054	-1	256	1	236800	6144
58907	31315	13158	0	131	1	0	3072
150861	82255	12907	-1	131	1	112896	3328
140129	59323	10372	8192	131	1	130560	5888
218241	51381	4262	4096	256	1	151808	12032
170146	41444	15790	0	131	1	0	512
294991	48550	1058	4096	0	0	70656	12890
20620	14785	1576	8192	131	1	6656	5835
239551	131448	2142	4096	256	1	2048	14080
197215	122254	6348	8192	131	1	100864	9984
255985	192795	11151	-1	0	0	75520	5120
84520	71703	6897	0	0	1	0	9472
253371	212521	16214	8192	0	0	8960	0
132250	40208	8753	0	0	0	0	7424
204329	15717	5730	4096	131	1	103424	10496
67782	35164	12813	0	131	0	0	3328
82234	27974	464	0	0	0	0	15872
173272	106480	4331	4096	131	1	115456	12032
114609	19674	4598	-1	131	0	5120	11776
327303	101468	9485	8192	256	0	157952	5028
16821	2320	1634	0	256	1	0	14501
118455	13765	4722	-1	131	0	115200	11520
43294	24713	13465	-1	0	1	13312	2816
73994	57281	2337	0	0	0	0	13824
83872	17088	5759	4096	131	0	26880	7488
243655	228418	827	-1	256	1	26880	15237
181028	121803	4018	8192	0	0	157184	9269
122849	109735	11773	0	131	0	0	4608
32475	14063	12841	-1	131	0	5120	3328
108295	23129	11101	0	0	0	0	5120
200140	96340	6738	0	256	1	0	9472
43537	27059	14466	-1	256	1	29952	1792
93985	93402	5717	8192	256	0	6912	294
232238	73841	12265	-1	131	0	145152	4096
18900	2826	6188	-1	256	0	16640	9984
88887	72737	14066	8192	256	1	6144	2304
69508	42331	3547	0	0	1	0	12800
309734	39312	16057	4096	256	0	270848	256
343628	45929	14009	8192	256	1	25344	2304
114017	45340	12305	0	0	0	0	3840
321451	133720	8109	4096	0	1	207872	8192
198055	79572	7455	0	256	1	0	8704
338233	294864	13635	0	256	1	0	2560
4767	2475	8199	-1	0	0	4352	1877
124806	112643	8008	8192	256	0	122880	2045
185878	54442	5499	8192	0	1	87040	10752
249584	43	10050	4096	131	0	1280	1237
148946	9371	897	-1	131	1	133120	15360
76795	74129	11931	-1	256	0	22784	2159
119366	23352	12519	-1	131	1	83712	3840
341278	298639	2719	0	0	0	0	13568
142932	76442	6393	4096	131	1	61184	9984
34132	3216	2884	0	131	1	0	13312
290429	205199	15490	-1	131	1	94208	768
321753	108441	7524	0	256	0	0	8704
331531	281818	1385	0	256	0	0	14848
276560	30145	10030	8192	256	0	7936	2623
294437	140359	3789	4096	256	1	65536	12544
179480	148933	4452	0	131	0	0	11776
253027	36257	12239	4096	131	1	218112	4096
51039	40728	1784	-1	0	0	15360	10216
111017	24503	7577	4096	131	1	53504	8704
137081	116014	2306	-1	0	1	98048	13824
71689	33167	10442	0	256	1	0	5888
56412	4930	6955	0	0	1	0	9216
53892	130	11761	0	256	1	0	4608
285586	242376	8564	4096	256	0	210944	7480
57424	21209	13985	4096	0	1	26880	2304
71314	3215	7539	-1	256	1	40704	8704
50909	50657	15830	8192	131	0	23296	31
52828	33677	12931	4096	0	0	21504	3187
83017	76487	13794	0	0	0	0	2560
3692	3089	11643	0	256	0	0	603
247430	211906	3766	0	0	1	0	12544
314738	204491	12917	0	131	0	0	3328
57643	4501	13576	-1	131	1	4608	2560
139584	135733	14307	0	0	1	0	2048
215658	46962	5285	0	256	1	0	11008
176617	31428	16138	-1	131	1	44800	0
102698	39604	2301	0	0	1	0	14080
258368	169917	11801	4096	131	1	136960	4352
250098	159268	12341	-1	131	1	19456	3840
54669	25378	2927	0	0	1	0	13312
186968	168152	24	8192	0	1	6912	16128
153993	78012	7664	-1	256	0	137728	8704
3467	2071	2729	4096	256	0	2048	1001
189151	143618	9703	-1	131	0	187648	6656
53785	5230	3644	0	0	0	0	12544
113226	51929	11777	4096	256	1	56064	4352
139124	43120	6942	-1	0	0	138240	9216
323589	268807	15112	0	131	0	0	1024
44989	35002	8814	0	256	0	0	7424
259913	246487	11357	4096	256	1	151296	4864
75979	15754	8141	-1	131	1	12800	8192
167658	52010	2692	-1	0	1	72192	13568
54919	34838	10540	4096	131	1	8192	5632
222799	189004	10958	-1	131	0	172800	5376
131509	9403	5896	0	131	0	0	10240
190175	73066	15220	-1	256	0	34048	1024
318362	69425	13583	4096	256	0	216320	207
109282	90829	10881	8192	0	1	103424	5376
264704	223337	317	0	256	1	0	15872
52179	32460	16026	4096	256	0	20224	256
175702	32189	3547	8192	131	0	84224	8771
61360	11924	15141	8192	256	0	11264	1024
193117	78076	5177	4096	256	0	191232	7940
297194	84518	1179	8192	0	1	159232	15104
28756	21899	9792	-1	256	0	7680	6400
304261	187182	5277	0	0	0	0	11008
84941	80862	15853	0	0	0	0	512
171147	12390	11	4096	256	0	75008	12186
224917	83709	611	4096	0	0	124672	14595
207521	123408	9187	0	131	0	0	7168
125898	64222	2061	8192	256	1	20224	14080
50745	7186	3861	-1	131	1	14080	12288
240401	47448	10785	8192	256	1	218112	5376
319851	292347	7833	8192	131	1	268288	8448
209958	8881	12029	0	131	0	0	4352
346414	30866	4379	8192	256	1	283392	11776
343602	168975	2087	8192	256	1	71936	14080
103092	74533	4488	4096	131	0	65536	11483
5588	4329	3298	-1	131	0	2048	1047
333859	81893	14171	4096	0	1	43776	2048
178964	80047	7426	8192	0	0	83968	1873
195162	105953	7193	8192	256	1	37888	8960
233935	103690	13011	4096	256	1	143104	3328
261459	224588	15995	-1	256	1	99584	256
131344	8540	16033	-1	131	1	23552	256
125650	100744	1330	0	256	1	0	14848
323989	162059	1076	8192	256	1	46080	15104
17748	15184	2463	0	0	0	0	2564
144859	143928	12596	4096	0	0	512	712
117981	70214	12616	8192	256	0	83712	3514
306902	297203	3676	0	256	1	0	9699
168928	95893	5193	0	0	1	0	11008
164966	100557	2533	-1	256	0	58624	13824
41450	15619	198	-1	0	1	9216	16128
281215	204051	4115	0	256	1	0	12032
212465	158174	13708	4096	256	1	103168	2560
142032	121427	7360	8192	0	1	127744	8960
304175	183680	8468	8192	256	0	296192	4736
160489	19623	14994	-1	0	1	70144	1280
279681	202651	8277	4096	256	1	44288	7936
209916	166730	10740	0	131	1	0	5632
18781	1719	5413	-1	0	0	12288	10569
253950	278	11057	4096	256	0	250368	3818
57790	12375	11732	0	131	0	0	4608
134909	2055	3734	0	0	1	0	12544
306481	112549	10541	-1	256	1	39424	5632
232049	231239	2248	8192	0	0	49152	697
117821	62629	13718	4096	131	0	114944	2560
35857	34986	8096	-1	0	0	1280	854
168050	43877	6796	4096	256	1	142336	9472
211354	77083	12161	8192	256	0	160000	4096
204352	77553	9019	8192	0	0	84480	4367
72233	53265	13434	0	0	0	0	2816
2599	1706	15787	8192	256	1	1280	512
205213	29357	2508	0	131	1	0	13824
91781	78790	14544	0	0	0	0	1792
235994	203784	7115	0	0	0	0	9216
212206	183329	14560	0	0	0	0	1792
153666	104554	4510	0	0	1	0	11776
303073	118869	2695	4096	0	0	64000	12203
165823	148203	13310	8192	256	1	99584	3072
264898	76862	8587	4096	0	1	244480	7680
158119	94231	14983	0	131	0	0	1280
316601	286945	2102	-1	0	1	148992	14080
134882	46354	5433	0	131	1	0	10752
184289	180357	6510	0	256	0	0	3932
268572	18457	7122	4096	0	0	51456	6119
11900	7215	11093	-1	0	1	2304	4685
327136	50531	9168	0	0	0	0	7168
231801	7470	7121	8192	131	0	40960	8914
104627	77103	3034	-1	256	1	73472	13312
90922	15079	7198	-1	0	1	77568	8960
66799	61368	8439	8192	131	1	16128	5431
319060	249511	14826	8192	256	1	203520	1536
177606	59028	6954	4096	256	0	3328	6508
131744	101690	2045	0	256	1	0	14336
186059	27381	414	0	0	1	0	15872
127460	107221	591	-1	131	0	120832	13611
184943	98902	14788	8192	0	0	26368	1536
208897	125172	4938	4096	0	1	48640	11264
183848	95688	1155	4096	0	1	46336	15104
200733	158701	6843	4096	256	1	61952	9472
243651	238469	6477	-1	0	1	90624	5182
139369	86678	6859	-1	131	0	61440	9472
253044	106581	14886	-1	131	0	198912	1280
300691	48197	4064	-1	0	0	208384	12288
336481	129216	805	4096	256	0	48896	14144
316114	188281	2094	-1	0	1	7168	14080
179783	160997	14004	-1	256	0	40704	2304
304965	155577	15049	4096	256	1	37632	1280
296896	195826	10072	0	131	0	0	6144
120296	55607	15116	4096	131	1	43264	1024
190703	104142	14669	8192	131	0	114688	1536
268895	8990	913	-1	256	1	42752	15360
75767	41010	11496	8192	131	1	24064	4864
209475	206965	5103	0	256	1	0	2510
129397	89954	14694	-1	131	0	22528	1536
265933	169743	15501	8192	256	1	36096	768
316028	48572	914	4096	0	0	246272	12868
94271	25748	4909	8192	0	1	81152	11264
276913	221945	13054	-1	0	0	114176	3328
119862	64227	7355	-1	256	0	54784	8960
89350	72759	13483	8192	131	1	34560	2816
192331	135303	14725	0	131	0	0	1536
172881	114920	2365	0	0	0	0	13824
143275	29427	2134	0	0	1	0	14080
51802	26987	1800	0	256	0	0	14336
298279	145681	3490	4096	0	1	25856	12800
293956	52878	4023	-1	256	0	293120	12288
191430	95539	8560	-1	0	0	46848	7680
196696	111447	13744	0	256	0	0	2560
309338	213523	6157	4096	0	0	46848	7661
60365	12792	8019	-1	131	1	512	8192
81027	79330	15928	8192	131	1	68352	256
328971	3181	3219	4096	131	1	320768	13056
93727	35057	11765	-1	256	1	32000	4608
187946	124364	5936	4096	256	1	108288	10240
76180	75264	9776	-1	256	0	7936	512
234990	180398	10622	4096	131	0	197888	3922
228829	22368	1505	4096	0	0	147712	14496
331079	187453	13058	4096	131	1	269568	3072
93201	4758	7887	8192	0	0	55296	3434
203120	128350	8877	8192	256	0	121344	2722
148024	30587	6572	0	256	0	0	9728
263127	135056	14264	4096	131	0	56832	112
262112	109500	13925	-1	0	1	136960	2304
175384	41286	9947	8192	256	1	16384	6400
241086	28844	6068	-1	256	0	63744	10240
69782	44925	983	-1	0	0	42752	15360
204556	151427	4773	8192	256	1	100352	11520
52732	27116	3449	8192	131	0	7168	5652
34025	27742	12384	8192	131	1	13312	3840
304956	286742	10529	4096	0	1	106240	5632
23470	2866	8091	4096	131	1	13312	8192
244001	8253	1290	8192	256	0	23040	8131
147833	87574	10454	0	0	0	0	5888
19177	13832	685	8192	131	1	14336	5345
118290	97241	3478	0	131	1	0	12800
127154	43954	1153	0	0	0	0	15104
144235	90259	11695	0	131	1	0	4608
168024	98671	11187	8192	0	0	128256	5120
73746	68800	3463	4096	0	1	19200	4946
72214	49572	10107	4096	256	1	21760	6144
257872	23630	10727	4096	0	0	136448	5042
151703	28058	2909	4096	131	1	99328	13312
191771	60388	558	-1	0	0	85248	15616
233526	162671	3305	0	256	0	0	13056
66580	42952	6857	8192	0	1	59648	9472
222593	37906	10945	0	131	1	0	5376
310773	296778	14763	8192	256	0	61952	1536
110713	90784	10487	4096	131	0	69376	3424
16397	9487	6051	-1	131	0	5632	6641
267720	78106	4643	-1	0	0	176896	11520
278755	34288	8462	4096	131	0	251904	6672
133106	127040	13792	8192	131	1	8960	2560
99395	41198	3509	-1	256	1	93696	12800
234580	109556	2110	4096	131	0	216832	13324
199081	24810	4567	-1	0	0	197120	11776
244717	33211	9536	-1	0	1	5376	6656
241368	191905	13873	4096	0	0	208128	607
131137	25877	11912	0	256	1	0	4352
246536	152292	15999	0	131	0	0	256
103720	81900	15966	4096	131	1	93952	256
327522	294360	13536	-1	256	0	216320	2816
139300	45651	8674	0	256	1	0	7680
53198	43770	1906	0	131	0	0	9428
153169	93217	6018	0	131	0	0	10240
225857	80439	16200	-1	131	1	188160	0
222989	11805	6158	8192	0	0	100096	4579
324098	171928	11969	4096	131	0	44288	4200
51738	51679	11820	4096	256	1	14080	59
44782	29526	2439	8192	256	0	38400	8874
39206	5645	1134	0	131	1	0	15104
167946	51065	16056	8192	131	1	6656	256
29056	25554	14044	-1	131	1	8704	2304
74435	3594	6309	4096	131	1	37632	9984
201719	171603	12483	-1	256	1	124672	3840
119096	81803	1196	4096	131	0	28928	12405
332596	255525	16015	-1	256	0	73472	256
262242	123580	2753	-1	131	1	72704	13568
141677	22702	11427	-1	131	1	87296	4864
265667	218533	4665	-1	131	0	1024	11520
17519	1846	1076	4096	256	1	10752	15104
4192	1187	3181	-1	131	0	1280	93
139649	62256	13205	8192	131	0	58112	3072
71749	65708	4482	8192	256	0	60928	5716
246363	33383	219	4096	0	0	141824	15769
324283	42875	8891	4096	131	0	74240	6277
235385	200627	15017	4096	131	1	220416	1280
112055	91077	14395	-1	256	1	85760	1792
3266	3025	11239	8192	256	0	768	241
6111	482	3596	8192	256	0	1792	1310
88007	38976	15835	8192	131	0	44800	512
133171	114986	10702	0	256	0	0	5632
87982	31231	5269	0	131	0	0	11008
48027	6287	1939	4096	131	1	45056	14336
105680	93951	1659	4096	0	0	62464	8449
83593	23183	2676	-1	131	0	50688	13568
215889	35728	1466	-1	0	1	34304	14848
46014	12137	14975	-1	0	0	24832	1280
141277	127071	12901	0	131	0	0	3328
10462	7135	1916	0	131	1	0	3327
291597	245746	14639	4096	256	0	228608	14
271761	230704	13423	0	131	0	0	2816
203165	196285	2583	0	131	1	0	6880
189172	96970	4044	-1	0	0	98048	1078
269631	266666	8831	0	131	1	0	2965
262761	140360	277	4096	0	0	130304	15288
120864	34653	4899	4096	0	1	77568	11264
199323	169805	11586	8192	131	0	109824	2227
317081	75678	1055	-1	131	1	60416	15104
300687	386	10588	0	256	1	0	5632
95558	77059	182	8192	0	0	34816	13053
256700	9617	13595	8192	0	1	128768	2560
102498	2325	6375	-1	131	1	29696	9984
325073	112522	9270	-1	0	1	51200	6912
308321	57848	15289	-1	0	0	10496	1024
70898	15488	2732	-1	131	1	46848	13568
176051	56387	14744	0	131	0	0	1536
144236	125128	14370	8192	131	1	41472	1792
208455	129119	9780	4096	0	1	119808	6400
95496	43422	9674	4096	0	1	16128	6656
174074	56018	10333	4096	256	0	157952	5422
287422	266266	5844	0	256	1	0	10496
190321	7187	1012	8192	0	0	64512	9197
32178	18399	8383	-1	256	0	11008	7936
229641	47248	6165	8192	131	0	256	1904
60688	49790	9924	-1	256	0	22272	6400
83300	51911	14218	0	131	1	0	2048
81003	10978	5063	4096	0	1	43776	11264
16839	2751	7182	8192	256	1	8960	8960
287713	121815	15208	0	0	1	0	1024
167738	13896	122	8192	256	0	14592	696
302436	38738	4921	8192	131	0	198400	10414
291318	154859	15192	8192	256	1	192256	1024
55654	27639	11237	4096	131	0	36352	1033
23194	602	9900	8192	256	1	3328	6400
129561	47179	12944	4096	131	1	58624	3328
112379	110092	2612	8192	0	1	52480	2287
196188	63734	3527	4096	0	0	77824	9994
8672	8118	7269	8192	0	0	4352	74
90028	68530	13871	-1	256	0	2816	2304
286906	255954	14836	8192	0	1	50688	1536
111197	98119	13568	-1	0	0	3584	2816
67655	11053	14526	-1	131	0	14336	1792
95842	807	7201	4096	131	0	39680	7385
224204	169256	7256	0	0	0	0	8960
79964	43519	1979	4096	256	1	10240	14336
347527	150096	2342	-1	0	0	104192	13824
203189	190758	14397	0	131	0	0	1792
91621	65945	3398	0	131	1	0	12800
265346	3556	7356	-1	256	1	57088	8960
273343	104579	8349	0	256	1	0	7936
250385	122983	13978	4096	131	1	74752	2304
200424	154350	12758	4096	131	1	98048	3584
102422	42281	3101	0	131	0	0	13056
215236	117573	7849	8192	131	1	199680	8448
235674	230271	6439	0	131	1	0	5403
234102	11517	15343	-1	256	1	231936	1024
117621	2358	4188	-1	131	1	46336	12032
346109	245001	3967	4096	0	1	153088	12288
152717	92615	7744	0	131	1	0	8448
167314	66980	11508	8192	0	0	40960	4864
139249	44926	10002	-1	131	0	22272	6144
114985	91005	9871	8192	256	1	113920	6400
274205	228069	5405	4096	0	0	23040	9499
224121	60468	1023	0	256	0	0	15360
89905	41625	6318	-1	256	1	77568	9984
112985	35033	13463	-1	256	1	50944	2816
171852	28606	4932	4096	256	0	15616	8258
194832	116326	10322	8192	0	1	120832	5888
18024	14368	7642	4096	131	0	13312	2016
21732	9093	15757	4096	0	1	20480	512
210178	33005	14939	-1	131	0	114944	1280
264963	240053	14025	4096	0	1	83712	2304
84618	46801	12729	4096	131	0	15872	2351
4001	3011	6443	4096	131	0	512	829
314551	101024	7680	0	131	0	0	8704
189912	109913	13816	4096	256	0	43264	679
218345	84739	5180	4096	0	1	161536	11008
196010	46867	13547	0	131	1	0	2816
335273	275955	10179	8192	131	0	32000	2573
20110	9336	3185	-1	131	0	6656	10632
285150	260278	11814	4096	131	0	225280	1866
342639	146934	537	4096	256	0	323584	12810
275415	191766	5577	4096	256	1	160256	10752
258263	150820	11849	4096	0	1	120064	4352
58550	26951	874	-1	0	1	4352	15360
341378	51246	2453	0	0	1	0	13824
313403	80585	14500	4096	256	1	274176	1792
220233	123001	2108	0	0	0	0	14080
278613	145824	16160	0	131	1	0	0
323208	135291	13889	8192	0	1	143104	2304
229700	191208	13789	4096	131	1	163072	2560
206410	96628	10244	0	0	1	0	5888
239180	77949	2947	-1	131	0	224768	13312
244639	115910	1816	0	131	0	0	14336
173489	45243	12543	8192	0	0	35328	3840
272570	68763	5152	8192	256	1	78336	11008
321554	116738	4555	4096	0	0	220416	10238
74526	15412	6908	8192	256	0	52992	9164
51665	9258	12673	4096	131	0	47872	3030
249677	199923	13983	4096	131	0	82688	781
107708	32240	4175	8192	131	0	82432	8720
76944	39702	275	8192	256	0	69376	9450
329707	261875	9031	4096	256	0	159744	4365
210644	99353	143	0	0	1	0	16128
70092	45165	956	0	0	0	0	15360
49534	9493	1326	8192	256	0	24576	6891
83097	26860	11648	0	0	1	0	4608
222280	159964	7193	8192	0	0	125696	3876
330801	35323	11816	4096	256	1	32768	4352
142804	114835	15347	8192	256	0	132864	1024
187233	93142	15627	-1	0	0	113920	512
38735	33220	15209	8192	0	1	36096	1024
314975	30523	11041	8192	256	1	31744	5120
268236	97392	11723	4096	131	1	215040	4608
29908	6108	8374	4096	0	0	7936	1828
303605	80372	7350	8192	131	0	40960	1548
45463	20314	7558	4096	0	1	35072	8704
118174	48849	14060	8192	256	0	65536	303
207544	204009	11818	-1	131	0	170496	3351
54500	33628	1336	0	256	0	0	14848
240045	167878	10394	-1	131	1	160000	5888
139039	96679	12734	0	256	1	0	3584
192036	185288	7146	-1	256	0	44544	6456
245919	78848	671	0	256	1	0	15616
191068	131180	657	4096	0	1	145920	15616
49252	15056	15191	0	0	0	0	1024
253837	179435	1326	8192	256	0	122112	8981
318523	315903	14465	8192	0	1	181504	1792
211900	6139	14701	8192	256	0	117504	1536
346539	303872	5284	-1	131	1	58880	11008
184458	121333	4471	8192	256	0	164352	9739
125726	94732	10838	4096	131	0	768	3572
91415	64559	10112	0	0	1	0	6144
170287	57139	10566	0	0	0	0	5632
318138	34414	4452	0	0	0	0	11776
99035	50672	7095	-1	256	0	81408	9216
143978	137816	3026	0	256	0	0	6162
133483	38744	3922	8192	131	1	96256	12288
225137	206240	2114	-1	0	0	43008	14080
105648	78784	14996	0	256	1	0	1280
206640	167949	11573	0	256	1	0	4608
65145	13694	6082	0	131	1	0	10240
277952	226139	14513	0	131	0	0	1792
120724	103350	4665	-1	256	0	4352	11520
159589	25561	8815	4096	0	1	34304	7424
336473	53335	16296	8192	131	0	265216	0
66581	20157	5955	8192	256	1	54272	10240
52193	1025	13700	0	256	0	0	2560
267793	56812	15819	-1	0	1	263168	512
200936	121796	12209	4096	131	0	190208	1084
180619	106924	13350	-1	256	0	8448	2816
243369	8303	166	8192	131	0	113664	8081
143838	137673	15011	-1	131	0	116992	1280
178283	121756	4259	8192	256	1	73984	12032
9074	971	9078	8192	256	1	1024	7168
90728	61766	9039	8192	0	0	65024	3258
339816	3446	5817	8192	131	1	237312	10496
164227	14453	400	0	256	1	0	15872
285913	54212	11076	-1	256	0	102144	5120
279267	114710	13019	8192	131	1	218368	3328
50201	14436	12902	0	131	1	0	3328
225668	72733	9548	4096	131	1	83968	6656
240058	40600	12539	-1	131	1	84480	3840
71585	34174	13397	8192	131	0	12032	2816
169502	62508	14415	8192	0	0	27904	1792
134327	106845	1119	4096	0	1	6912	15104
32969	14370	2655	-1	256	1	1024	13568
322595	206947	10381	4096	256	0	187392	1949
33406	1522	3592	-1	256	0	11520	9998
128968	8747	5222	4096	256	0	75776	7637
75671	25046	9664	-1	131	1	37888	6656
161016	10263	16232	0	131	1	0	0
197364	9376	8283	-1	0	1	53760	7936
37174	14599	16298	4096	0	0	30720	0
174229	51952	10613	0	131	0	0	5632
144336	68192	8360	0	256	0	0	7936
14035	4281	15779	4096	256	1	0	512
168493	30742	8178	-1	256	0	37888	7146
185275	142578	3476	-1	256	0	67840	12800
156475	132429	104	4096	131	0	58112	15027
102162	57232	1581	8192	0	1	21760	14592
47326	20608	5032	0	0	0	0	11264
156666	147041	6409	8192	0	0	102912	8607
212997	48360	813	-1	0	1	72192	15360
269502	128400	15787	4096	256	1	50176	512
253555	175101	4953	8192	256	0	182784	5123
305625	297090	14659	-1	131	1	77312	1536
241212	3157	6101	0	256	1	0	10240
307574	9827	9795	0	131	1	0	6400
150586	126928	9919	-1	0	0	40704	6400
321360	308645	12114	4096	0	1	24320	4096
65472	39982	3538	4096	256	1	4096	12800
299687	236898	10152	0	256	0	0	6144
75847	70836	11475	8192	256	0	51456	2892
258030	253389	8923	8192	131	1	114432	4641
320550	17889	10110	0	256	1	0	6144
343459	332342	6907	0	131	0	0	9472
326597	152855	12652	0	0	1	0	3584
316088	145110	2281	-1	256	1	224000	14080
344790	57645	3443	0	256	0	0	12800
20168	9733	13341	8192	131	1	18432	2816
160416	140387	12059	8192	131	1	88832	4096
90187	88049	7644	-1	131	1	14848	2138
144798	96073	2552	-1	256	0	138752	13824
206142	162834	11529	8192	131	1	24832	4608
115067	31777	8368	8192	131	0	107776	991
323160	48358	13679	-1	131	0	205824	2560
154100	51239	10891	0	131	0	0	5376
313579	286723	16312	8192	0	0	147456	0
139015	70418	3907	0	0	1	0	12288
107428	59603	11277	8192	256	1	13568	4864
177540	140429	7421	-1	0	1	135424	8960
38023	417	5523	8192	256	0	2560	2143
105313	14802	14991	0	131	0	0	1280
144989	139270	4377	4096	256	1	59648	5719
294827	76647	4568	-1	0	0	68352	11776
268357	108783	3144	4096	131	0	151552	10001
140436	64273	6442	4096	131	1	86528	9728
41769	3575	1682	-1	256	1	16896	14592
240278	174900	14069	4096	131	1	209664	2304
1522	1478	385	-1	0	0	1024	44
161403	96238	5901	4096	0	0	69888	6162
295748	281137	8718	0	131	0	0	7424
159589	154578	84	4096	0	1	137984	5011
224728	139379	7729	4096	131	1	192000	8448
182275	82380	11776	4096	131	1	75520	4608
223419	7680	1481	4096	131	1	197376	14848
76012	47946	2223	8192	256	1	8192	14080
39781	29661	7266	4096	0	1	12032	8960
146495	91245	12776	8192	131	0	61184	3584
252725	108088	6202	4096	0	1	152832	9984
99605	22585	3485	0	131	0	0	12800
256971	183890	4302	8192	131	0	64000	4526
269260	171252	2612	0	256	0	0	13568
70340	13674	11900	8192	131	1	56832	4352
174179	150782	14554	0	0	1	0	1792
318107	208975	7722	-1	131	0	58880	8448
263271	126870	3618	0	131	0	0	12544
76057	33970	9772	0	0	1	0	6400
103338	72090	4851	4096	0	1	768	11520
277526	137840	12226	4096	131	1	212480	4096
248398	172796	13951	8192	256	1	107008	2304
114481	112781	8276	4096	256	0	79872	1395
155740	25801	10456	8192	131	1	30208	5888
329106	243617	9513	0	131	1	0	6656
164435	16952	13093	4096	0	0	116736	3072
35140	14294	12781	4096	256	1	27392	3584
38498	36823	15426	0	131	0	0	768
257678	132388	12740	-1	0	0	174592	3584
78001	62757	7905	4096	131	0	2048	6875
94529	49520	8300	-1	256	1	45824	7936
327933	321813	14921	-1	256	1	195584	1280
175326	4206	14739	8192	131	0	138496	1536
318507	208040	1024	-1	131	0	69120	15360
127907	107478	2370	4096	131	1	101376	13824
154011	90913	1824	-1	256	1	153088	14336
71150	70301	12789	4096	256	0	44032	355
260749	220327	12909	-1	256	1	189184	3328
242965	82184	3813	8192	0	1	207104	12544
316371	167941	15955	4096	0	1	222720	256
215425	83793	535	0	256	0	0	15616
121101	22971	3423	8192	0	1	15360	12800
230777	35651	4827	4096	131	1	218624	11520
127490	6270	4701	0	131	1	0	11520
316840	257912	13694	0	256	1	0	2560
165773	101686	3685	8192	256	0	156416	4810
275630	118363	14455	0	131	1	0	1792
71893	55866	15462	8192	0	1	68352	768
81267	19433	3930	0	0	0	0	12288
181069	129794	8838	-1	256	0	100864	7424
52109	17835	11132	0	0	0	0	5120
86508	33571	10927	0	131	1	0	5376
327670	218133	6442	8192	256	0	60928	3051
272109	140048	12178	-1	0	1	7936	4096
56989	39208	9783	8192	256	0	24576	1752
268488	235001	7467	0	131	0	0	8704
188104	102487	11773	0	256	1	0	4608
264371	101182	3920	8192	0	0	158464	5314
335812	172450	13695	8192	0	1	278528	2560
195561	24058	4247	-1	256	0	91648	12032
5031	3112	3013	4096	256	0	4608	984
210014	119586	15857	4096	0	0	54528	512
22753	10886	13356	8192	0	0	15872	2816
177561	49678	5241	-1	131	1	72448	11008
97793	94911	11452	4096	0	1	19456	2882
24102	17294	11822	0	0	1	0	4352
239424	138968	4696	8192	256	0	11520	8488
13281	1818	9540	4096	131	0	12800	6374
286289	210988	283	8192	256	0	11008	10196
173104	101981	10124	8192	256	1	166144	6144
44195	3460	4112	4096	0	1	44032	12032
287414	131524	16152	0	0	0	0	0
252537	217946	2210	8192	131	0	4352	11430
14870	8495	7239	0	0	1	0	6375
15355	6878	7123	0	256	1	0	8477
317309	31934	4503	-1	131	1	236288	11776
6482	5547	11061	-1	131	0	5376	597
129648	16854	7034	0	0	0	0	9216
299866	108348	10700	8192	256	1	273664	5632
267803	33366	8409	8192	0	1	20224	7936
152043	28409	5612	0	256	0	0	10752
156017	67068	7820	-1	131	1	68096	8448
23492	12566	13449	-1	256	1	13824	2816
72482	70945	14567	8192	256	1	51456	1537
246923	244793	12993	4096	0	1	205568	2130
214836	204533	14551	0	131	1	0	1792
50015	6312	14479	8192	256	0	24832	1792
9497	2865	327	-1	0	0	6400	3535
218376	211600	7007	8192	0	0	207360	1392
86922	3816	14406	0	0	1	0	1792
116209	45059	15347	8192	256	0	23552	1024
30069	21633	5161	4096	0	0	13568	7039
262917	75363	3264	4096	0	1	182784	13056
11322	4969	8668	4096	131	1	1280	6353
176654	168022	4707	0	131	0	0	8632
194236	163813	6244	4096	0	1	134144	9984
36341	12866	6104	4096	131	0	4096	7614
40437	22073	8	8192	0	0	27648	5575
146646	57163	15844	8192	0	1	125696	512
230401	53412	11141	0	131	1	0	5120
194951	92174	7642	0	0	0	0	8704
83783	15314	8951	4096	0	1	34048	7424
213445	175332	627	8192	131	1	201472	15616
253951	134034	2456	0	0	1	0	13824
281371	65851	13663	8192	131	1	264448	2560
105597	57942	15143	-1	256	0	74240	1024
236157	16648	7562	4096	131	1	115968	8704
68691	12482	3668	8192	256	0	16128	3646
19691	12151	13915	-1	256	1	15872	2304
211213	42055	10418	8192	256	1	81664	5888
33639	1381	5597	8192	0	1	29696	10752
7849	4100	9178	0	0	1	0	3749
270473	53841	7743	0	0	1	0	8448
277622	24948	3234	4096	0	1	28928	13056
331662	119922	5727	-1	131	1	107776	10496
11714	8284	16179	4096	0	0	8960	0
205437	204678	4098	8192	256	0	100864	122
155729	121344	1592	4096	131	0	2048	13824
264524	137357	164	0	131	1	0	16128
322189	177645	5052	4096	256	1	166144	11264
32448	15203	14449	-1	131	1	26368	1792
144154	100610	571	8192	131	1	70144	15616
342736	225693	8061	4096	131	0	24832	7779
99563	71172	9760	4096	256	1	52736	6400
51142	35263	15307	-1	256	0	12032	1024
128586	88006	8198	-1	256	1	52480	7936
314689	284902	13992	4096	131	0	247552	1818
93100	71568	3302	4096	0	0	47872	10352
46609	44011	15565	-1	256	1	12288	768
290771	54875	3932	8192	131	1	44288	12288
293740	181928	357	8192	256	0	76032	14680
83330	28696	7693	-1	131	1	16640	8448
21607	8519	14489	-1	131	1	11520	1792
63211	7770	13280	4096	0	0	512	422
33761	20103	15834	-1	256	0	13056	512
339730	16217	12647	8192	0	0	183296	167
319841	208401	8974	0	131	1	0	7168
175631	60225	13603	0	131	0	0	2560
344761	114696	11666	0	131	1	0	4608
119907	80975	12025	0	256	0	0	4352
181081	62954	10073	0	256	1	0	6144
222471	120637	12862	-1	256	0	47872	3328
124863	9510	13217	0	131	0	0	3072
190676	107475	352	-1	131	1	166400	15872
84860	11135	13196	4096	0	0	31488	1153
180068	87296	14372	4096	0	0	48640	1792
66393	65428	2504	8192	131	1	37632	965
320167	278029	10260	4096	131	1	312576	5888
43839	6054	5347	-1	0	0	3328	11008
193827	121338	2063	0	131	1	0	14080
14316	6624	12706	4096	0	0	3584	1568
66884	59602	13640	-1	0	0	40192	2560
68063	17024	6165	4096	131	0	41728	7552
211456	42285	13600	0	256	0	0	2560
300738	265443	7715	-1	256	0	206592	8448
294138	225043	15124	-1	0	0	237824	1024
157287	69225	13535	0	256	1	0	2816
127325	17007	15327	0	0	1	0	1024
31516	15620	12771	8192	0	1	3072	3584
68070	58962	3755	0	256	0	0	9108
37447	10077	6498	8192	131	1	35840	9728
63428	11642	8770	-1	131	0	52224	7424
176981	137231	9694	8192	256	0	16896	2033
254622	242280	7574	4096	131	1	7680	8704
85881	26833	6754	0	0	0	0	9472
311521	162703	13560	0	256	0	0	2816
24698	9463	4795	0	256	1	0	11520
256418	45188	5579	0	0	1	0	10752
165185	60101	9097	4096	256	0	31488	5435
81189	10649	5969	0	131	1	0	10240
157746	116136	11181	4096	0	1	108288	5120
118609	115764	5760	4096	256	0	97024	2508
226572	6393	3914	0	131	0	0	12288
330538	327809	10400	0	0	0	0	2729
244175	174784	14689	4096	131	0	67840	1344
65406	35586	11208	4096	131	0	63488	1278
105270	52850	3758	4096	256	0	78592	8590
226183	65237	15770	4096	256	1	9216	512
27064	15110	2841	-1	256	0	15616	506
6338	2960	13479	4096	256	1	256	2816
19661	2469	10648	-1	256	0	15616	5632
32321	7972	12985	0	131	0	0	3328
277713	195972	2969	-1	0	0	249088	13312
120613	112417	8179	0	131	0	0	8196
339364	261264	9245	4096	256	0	182784	4976
78236	20832	6299	-1	131	0	22272	1440
308472	196214	11545	0	0	1	0	4608
42572	33280	4256	4096	131	0	4352	7680
334227	149918	4705	0	0	0	0	11520
72453	59645	3166	8192	131	1	44288	12808
295352	21812	14296	-1	0	1	114944	2048
255146	139432	3670	4096	0	0	217088	12120
180768	175313	8010	8192	131	1	139264	5455
262116	124161	5397	-1	256	0	231168	10752
65260	43999	833	0	0	1	0	15360
215875	70778	2262	4096	256	0	64000	11142
243722	218535	14758	-1	0	0	196608	1536
105878	55808	3342	8192	131	0	11008	9728
203013	9635	2832	0	131	0	0	13312
47571	5926	3173	4096	131	1	29184	13056
254711	158250	12847	-1	0	1	166656	3328
68141	41578	14339	-1	131	1	67584	1792
180029	20014	9317	0	0	1	0	6912
40842	37667	15482	0	131	0	0	768
36923	3365	3850	8192	131	1	17664	12288
136311	134794	5707	-1	131	0	121088	1142
137389	96266	5241	4096	0	0	98304	2038
53529	32245	15827	4096	131	1	24320	512
310212	99657	15689	8192	0	0	98560	512
49400	417	2577	-1	256	0	5120	4703
277137	251826	13543	4096	0	0	61952	2126
123538	107156	5725	4096	131	1	18688	10496
141369	44577	15181	-1	0	0	49408	1024
151979	59957	7541	8192	256	0	55040	5579
64992	37784	15354	8192	256	1	18432	1024
42871	29930	12828	-1	131	0	36096	3328
289568	81408	6724	0	0	0	0	9472
187796	110109	762	-1	0	1	47872	15616
206063	12867	3341	4096	0	0	181504	11709
166765	22910	9647	-1	0	1	58368	6656
262082	19075	14312	0	0	1	0	2048
283164	22741	2453	8192	131	1	59648	13824
223252	193975	6607	-1	0	1	57600	9728
330522	84264	13808	4096	256	1	257024	2560
66771	18622	5021	4096	0	0	38144	10050
302059	233138	5130	8192	0	0	250880	4430
84636	84300	15484	-1	256	1	17408	336
36250	26668	8200	4096	131	0	2048	6100
204834	8415	11722	-1	0	1	55296	4608
77519	19781	12588	-1	131	1	27136	3584
233746	109313	608	-1	131	0	136960	15616
328874	26244	10334	0	0	0	0	5888
330770	142101	7436	0	256	1	0	8704
11513	6657	6414	0	131	1	0	4856
52565	10583	15503	-1	131	0	2816	768
278403	211193	9546	0	256	0	0	6656
116964	81298	922	-1	131	0	19200	15360
147893	76864	8929	8192	256	1	2560	7424
101169	75984	5888	-1	131	0	58112	10496
64978	35667	1769	8192	256	0	41216	5549
129170	41736	9100	8192	0	1	3328	7168
193210	121332	8863	-1	131	0	122624	1292
169739	9959	9673	-1	0	0	169216	6656
59135	39131	3337	-1	0	0	57600	12800
164979	30214	15426	0	131	0	0	768
32700	23909	10543	4096	0	0	29184	4763
346558	182137	10045	4096	256	0	77824	2183
252952	196739	4058	-1	256	0	195072	12288
100168	51912	11055	4096	0	1	21760	5120
49543	43015	12263	4096	131	1	10496	4096
345124	325419	8629	4096	131	0	50176	6357
191366	59881	9543	0	256	0	0	6656
14612	8049	9398	4096	0	1	5888	6563
138130	8194	2094	-1	131	1	49664	14080
31489	3284	735	8192	0	1	10752	15616
340618	194210	1655	4096	256	0	140032	10590
257455	201449	1717	8192	131	0	136192	11543
155749	113103	3375	8192	256	0	110848	9777
168594	62100	14862	0	0	0	0	1280
171532	134971	8815	4096	0	1	23296	7424
340240	145946	14797	4096	131	0	277760	1510
280544	161333	15978	8192	131	0	108288	256
147853	85217	8094	4096	256	1	146944	8192
53554	39352	10062	-1	0	1	43264	6144
1582	51	9745	-1	0	0	0	1485
20161	527	4520	8192	131	1	1280	11776
183901	60936	4496	4096	0	1	81152	11776
228144	162145	9209	8192	0	0	75520	1695
341640	143082	6995	8192	0	0	13568	4374
242026	241839	3289	4096	0	1	233472	187
297575	21305	12449	-1	256	1	260096	3840
26981	19759	3259	4096	0	1	19968	7222
216575	9308	4837	4096	256	0	173312	11172
186640	48697	5714	8192	256	1	106240	10496
190608	116294	8001	0	131	0	0	8192
225851	214405	6599	4096	0	1	31488	9728
263752	174195	15927	-1	0	1	227584	256
53518	41029	14300	8192	256	1	49664	2048
18436	1553	16380	8192	131	0	9216	0
180330	77618	3778	0	256	0	0	12544
131194	53525	3142	4096	131	1	60160	13056
174710	34412	15185	8192	0	0	118272	1024
303514	217639	7645	-1	131	1	36864	8704
79978	21096	8842	8192	0	0	73216	3480
182151	134554	9844	-1	256	1	140544	6400
28908	25148	2952	0	131	0	0	3760
263577	69683	1896	4096	0	0	101120	12237
67946	23928	9548	0	256	1	0	6656
283715	267722	14083	-1	131	0	199680	2048
290770	107104	16357	0	131	0	0	0
35093	9904	12889	8192	256	0	28672	3328
211129	12936	14021	8192	131	1	6912	2304
347473	54095	865	4096	0	1	61952	15360
281628	51473	8595	4096	0	1	196864	7680
321446	67114	14032	-1	0	0	204800	2304
181986	68775	8664	-1	131	0	46592	7680
228131	178341	12519	8192	131	0	163328	1883
334829	256915	5410	0	131	0	0	10752
170581	14046	427	4096	131	1	67072	15872
893	184	2933	4096	256	1	256	709
77815	32984	4200	8192	131	1	11264	12032
19448	6416	11568	-1	131	0	12288	4608
115992	61289	651	4096	0	0	91904	12439
28840	25423	15088	0	0	1	0	1280
41691	18066	2837	8192	256	1	34048	13312
97069	94011	11289	0	256	1	0	3058
112898	69880	7284	4096	131	0	76544	6664
74324	49229	13424	8192	256	1	43008	2816
19553	18483	3151	8192	131	0	18688	205
213730	182117	306	8192	256	0	197632	14491
80805	16481	7035	-1	256	1	7424	9216
227364	96734	12401	0	0	0	0	3840
338503	159314	10277	-1	0	1	249856	5888
44089	557	10407	4096	131	1	7936	5888
277718	91531	282	4096	131	0	14592	14965
346088	64501	3359	0	256	1	0	12800
308219	256366	7091	4096	256	0	122112	5778
241317	95703	2952	0	131	0	0	13312
98264	12899	12394	8192	0	0	63488	3485
61197	16878	12126	8192	256	0	38144	4096
216718	30331	2083	8192	256	0	191744	10629
288331	266177	7005	4096	256	1	217856	9216
49202	9960	323	8192	131	0	17664	7704
133763	99402	13536	-1	0	1	129280	2816
319825	263020	5144	8192	256	0	255232	7316
143149	107517	3730	8192	131	1	124672	12544
236267	34538	13925	-1	256	0	125440	2304
189622	168713	10791	0	131	1	0	5376
42037	18452	2233	4096	0	1	27904	14080
315340	46271	12624	8192	256	0	41984	2881
77413	30869	6824	-1	0	0	68096	9472
241627	47608	788	4096	0	1	190208	15360
63878	13697	2991	8192	256	1	26880	13312
202097	134403	14490	8192	0	1	124160	1792
185848	152590	2807	8192	0	0	119040	11250
209564	146276	4624	4096	256	1	152576	11520
163437	57054	6308	0	256	0	0	9984
194493	133139	9705	-1	0	0	65024	6656
186387	99687	9810	-1	131	1	126208	6400
137916	21892	5268	8192	131	1	39936	11008
252380	245302	10902	0	256	0	0	5376
255704	243931	3037	4096	131	1	190976	11773
184199	48793	423	4096	0	0	33536	12647
71953	30932	10408	8192	256	1	46592	5888
195568	144405	13306	-1	0	0	128768	3072
299488	199343	8586	8192	0	1	245760	7680
213645	88808	13251	4096	256	1	186368	3072
161706	91284	10326	4096	131	0	27904	2924
278683	58587	9564	-1	256	0	60160	1573
340409	18955	14203	-1	0	0	114176	2048
340897	212930	13422	0	256	1	0	2816
227859	65337	7268	0	256	0	0	8960
166486	19503	16130	4096	256	1	57088	0
233601	20345	12180	0	0	1	0	4096
227430	181994	2939	0	0	0	0	13312
218919	27336	13432	4096	256	1	79360	2816
323929	191751	10383	8192	131	0	12032	4857
122233	101201	2460	8192	131	0	71424	13487
244349	155230	787	8192	256	0	55552	8610
81554	36534	3242	8192	131	1	65536	13056
129886	93582	4810	0	0	0	0	11520
312122	222512	11576	-1	0	1	53760	4608
77167	42846	3658	-1	131	1	70144	12544
213082	177700	8158	0	0	1	0	8192
158254	106245	9654	8192	0	0	150016	251
51829	36992	10679	8192	256	1	48384	5632
345305	239772	10695	4096	0	1	27904	5632
348420	118670	16065	8192	131	1	59648	256
223250	105870	16101	4096	131	1	109824	256
133323	5255	15694	-1	131	0	56576	512
239388	100981	2494	0	0	0	0	13824
162064	64594	11767	4096	131	0	104192	942
335546	28231	8002	0	131	1	0	8192
339926	76546	12523	0	131	0	0	3840
317382	306492	6954	4096	256	1	141824	9216
54835	42219	11726	8192	131	0	27904	4608
89430	72346	12654	4096	131	0	83968	1382
93974	17666	7048	4096	0	1	70656	9216
93791	26933	4958	-1	0	1	24576	11264
269196	101524	13229	4096	0	0	196352	876
134209	119662	2423	0	131	0	0	13824
305550	120778	915	0	131	1	0	15360
39292	33052	11713	4096	256	1	19456	4608
210387	196742	7490	-1	0	0	124160	8704
222508	107631	15553	0	131	0	0	768
318950	315790	7958	-1	256	0	19200	2674
319189	29118	1943	8192	0	0	248064	11842
135322	74881	7182	0	0	0	0	8960
243027	233536	11091	4096	0	1	60416	5120
306609	138080	8572	-1	256	1	112128	7680
105146	64923	1407	4096	0	1	13312	14848
105269	68875	8124	-1	0	0	81152	8192
219445	12672	8821	8192	256	0	167424	3712
142943	39721	8955	-1	0	0	127488	7424
240376	185836	10607	4096	256	0	205312	2580
156500	7099	5776	0	0	0	0	10496
136322	41429	6492	-1	131	0	94976	9728
239891	18831	6125	8192	131	0	81152	5745
240745	27839	6326	-1	256	0	134144	9984
123338	79960	6883	0	131	1	0	9472
232964	3871	4334	-1	131	0	113408	12032
157591	21859	3735	4096	0	0	92160	10909
14200	858	16323	4096	256	0	9728	0
135586	88983	9170	4096	131	1	58112	7168
225611	17407	7205	-1	0	0	71680	8960
320522	129268	12700	8192	131	1	276736	3584
30199	28019	10592	8192	131	0	16640	1933
242598	104434	14776	8192	131	0	108544	1536
164267	112764	8955	0	131	0	0	7424
187456	173420	5986	4096	0	0	91392	6804
82278	340	13302	8192	256	1	48128	3072
330961	190934	3527	8192	131	1	141824	12800
23323	10832	425	-1	256	0	9216	12208
347783	17474	13159	0	0	1	0	3072
269893	269634	13262	-1	0	1	198656	259
45474	33617	11926	8192	0	0	12800	4352
73893	56110	6793	4096	131	0	23040	9426
242094	136340	5268	8192	0	0	120064	2924
249255	231879	697	8192	0	1	19712	15616
85231	31338	10012	4096	256	0	10752	5526
217941	155831	12176	-1	131	0	145408	4096
314727	8040	11556	-1	131	1	311296	4608
202388	52738	11236	0	256	1	0	5120
220670	157971	15884	-1	0	0	205824	256
207555	137412	13110	-1	0	0	169472	3072
213085	56203	8941	4096	131	1	93952	7424
327789	256321	2680	0	0	1	0	13568
296646	134184	5854	8192	131	1	17920	10496
36893	2021	15946	4096	0	1	14848	256
54723	8437	9030	-1	131	0	39424	7168
151738	6925	14503	8192	0	1	5632	1792
10216	7754	8497	4096	0	0	3328	438
232835	93286	12108	8192	256	1	73984	4096
44089	11922	14622	-1	256	0	27648	1536
180989	163746	595	8192	0	1	129536	15616
270472	73235	9235	-1	0	1	207360	6912
228265	60610	10970	-1	0	0	88064	5376
318643	164745	979	0	256	1	0	15360
321134	109057	8158	-1	256	0	256000	8192
86919	69322	14062	4096	256	1	56576	2304
222020	120489	15225	-1	0	0	181504	1024
173921	47969	9742	0	256	1	0	6400
197674	29687	15146	-1	131	1	111872	1024
3204	696	1273	-1	0	1	1024	2508
178073	35799	7480	-1	0	0	82176	8704
104424	25643	13562	8192	256	1	24064	2816
314833	47749	123	8192	0	0	238848	9595
313251	101037	14848	8192	131	0	175872	1536
80742	60923	5775	8192	256	1	28160	10496
145710	67376	7393	4096	256	0	43264	6352
280138	132633	15214	0	0	1	0	1024
296076	122113	15454	8192	256	1	113152	768
348650	127560	8344	0	131	0	0	7936
322289	201687	11859	8192	131	0	106240	3113
73058	1981	2798	4096	131	1	2560	13568
322237	157676	10611	4096	131	1	273152	5632
202870	133986	10912	-1	256	1	102912	5376
234181	127189	2339	4096	256	0	15104	12075
187255	138434	1898	8192	256	0	58880	9022
220419	60975	8494	4096	0	0	215552	4561
67166	41278	11253	-1	131	1	53248	5120
260009	209440	3065	-1	131	1	12032	13312
248853	160348	8574	-1	131	1	45312	7680
139065	9350	11473	-1	131	0	22784	4864
308089	44133	2770	0	0	0	0	13568
14595	3260	1200	8192	131	1	768	11335
195712	192128	9939	-1	256	1	97280	3584
55684	54683	4653	4096	0	0	46336	869
5016	3390	1357	0	256	1	0	1626
317697	188895	12304	0	256	0	0	3840
231398	192991	1986	-1	0	0	218368	14336
141461	58651	6479	4096	0	1	93696	9728
69542	16466	323	-1	131	1	67840	15872
33628	2769	2866	8192	131	1	33536	13312
66677	64816	14030	0	131	1	0	1861
172273	170783	257	0	256	0	0	1490
90839	1438	206	-1	131	0	8448	7010
277134	8061	11386	4096	256	1	227072	4864
342766	72223	4547	-1	131	1	272640	11776
8334	3514	3309	0	131	1	0	4820
310987	272338	4484	-1	0	1	152576	11776
86552	48605	7709	0	0	1	0	8448
272022	218181	13579	8192	0	0	224512	2560
59347	804	1962	4096	131	1	4352	14336
3785	2920	762	4096	0	0	256	664
217694	199203	15913	-1	256	0	120832	256
17896	7568	8212	-1	0	0	3072	7936
43471	42248	10768	4096	131	0	23808	1016
142292	70750	16161	0	256	0	0	0
126699	36425	1241	8192	0	0	74496	12727
245666	160674	1512	8192	256	1	83712	14848
327192	66430	14957	-1	0	0	72960	1280
42428	9111	10057	4096	256	0	13312	3177
70111	33504	12328	0	0	1	0	3840
101165	65663	1900	8192	256	1	58624	14336
297151	133449	9440	0	131	1	0	6912
129387	25602	14954	-1	256	0	6144	1280
273749	213811	5896	-1	131	1	55808	10240
5186	2532	9387	4096	0	1	2560	2654
327825	48194	9224	8192	131	1	141312	6912
147181	136760	14991	8192	131	1	19200	1280
14418	8064	11403	8192	0	1	3072	4864
117188	17264	12637	4096	0	1	107776	3584
320347	264813	3865	-1	131	0	179712	12288
277815	171077	12550	4096	256	1	205824	3584
133013	64219	15070	8192	256	0	2560	1280
313019	29508	4200	8192	256	0	222464	11452
75927	41520	15105	0	131	1	0	1024
210409	91901	566	8192	256	1	196096	15616
6018	3204	14851	8192	131	0	1280	1280
202985	109956	2684	0	131	1	0	13568
73457	30229	7122	0	0	0	0	9216
98988	25866	14918	0	131	1	0	1280
290198	160197	16353	-1	131	1	152320	0
74040	47930	13116	8192	0	0	8960	1222
99824	71144	15768	0	256	0	0	512
269647	70361	7233	0	131	1	0	8960
190458	172657	15031	-1	256	1	97792	1280
263965	207588	640	-1	131	0	241152	15616
61047	58453	9655	4096	0	0	512	2475
120653	92846	15958	0	0	1	0	256
245768	18678	4112	8192	0	0	196096	5898
340358	162491	8269	0	256	0	0	7936
200550	164992	1929	-1	0	0	152576	14336
164178	123926	16381	0	131	0	0	0
30891	21526	11619	8192	0	0	9216	3050
117552	51431	10305	4096	256	1	113920	5888
144958	1953	9918	4096	0	0	100608	6239
288111	203664	8025	4096	131	1	51968	8192
166559	30241	15252	-1	256	1	13056	1024
68618	58523	11453	-1	256	0	1024	4864
155426	116529	10850	0	131	1	0	5376
55137	5223	14405	0	256	0	0	1792
310835	146921	2147	4096	0	1	301312	14080
295878	7766	1794	-1	0	0	174336	14336
109736	22368	15567	-1	256	0	23296	768
142690	27655	9522	4096	0	0	66560	5113
286804	207329	7579	8192	131	1	163328	8704
127134	26835	11257	4096	256	1	71168	5120
172356	139207	7438	8192	0	1	20224	8704
105744	44169	4087	4096	131	0	38656	9079
40691	10049	3212	0	256	1	0	13056
325036	193441	14303	-1	0	1	130048	2048
160108	133888	6051	4096	0	0	5376	9472
215207	46572	15761	0	256	1	0	512
266366	99331	12473	-1	0	0	240384	3840
309426	296029	13967	4096	0	0	284672	2304
121805	38609	10482	0	0	0	0	5888
146974	49706	9592	-1	0	1	112640	6656
73950	44092	15147	8192	256	1	12032	1024
41703	25357	850	-1	256	0	32768	7411
263642	133167	12207	4096	256	1	261376	4096
201037	23768	14382	0	0	1	0	1792
259829	65409	10254	0	0	0	0	5888
60369	18009	11754	4096	256	0	26112	2471
24957	12304	12581	-1	131	0	9472	3584
191722	130668	10630	0	0	0	0	5632
164664	114255	13424	-1	131	1	45312	2816
125664	13605	8577	4096	256	1	21504	7680
14766	8489	14429	8192	131	1	11008	1792
231995	49461	7185	-1	256	0	174592	8960
301065	11448	11082	4096	256	0	222976	4936
126682	94350	12140	4096	256	1	103424	4096
41993	38365	8693	-1	256	0	768	3363
29088	14887	12752	4096	131	0	11776	1497
226585	130059	12717	0	131	1	0	3584
138483	68224	12085	4096	256	0	120064	1408
160405	119268	7220	0	131	0	0	8960
27397	15525	8906	8192	131	0	20480	859
37884	11456	13841	8192	131	1	22528	2304
237694	23962	816	8192	131	0	3584	8806
216531	77868	14408	0	256	1	0	1792
273070	6056	15226	4096	131	0	45824	1024
166154	66278	10569	8192	131	1	82944	5632
281725	166939	9187	8192	131	1	73728	7168
192450	75196	6618	8192	256	1	176384	9728
215731	11601	4504	4096	131	0	40192	8879
329565	98073	7417	-1	256	1	245760	8960
327112	107967	625	8192	131	1	142080	15616
41028	5479	5605	-1	256	1	37888	10752
286810	284735	15892	4096	256	1	226304	256
191194	1405	13184	4096	131	1	132352	3072
234524	179735	6056	0	0	0	0	10240
41983	12366	14908	8192	0	0	10752	1280
243985	43982	4905	-1	256	0	18432	11264
99211	75980	6728	-1	131	1	90112	9472
283507	83096	2897	4096	256	0	165120	11112
278990	84940	11935	0	0	0	0	4352
153823	138791	1263	4096	131	1	121856	15032
235132	98170	5390	0	0	1	0	10752
217074	10368	4046	8192	256	1	56320	12288
219603	93942	15947	4096	131	1	54784	256
136967	19398	8881	4096	256	1	83456	7424
13492	12660	2346	4096	131	0	3072	652
77773	4678	3	0	131	0	0	16128
32829	26852	3717	0	131	0	0	5977
62193	52772	6882	4096	0	1	48896	9421
304160	255382	1604	-1	256	1	150784	14592
99491	24617	1117	8192	0	0	85760	8151
274656	124145	2350	4096	131	0	216064	11023
120428	81047	3358	0	0	1	0	12800
240886	239234	7798	4096	131	1	1536	1652
175377	76436	9020	0	0	0	0	7168
274750	174030	14377	4096	0	0	47104	1792
296429	98133	6218	4096	256	1	179200	9984
153652	147197	13462	-1	256	1	81152	2816
295275	152488	3939	-1	131	1	95232	12288
309426	263136	12457	8192	131	0	254464	3840
9049	5739	14292	4096	256	1	2048	2048
80305	40943	8586	0	0	1	0	7680
246326	5619	140	-1	0	1	75008	16128
234971	173860	269	8192	131	0	199424	14556
320545	301204	617	4096	131	0	39424	14188
168183	63475	11137	8192	0	1	164352	5120
96793	24555	8273	4096	256	0	3584	4117
77455	75621	14638	4096	0	0	75520	1536
292421	285085	7846	8192	131	0	149504	1635
121660	15808	13726	0	0	0	0	2560
33631	2615	7072	4096	131	1	2304	9216
281779	137777	11642	-1	131	1	69120	4608
294864	54344	8951	4096	0	1	28160	7424
193433	86505	6307	4096	0	0	79616	7703
136276	9959	4708	4096	256	1	130304	11520
248131	208875	3504	8192	0	0	136960	12309
27777	23910	11821	8192	131	0	22272	666
264047	233442	10351	4096	256	0	162816	4126
216993	92348	8753	8192	131	1	89344	7424
246737	243687	4456	4096	256	1	89088	3050
282057	220930	1024	0	0	0	0	15360
154833	120824	679	0	0	1	0	15616
246919	230011	14968	4096	0	0	55552	1280
208143	70597	7120	0	0	1	0	9216
80766	45246	15599	4096	0	0	70912	768
295899	247676	12765	0	131	0	0	3584
191204	155402	7312	4096	131	0	65024	8438
277050	6116	6750	0	256	0	0	9472
232464	178188	8661	8192	131	0	66304	2036
101154	87790	4126	4096	131	1	73216	12032
67197	53016	7103	8192	0	0	256	4328
134700	132028	12816	8192	256	1	1024	2672
121686	95413	10439	4096	0	0	92672	2891
117559	66592	7458	0	131	1	0	8704
307360	208961	1225	-1	256	1	79360	15104
39328	32738	9481	4096	131	0	3584	4126
109970	83144	4392	4096	256	1	58880	11776
21380	1549	2961	-1	256	1	1536	13312
48567	6679	8009	0	131	0	0	8192
23661	16201	15126	4096	0	1	21248	1024
77511	74472	2610	8192	256	0	57856	2584
977	318	16023	0	0	1	0	256
282016	180636	15614	0	256	0	0	768
318198	265000	13953	8192	0	1	76800	2304
16578	5341	7521	-1	0	1	15360	8704
268351	174936	4068	8192	0	1	252672	12288
73352	35068	12865	0	0	0	0	3328
23824	11292	14942	4096	0	1	2816	1280
269356	183434	9880	8192	0	0	131328	4982
339793	41872	3018	8192	131	0	49920	7280
346632	75446	2804	0	131	1	0	13568
336859	12653	9426	8192	131	0	147200	3731
162675	19247	9381	8192	131	0	108544	5329
62985	27967	577	4096	0	1	54784	15616
86091	74830	9010	4096	256	0	26368	7090
188296	92194	10459	8192	0	1	68096	5888
226905	177612	7122	-1	256	1	59648	9216
92045	59472	8737	8192	0	0	17152	6064
211095	122018	2422	-1	0	1	125184	13824
164958	87434	11921	0	256	0	0	4352
191288	72931	13202	-1	256	0	34048	3072
100756	66816	8696	-1	0	0	75008	7680
321165	289728	3039	0	0	0	0	13312
46323	277	12548	0	0	0	0	3584
255253	42679	6552	8192	0	0	129792	6473
6825	3158	13512	4096	131	0	4608	938
198782	165004	9523	0	256	1	0	6656
256471	184406	5621	-1	256	0	198144	10752
248742	23980	6927	0	256	0	0	9216
265604	240098	4316	0	256	0	0	12032
313642	151274	4794	4096	256	0	194304	8470
206042	71043	15491	4096	131	1	131584	768
149989	8247	1596	8192	131	0	56320	8137
129388	89013	1815	4096	131	0	75776	13387
314080	31349	6509	8192	0	1	151808	9728
166311	148764	12789	8192	0	1	32000	3584
258743	196739	12766	0	131	1	0	3584
334674	202642	289	0	256	1	0	15872
284355	232230	11342	-1	256	0	14080	4864
332161	95061	13156	-1	131	0	40704	3072
198623	96402	14030	-1	0	1	17920	2304
80052	19007	4338	4096	131	1	43776	12032
29544	14390	12932	-1	131	1	19712	3328
65165	40993	12090	4096	0	0	17664	4063
287105	201299	11930	8192	0	0	232448	3501
28313	12363	9817	4096	256	1	23296	6400
288993	132615	6641	0	0	0	0	9728
24295	2871	6890	4096	131	1	2816	9472
328445	31432	5571	-1	131	1	32768	10752
161674	74137	12844	8192	256	0	14336	3328
320040	105844	6685	8192	256	0	194816	8844
99128	25693	12355	-1	256	1	88320	3840
243581	204606	13334	8192	0	1	27648	2816
78964	51272	5922	0	256	0	0	10240
87727	43578	3787	8192	256	1	41216	12544
153416	26351	6113	4096	131	0	146944	6417
175787	16665	3305	0	131	0	0	13056
252551	73020	13470	-1	0	1	237312	2816
31348	8772	7958	4096	0	0	256	7612
277864	111315	5943	4096	131	1	257792	10240
259785	101945	1278	-1	131	1	72192	15104
187079	141006	6375	4096	256	1	94208	9984
53192	48922	8927	0	131	1	0	4270
188383	46429	8605	4096	131	0	98048	6819
280075	168563	13688	0	131	0	0	2560
192802	30574	15357	8192	256	0	175616	1024
187300	66598	2313	-1	0	0	110592	13824
194621	99965	13022	0	256	1	0	3328
125356	30847	6852	4096	131	1	76288	9472
272795	202613	9523	8192	256	1	167680	6656
47750	47086	10079	8192	256	1	16640	664
165831	125701	7517	4096	256	0	120832	5371
159063	135828	7703	8192	0	0	80128	3436
31399	20025	14828	-1	131	1	11776	1536
317871	245331	10107	8192	0	0	33536	429
248024	140841	6067	-1	131	1	156928	10240
42421	7135	3671	4096	0	0	34816	9249
41828	30310	8767	4096	256	0	40704	6554
59269	16563	6649	-1	131	0	58624	9728
61134	42015	4402	4096	131	1	26880	11776
228361	33131	10943	4096	256	0	181248	3733
187543	87365	15128	8192	0	0	35840	1024
52433	20730	8891	8192	131	0	3840	3846
112291	5051	3406	4096	256	0	82688	11333
61242	44686	10786	8192	131	1	12288	5376
170275	104372	15790	-1	0	1	47104	512
291629	249389	12957	8192	256	0	223232	3328
26791	10922	9750	0	131	0	0	6400
64629	58524	12061	-1	0	1	49408	4096
304920	81551	15690	0	256	0	0	512
197900	61333	11161	8192	0	0	26624	4203
192174	14486	13277	8192	0	0	48896	1898
75026	65840	9941	4096	131	0	8448	3792
228467	31726	8979	-1	131	1	117760	7168
151820	85803	2689	-1	256	1	41728	13568
142006	80096	12644	8192	256	0	117248	1824
225205	7990	1047	8192	131	1	103424	15104
319062	51019	13961	-1	131	1	161024	2304
254987	80651	1548	8192	256	0	192256	9461
224077	85761	12917	4096	0	1	2048	3328
289927	221883	6873	8192	131	0	108544	7493
158557	141553	5357	8192	131	0	102144	5903
120765	34506	1470	4096	0	1	87808	14848
140709	11643	15415	4096	0	0	100352	645
270140	170066	5267	4096	0	1	32512	11008
13379	7260	3256	4096	256	1	0	6119
132709	60773	1881	-1	0	0	106496	14336
16055	1616	15627	8192	256	0	5376	512
226225	190824	11060	8192	256	0	222208	5120
20071	6046	14882	-1	131	0	10240	1280
68531	14532	13013	-1	131	1	768	3328
124527	105550	10250	-1	256	0	82688	5888
261393	60104	7333	4096	256	0	105216	5432
72720	37870	16329	4096	0	0	63744	0
284193	15251	9089	0	0	0	0	7168
229957	184745	3122	-1	256	1	6144	13056
272148	187465	12851	0	0	1	0	3328
122423	50463	14720	8192	0	0	27136	1536
2522	741	15665	0	0	1	0	512
322507	159578	6361	0	0	1	0	9984
249720	28196	4445	8192	131	1	84480	11776
139502	155	13817	-1	256	1	47360	2560
215389	118868	4561	8192	0	1	70912	11776
332724	102928	9175	-1	0	0	163072	7168
102983	6807	8442	4096	0	1	27648	7936
91119	68615	9559	4096	0	1	81664	6656
173187	158123	14277	-1	256	1	150016	2048
195110	123580	1837	0	256	1	0	14336
1415	1337	5125	0	256	1	0	78
13901	7867	9464	-1	256	1	5632	6034
251327	144835	3891	0	0	0	0	12288
60083	23773	1361	8192	0	1	54016	14848
169098	165189	7078	4096	256	1	72960	3909
332800	49382	10301	-1	256	0	13824	5888
4838	668	13280	4096	131	1	1536	3072
154338	124521	1639	8192	0	1	113408	14592
264299	217789	236	4096	131	1	162304	16128
28323	16090	3373	4096	131	0	16384	294
339866	6741	14768	4096	0	0	103424	1451
305031	84208	15786	8192	0	1	152320	512
105634	72623	8281	0	131	0	0	7936
164273	97878	14320	0	0	1	0	2048
240469	61051	10720	0	0	0	0	5632
199673	9579	11937	-1	131	0	127232	4352
100012	55722	7678	-1	256	0	47872	8704
287353	17947	15573	4096	131	1	512	768
140811	49497	13208	-1	0	0	127744	3072
283121	16554	16080	4096	0	0	114688	256
286048	262437	5697	8192	131	1	134144	10496
15766	6498	7460	0	131	0	0	8704
153172	124158	2806	4096	0	0	66304	11010
110842	60461	12840	0	0	1	0	3328
37649	15413	802	0	0	1	0	15360
279767	195480	7062	-1	131	1	4864	9216
312519	203928	5725	8192	256	1	81408	10496
66758	36907	12717	4096	256	1	57344	3584
101923	18450	9900	8192	256	1	4096	6400
146121	72576	10367	8192	0	0	16896	1152
86054	51237	9631	4096	131	0	66560	6107
265495	252975	7562	-1	256	1	264960	8704
144327	3363	12788	8192	256	1	69376	3584
343928	142532	3959	0	0	1	0	12288
232221	41385	628	0	131	0	0	15616
332371	214520	9628	0	0	1	0	6656
73888	63083	10583	4096	0	0	41984	2453
114801	78666	7222	0	256	0	0	8960
249935	121925	13987	-1	0	1	157440	2304
323304	223499	10279	4096	0	1	313856	5888
197574	15555	14764	8192	256	1	145408	1536
171550	33652	9478	0	131	1	0	6656
327049	268712	10749	0	0	1	0	5632
295920	134395	1356	0	0	1	0	14848
190122	85223	8939	-1	131	1	138240	7424
45708	9137	14092	8192	131	0	5632	2048
290682	136403	15649	-1	131	1	140800	512
194206	15554	13169	8192	0	0	186112	830
170035	29999	16119	0	0	0	0	256
303156	118662	6629	8192	0	0	207104	4218
758	197	9175	8192	131	1	0	561
22136	8507	5595	0	131	1	0	10752
294608	73619	15953	-1	131	0	257792	256
294979	22790	8817	0	256	0	0	7424
135760	45996	8041	-1	0	0	88320	8192
294017	22523	9126	8192	256	1	253440	7168
269492	60189	7307	4096	256	0	45056	5347
31991	878	11428	4096	256	0	15616	3218
268876	88581	7672	-1	131	0	36096	8704
87110	69758	11169	-1	131	0	12800	5120
25950	9304	10552	0	256	1	0	5632
311587	20471	4146	4096	131	1	20224	12032
43272	28314	6923	-1	131	0	35072	6758
169760	119748	596	0	256	1	0	15616
258206	103177	368	8192	131	1	208640	15872
144116	12621	11725	-1	256	0	93952	4608
47768	3337	6081	-1	131	1	5888	10240
156153	115171	14676	8192	131	1	92928	1536
134094	2375	4821	0	0	0	0	11520
278092	93246	2105	0	256	1	0	14080
216476	70486	2092	-1	256	1	152576	14080
121885	65456	5827	4096	256	1	3840	10496
134406	79626	2927	0	256	1	0	13312
317896	159321	15414	-1	0	0	305408	768
295551	283038	4273	-1	256	1	182528	12032
82795	81917	488	4096	256	1	18688	878
204575	106369	2561	-1	256	0	48896	13568
28091	27462	3521	-1	0	0	27648	186
79066	38900	9159	0	256	1	0	7168
156	142	15310	0	0	1	0	14
274393	22986	13318	4096	0	0	162816	1590
171278	21666	11178	-1	131	0	62720	5120
309665	275663	15448	4096	256	0	109824	768
254803	22250	1663	0	131	1	0	14592
113400	53321	15063	4096	256	1	38144	1280
294974	254617	8544	4096	0	1	128512	7680
302375	270158	11825	0	131	1	0	4352
131232	82309	11015	0	0	1	0	5120
176536	144742	5944	4096	0	1	117760	10240
171290	89001	2419	-1	131	0	29696	13824
9041	6597	7089	8192	256	1	3584	2444
48326	41198	6926	0	256	0	0	7128
182434	29919	6522	0	131	0	0	9728
264413	213422	7599	-1	256	0	238848	8704
332958	115060	10077	8192	256	1	287488	6144
325457	319014	12769	0	0	0	0	3584
131527	87383	8881	8192	131	1	105472	7424
268571	100695	3837	4096	256	1	132864	12544
345754	283861	6598	4096	131	1	322048	9728
310078	201849	7771	0	256	0	0	8448
40814	8477	11297	0	256	0	0	4864
11662	1389	12453	4096	0	0	4864	2707
302070	180905	1923	4096	0	1	261120	14336
2861	2763	8422	-1	131	0	1536	98
254465	182097	10502	8192	0	0	198656	5632
23613	21540	4488	4096	131	1	11776	2073
33882	11689	9564	0	131	1	0	6656
146666	69584	15619	4096	131	1	111872	512
125387	99571	633	0	0	0	0	15616
177648	141671	4620	-1	131	0	155904	11520
209477	179432	13023	8192	0	1	10240	3328
223947	92452	237	4096	256	1	164864	16128
234199	67746	3695	-1	0	0	77824	10078
61567	4328	1008	8192	256	1	12032	15360
318919	6255	13620	8192	0	0	169216	1937
342634	202844	14455	8192	256	0	202496	1792
335760	268131	8407	-1	131	1	38400	7936
65966	43631	3803	0	256	1	0	12544
41059	6129	16370	4096	131	0	1536	0
283127	195188	6561	-1	0	1	132864	9728
223723	169212	791	-1	256	0	114176	15360
224791	20711	8371	0	256	0	0	7936
272516	226408	1864	0	256	0	0	14336
98677	28116	4131	-1	0	0	60416	12032
233128	95032	11901	4096	0	0	60928	3272
163354	125666	8731	8192	131	0	101888	5406
335482	140203	14074	0	131	0	0	2304
240835	208592	2912	8192	0	1	203264	13312
156186	61012	14693	-1	131	1	42752	1536
206500	185461	12808	4096	131	0	25088	2955
202297	88920	12156	-1	0	0	144128	4096
54631	10117	15446	8192	0	1	16384	768
301696	72904	8573	0	256	0	0	7680
143464	87914	1421	4096	131	0	120832	14486
179608	143749	9776	0	0	0	0	6400
190837	34930	13822	0	131	1	0	2560
254794	24634	13270	4096	256	0	111104	3072
22546	783	8188	4096	131	0	8192	7409
40612	24043	8680	4096	131	1	11008	7680
331221	105210	6020	0	256	1	0	10240
180096	146656	13679	-1	131	0	52480	2560
219791	213950	1984	4096	0	1	89088	5841
336283	257838	4927	4096	0	1	316416	11264
65260	35735	15592	0	0	0	0	768
15534	6403	11795	8192	256	0	3840	1789
216243	181139	99	4096	256	0	35328	15469
333165	118216	16192	0	131	1	0	0
69930	65421	16103	0	0	0	0	256
123587	13042	13247	-1	0	1	29184	3072
142691	1363	10358	4096	131	1	33536	5888
140628	35106	16073	4096	0	1	101632	256
11311	6354	3824	8192	256	0	512	1838
246222	149040	13599	0	0	1	0	2560
196218	184411	7623	0	0	0	0	8704
258606	124400	3055	0	0	0	0	13312
98409	81581	7591	0	0	1	0	8704
346724	113516	7044	0	0	0	0	9216
346188	221495	5661	8192	0	1	234240	10496
335638	170860	2371	4096	256	0	172032	1172
107655	51692	12150	8192	256	1	72960	4096
53107	824	2544	0	0	1	0	13824
25958	25378	3147	4096	256	0	25600	222
124936	95850	15145	4096	256	1	95488	1024
40001	7955	5542	-1	0	1	25856	10752
247931	222463	10001	4096	0	0	231168	2817
123488	19113	27	-1	256	1	84480	16128
20233	7554	15670	8192	131	1	7936	512
43875	11992	5774	8192	131	1	34048	10496
237724	65619	4704	-1	131	1	40704	11520
313041	303940	6670	8192	0	0	40448	7356
237115	204296	41	4096	131	0	129536	12792
245984	94619	11215	0	256	0	0	5120
3783	1549	16308	8192	256	1	3072	0
335528	120633	817	8192	256	1	96256	15360
325413	211539	5583	0	256	0	0	10752
326835	115076	8329	4096	256	1	256000	7936
192494	71283	9540	0	0	1	0	6656
305785	72555	8044	0	256	0	0	8192
70584	47900	11640	4096	131	1	66304	4608
205867	113691	1301	8192	131	0	112128	9189
29754	26364	10566	8192	0	0	24832	3332
225630	163583	5624	4096	0	0	153344	8449
326373	65150	3534	4096	256	0	14080	12674
38908	25170	39	-1	0	1	12800	13738
347538	263143	9916	8192	256	0	179200	6400
319822	271783	4382	0	0	0	0	11776
101498	23835	8188	-1	0	1	91648	8192
290994	74265	15646	-1	131	0	142336	512
158439	23653	9225	0	256	1	0	6912
227915	11747	5647	4096	131	0	41728	8733
166231	19807	10570	4096	256	0	37120	4769
67492	35046	6788	4096	0	1	16896	9472
59107	17871	6886	8192	0	1	9728	9472
262899	180404	2819	0	0	1	0	13312
132174	85238	6627	4096	0	1	50944	9728
17638	12300	14886	8192	0	0	14592	1280
316971	42978	2845	0	256	0	0	13312
13496	8346	1128	4096	256	1	2560	5150
313117	74544	15392	-1	0	0	85248	768
130980	86917	8866	4096	0	0	38912	7291
83078	9070	13442	4096	131	1	25344	2816
155861	123166	5639	4096	131	1	40704	10496
182566	177076	9195	0	256	0	0	5490
3858	1507	1667	8192	256	1	1024	2351
85669	39702	5818	4096	131	1	79104	10496
143647	1392	2099	0	0	1	0	14080
229478	48220	14571	0	0	0	0	1792
167641	110185	3930	4096	256	1	150272	12288
327057	202719	15855	8192	0	0	14592	512
27491	25402	7606	-1	131	1	1536	2089
346808	121999	1610	8192	256	0	227328	9073
252260	8918	8892	4096	131	1	63488	7424
27448	8501	9667	0	131	1	0	6656
244718	97881	2099	0	131	1	0	14080
160850	131181	15514	8192	256	0	87296	768
178223	48176	14656	0	256	1	0	1536
267406	261702	12190	4096	0	0	18432	442
210297	7702	10075	-1	256	1	118016	6144
168045	31558	779	4096	0	0	17408	13498
207017	189129	618	-1	256	0	6400	15616
283590	174454	15343	-1	256	0	61696	1024
207973	141932	482	4096	256	0	108544	13716
209046	28809	13970	-1	0	0	126464	2304
147144	127489	5628	0	131	0	0	10752
134638	93220	9003	4096	256	0	75520	5084
183133	156511	3341	-1	131	1	7936	12800
94282	15390	2631	-1	131	1	86016	13568
44445	43106	8056	0	0	1	0	1339
99267	72582	4417	8192	0	1	91392	11776
242431	137457	8382	4096	0	0	150016	5903
125727	118062	1055	-1	0	0	10240	7634
208047	65051	20	0	0	1	0	16128
347476	56597	6258	-1	256	1	316416	9984
263687	251910	6988	-1	256	1	90624	9216
58004	43001	16376	4096	0	1	4096	0
89630	50511	4446	8192	256	1	1280	11776
335853	237386	297	-1	0	0	215552	15872
295915	76842	2114	0	256	1	0	14080
346558	254317	2977	-1	0	1	331008	13312
106489	12756	4161	4096	131	1	99584	12032
154925	1899	9607	0	0	0	0	6656
157522	58711	9924	-1	131	1	30208	6400
116457	31426	6726	8192	256	0	106240	1342
37194	29658	841	0	256	1	0	7536
308905	6463	13519	8192	0	0	292096	1729
265152	30352	2499	8192	256	1	30208	13824
33564	7465	13421	-1	0	0	17664	2816
103694	2852	7525	-1	131	1	101888	8704
283317	275394	15396	4096	256	1	125184	768
285044	225608	12843	-1	131	0	80128	3328
31392	17586	1791	-1	256	0	6912	13390
83431	72250	6684	0	256	0	0	9472
238112	175600	1898	8192	131	0	215296	12816
111524	98172	7816	4096	256	1	7680	8448
14818	2552	1702	-1	256	1	11520	12266
74602	38193	4451	8192	256	1	31744	11776
141703	128235	11682	4096	0	0	114432	2837
209748	188665	13493	0	0	0	0	2816
290751	129888	5716	-1	256	1	122880	10496
268494	65556	1854	4096	0	0	117504	12268
237278	29628	1046	8192	256	1	174336	15104
141375	84368	380	8192	256	0	78336	13936
271398	116843	9627	8192	131	0	73216	6037
177188	77738	7656	-1	131	1	57856	8704
71094	66904	1025	8192	256	1	32512	4190
98796	44248	9652	0	0	0	0	6656
237479	201080	11224	4096	0	0	201984	904
150394	37751	9145	4096	0	1	7424	7168
60457	38841	3807	0	0	1	0	12544
118238	39128	5051	4096	0	0	49664	10024
267504	83449	6307	8192	0	1	175872	9984
316285	123321	6887	0	256	1	0	9472
262196	113912	14535	0	256	1	0	1792
349531	25361	4715	-1	131	1	331008	11520
26325	875	8437	4096	0	1	19200	7936
165652	34211	1034	0	256	1	0	15104
31669	20102	5318	4096	256	0	17920	8570
9748	200	15280	8192	0	0	1280	1024
229885	42517	13684	0	131	1	0	2560
203406	163669	9242	-1	131	1	80640	6912
244379	128115	12073	0	256	1	0	4096
30664	27186	3946	4096	0	1	16128	3478
324845	227391	11174	4096	0	0	232704	1985
103728	20188	1475	0	256	0	0	14848
65579	29782	10232	0	0	0	0	6144
257580	58003	9410	4096	256	1	124672	6912
61238	12242	7295	0	256	1	0	8960
141496	95041	2156	0	256	0	0	14080
253705	119754	2918	4096	256	0	768	11318
48147	3187	8459	8192	0	1	6400	7680
273291	187682	13773	-1	256	0	68608	2560
11390	9051	14651	8192	256	0	8192	1536
325097	224081	5720	0	131	1	0	10496
145760	21133	9578	4096	131	1	69120	6656
84051	46397	12770	-1	131	1	82432	3584
203769	50351	3027	4096	131	0	27648	11089
14953	272	8757	-1	256	1	2816	7424
154790	121683	5548	4096	256	0	66816	9389
92397	62243	8152	0	0	1	0	8192
66871	43392	938	8192	0	0	62208	13952
345684	293795	16297	8192	256	1	268544	0
346672	75682	13636	4096	256	0	24576	2142
306505	142390	9222	0	0	0	0	6912
24451	14392	769	4096	131	0	8192	6088
105395	78625	4810	4096	131	1	47616	11520
59295	18250	11513	0	256	1	0	4864
327641	19743	14321	8192	0	0	143616	2048
60716	33033	4538	0	256	0	0	11776
131612	37508	686	0	0	1	0	15616
288449	38530	3525	-1	256	1	260864	12800
200688	170030	15503	8192	256	1	49408	768
306781	70515	2045	-1	0	1	178176	14336
49716	35432	10195	8192	131	0	26112	5528
246091	159055	10760	8192	131	0	120576	4785
307161	48809	10159	8192	256	0	103424	343
121207	70562	10249	8192	256	0	46080	3166
204079	152991	13714	0	131	0	0	2560
68853	55324	2489	8192	131	0	29952	10212
40337	2003	1037	-1	131	0	33024	15104
67807	1177	12457	0	131	0	0	3840
143996	49837	8369	-1	0	1	76032	7936
105613	75266	11108	-1	0	1	88064	5120
95037	91087	15171	4096	256	1	61696	1024
191215	34760	7495	4096	0	1	90880	8704
210980	43162	2256	-1	131	1	186624	14080
113327	70491	7017	-1	131	1	10752	9216
346831	165088	3931	4096	0	1	78080	12288
208831	84739	4993	8192	256	1	59904	11264
42242	38706	10878	-1	256	1	1536	3536
304750	212097	10434	8192	0	1	257024	5888
228686	22926	6729	0	256	1	0	9472
95454	58459	9153	8192	0	1	18944	7168
107015	97915	6103	4096	0	1	106240	9100
305162	177796	7117	4096	131	0	22528	6524
210790	2791	10825	4096	0	0	115200	1305
174947	17218	2702	8192	131	1	45312	13568
174410	126530	8394	8192	131	1	20992	7936
181329	122096	6095	0	131	1	0	10240
274475	198929	8336	4096	131	1	153856	7936
76083	28942	6261	8192	131	1	5120	9984
173395	168173	8309	8192	0	0	132352	3859
333020	144989	5676	0	0	0	0	10496
227425	219332	6584	8192	256	0	14080	1852
51842	49122	2195	4096	131	0	24832	30
50502	36848	16340	8192	0	0	0	0
286835	41211	12240	8192	256	0	235520	4096
199135	87145	4461	0	131	1	0	11776
43993	12929	6967	8192	131	1	16896	9216
182372	68775	13846	-1	131	1	256	2304
276521	35092	12944	8192	256	1	118016	3328
159243	90653	13171	-1	131	1	144896	3072
298434	33488	6984	-1	131	1	7680	9216
274818	79088	13092	-1	0	1	81408	3072
57360	41410	11836	8192	131	0	1536	4352
319518	262839	1298	-1	0	0	264192	1353
197882	48736	12594	0	0	0	0	3584
319684	250872	7200	8192	131	0	250880	8
106576	29825	5306	0	131	1	0	11008
14009	12569	6279	8192	0	1	9472	1440
107894	88467	13977	-1	256	0	62720	2304
183738	82805	1901	8192	0	0	124928	7307
247763	144639	15156	8192	256	1	179200	1024
269730	51859	10476	8192	0	0	83712	5485
310128	35492	2212	0	0	1	0	14080
156607	81706	10562	-1	0	1	114176	5632
239806	15126	4226	-1	0	1	194304	12032
208125	83524	716	0	256	1	0	15616
198344	159341	3106	-1	131	1	155392	13056
315542	176320	6510	8192	256	0	173568	3904
138165	110023	10303	8192	256	0	39424	4665
168497	59642	9133	-1	131	1	18432	7168
94332	62917	10231	-1	256	0	64512	1595
99214	13889	8785	4096	256	0	44800	6591
55383	19539	5916	8192	256	0	50688	5037
214244	4993	7372	-1	0	0	202752	8960
315873	48414	15969	4096	0	1	62464	256
118339	71957	1879	-1	0	0	45824	14336
215339	123387	7093	4096	131	0	197120	7685
223577	91919	12258	0	131	0	0	4096
132798	51013	4749	4096	256	1	67840	11520
202801	114177	7082	8192	0	0	28160	8703
80556	43106	6987	4096	256	0	39680	6046
259675	127334	9687	0	256	0	0	6656
112700	43005	6210	0	256	0	0	9984
101613	24147	15851	0	0	0	0	512
10099	1670	9476	8192	0	1	0	6656
175909	17852	8429	0	256	1	0	7936
164084	89463	9655	4096	0	1	31744	6656
207455	60292	12004	4096	256	0	160512	1148
214083	32400	13450	-1	256	1	21760	2816
132138	35400	15575	8192	131	0	23296	768
249731	148650	10243	8192	131	1	235264	5888
105655	2582	719	8192	0	1	84224	15616
312765	193542	7104	-1	256	1	127488	9216
132455	77080	2349	8192	0	0	67072	13032
251886	141349	2998	0	131	1	0	13312
250343	210445	14459	0	131	0	0	1792
12754	9771	12414	8192	256	1	5632	2983
31213	3778	3170	-1	131	0	7424	3646
125826	58295	10094	-1	0	1	65792	6144
184997	142147	13182	-1	131	0	94208	3072
22567	13937	15829	8192	256	0	512	512
44088	30433	4876	4096	0	0	19456	10527
122880	8453	15878	8192	131	1	33536	256
168299	78019	5497	-1	0	1	39680	10752
131549	27062	671	8192	131	0	52224	13898
131143	122911	2488	8192	256	1	69888	8232
129360	19222	13074	0	0	0	0	3072
2582	2030	11789	-1	131	1	1792	552
242146	26452	9795	8192	256	1	199424	6400
2605	1156	6007	-1	131	0	1024	1148
203854	173490	12	0	0	1	0	16128
313666	262407	10396	0	0	0	0	5888
215032	48159	16256	-1	131	1	131840	0
125059	60525	3872	4096	256	1	105472	12288
134183	97914	3191	0	256	1	0	13056
235008	199986	12026	8192	256	1	39168	4352
347669	179141	15727	-1	0	0	188416	512
30113	1029	5968	-1	131	1	512	10240
13066	3965	14127	4096	131	0	768	131
242274	206278	3466	8192	256	1	232960	12800
172192	34345	14542	-1	256	1	80640	1792
132343	67410	4059	0	0	1	0	12288
71509	42269	2739	4096	131	0	48640	6371
197903	149072	11597	-1	0	0	195584	4608
347106	66053	4384	8192	131	0	259328	7675
182341	5766	7605	8192	256	0	114176	2426
75139	15275	12552	-1	131	1	74240	3584
209807	113229	9316	0	131	0	0	6912
22690	4534	8674	4096	131	0	13056	3658
238908	18750	191	8192	131	0	100608	14018
232478	175	9568	0	0	0	0	6656
278408	134685	14716	4096	0	1	109824	1536
131380	5572	14547	0	131	0	0	1792
103585	873	10979	0	131	0	0	5376
76331	41569	13963	8192	256	1	22272	2304
113724	57651	15161	-1	0	0	88320	1024
218317	198259	582	-1	0	1	114176	15616
215139	202191	11748	4096	131	1	24576	4608
93438	72075	3505	8192	0	1	34304	12800
55964	18633	13285	0	0	1	0	3072
296511	80841	10346	8192	131	1	18944	5888
198740	21915	10588	4096	0	0	176128	2661
349606	289490	12311	-1	131	0	240640	3840
233166	218883	10710	-1	0	0	1792	5632
36712	4320	5983	-1	256	0	20480	10240
78295	37733	14428	8192	256	0	13824	1792
260010	202872	16129	8192	131	1	89344	0
122086	116239	1208	-1	131	0	7424	5617
324262	156935	11288	0	131	0	0	4864
190723	33178	3566	8192	0	1	48896	12800
292518	83498	16268	8192	131	0	123392	0
175795	144104	9231	8192	0	0	83968	3352
257914	7509	861	8192	0	1	9728	15360
294057	89545	9312	-1	256	0	161280	6912
122159	105214	7810	4096	0	0	6400	5378
60538	24479	4037	0	256	0	0	12288
78805	20727	2717	4096	131	0	21248	521
65631	43533	5269	-1	256	1	52224	11008
229258	176906	9765	8192	0	0	108032	3318
130411	83055	717	-1	0	0	87552	4497
236788	156040	9452	4096	0	0	134400	3704
281021	254240	5891	0	131	1	0	10240
348084	36044	348	-1	256	1	139520	15872
320011	6368	6845	8192	0	0	9472	1824
107171	106452	5080	0	256	1	0	719
195584	1013	7947	4096	131	1	160000	8192
194655	118089	9263	-1	256	1	95232	6912
244182	168371	16071	4096	131	0	74752	256
168298	132382	11197	0	0	0	0	5120
149433	47334	9121	-1	256	0	64768	7168
246207	105340	8950	-1	131	0	226816	7424
36171	9638	4084	8192	256	0	35328	6746
290065	286242	8005	-1	131	0	214016	3550
337813	300329	12797	4096	131	1	191744	3584
165832	42375	2711	4096	0	0	11264	10873
170901	116826	5593	4096	0	1	135936	10752
23083	17451	4387	8192	256	0	14080	5333
236183	203178	2663	8192	0	0	191232	9814
119497	69583	8485	8192	131	0	37632	4145
232059	103690	6407	-1	0	0	131584	9728
285855	78746	7028	0	0	1	0	9216
264408	220521	12154	8192	0	0	205056	663
216454	2123	7104	-1	131	0	188416	9216
256297	189698	8684	4096	0	1	36352	7680
21495	1827	7839	-1	256	0	2560	733
226157	3541	15324	4096	131	0	223744	555
185369	143036	8893	0	0	0	0	7424
183843	28642	4855	0	0	0	0	11520
232639	117551	1730	0	256	0	0	14592
227202	94650	671	-1	131	1	98560	15616
58087	357	14502	-1	256	1	48128	1792
16240	5329	15607	0	131	1	0	768
97489	91686	16134	8192	0	0	1792	0
205773	42124	2465	4096	0	1	197632	13824
4422	2043	5423	-1	131	0	2304	261
197084	42204	7781	4096	256	1	34560	8448
135327	99269	6137	8192	0	0	100608	1339
214918	181553	4037	0	256	1	0	12288
29604	20882	11240	0	131	1	0	5120
94895	88712	5316	0	0	1	0	6183
173191	170695	12564	8192	256	0	142592	1337
229224	81606	14968	8192	256	0	22784	314
240498	191579	4343	4096	0	1	220160	12032
307729	245098	1198	4096	0	1	202752	15104
274485	223613	7961	8192	131	0	104192	5763
267355	219527	6075	-1	256	1	130560	10240
262653	237121	11782	0	0	0	0	4352
45569	4268	6985	4096	256	1	39424	9216
124094	183	9638	8192	0	1	24576	6656
39026	3607	9792	4096	0	1	31744	6400
256438	49748	5130	8192	131	0	137216	7596
34974	31885	1286	4096	256	0	23296	883
332848	81498	2668	4096	256	1	288512	13568
345134	151148	7277	4096	256	0	326912	8596
205178	39837	5008	-1	131	1	50432	11264
111925	64341	9347	-1	0	1	34304	6912
248740	133011	11315	0	256	0	0	4864
57630	17059	11920	8192	256	1	45312	4352
124	40	10262	4096	0	1	0	84
216599	34158	10943	0	256	0	0	5376
23052	18090	5808	-1	0	0	15616	4950
165604	75225	12271	0	256	0	0	4096
217049	10319	2144	8192	256	0	150016	6065
208023	159599	560	8192	256	0	31744	12433
289382	226835	6684	4096	256	0	284416	6637
18819	16494	516	-1	131	1	3584	2325
15740	12446	5222	-1	131	1	768	3294
341797	105368	6817	0	256	0	0	9472
227665	7245	15370	4096	131	1	148480	768
81885	22039	2178	4096	131	1	26624	14080
99943	31207	14826	4096	256	1	85504	1536
349033	100240	15072	-1	131	1	334080	1280
35107	19946	3844	0	0	1	0	12288
306138	302440	6096	4096	131	0	166912	664
2317	997	5643	4096	131	1	1024	1320
148785	34379	756	0	131	1	0	15616
304095	42576	12396	-1	0	0	47616	3840
157387	143970	7823	4096	131	1	31488	8448
159798	32459	1216	-1	131	0	120064	15104
306113	195189	5581	8192	131	0	205568	9611
21004	10707	11983	8192	256	1	5888	4352
258251	55798	10050	8192	131	1	75520	6144
108786	91272	4443	-1	131	1	105216	11776
204843	21065	1594	-1	0	1	36352	14592
131361	104496	1659	8192	256	0	86016	10192
235038	15563	14519	8192	0	1	133376	1792
280904	118585	278	4096	0	1	2816	15872
114693	11410	5173	-1	0	0	113408	11008
308010	39763	13983	8192	256	1	255488	2304
331979	217953	10537	8192	256	0	91648	3231
35959	24357	7483	4096	131	0	30976	6619
307490	115149	12457	8192	0	1	222976	3840
18230	6017	6014	8192	256	0	13824	2175
219286	51905	10272	-1	0	0	101120	5888
62072	13633	5468	8192	131	1	15616	10752
104058	14589	2881	-1	131	1	91648	13312
63261	33001	7248	4096	0	1	12032	8960
73575	46922	11843	4096	256	0	40960	2230
324325	247839	11010	0	131	0	0	5120
341542	110638	15435	4096	0	1	148992	768
14727	12789	5817	0	131	1	0	1938
236910	98681	1922	0	0	1	0	14336
121493	114143	8639	0	131	1	0	7350
2063	712	12383	4096	256	1	1536	1351
50316	9788	13072	4096	0	1	6400	3072
124428	95541	3537	4096	256	0	50176	10955
87897	26615	10980	8192	131	1	22784	5376
16814	2492	7729	4096	131	1	3840	8448
64659	61094	4755	8192	131	1	7168	3565
177421	138669	15441	-1	256	1	78848	768
100872	28317	12248	0	131	0	0	4096
245957	157265	2533	8192	0	0	146944	6575
295688	145996	3789	0	0	0	0	12544
71651	37301	5220	8192	256	0	27648	3659
122484	80920	14258	-1	131	0	110080	2048
55466	12550	5235	-1	131	0	22272	9722
188921	39951	5762	-1	0	0	34816	10496
74292	72397	10730	4096	131	0	34816	1331
328677	158349	14729	8192	0	0	28416	1536
204855	115961	14780	8192	0	1	36608	1536
323686	265614	6849	4096	256	1	174592	9472
163345	137884	9100	-1	0	0	52992	7168
293582	203018	10720	0	131	1	0	5632
160330	18011	12475	-1	131	1	93184	3840
321893	105142	16093	8192	256	1	139264	256
87015	4486	15586	4096	256	0	78592	768
32187	4374	7410	8192	131	1	9472	8960
289817	77363	15861	8192	131	1	73728	512
349586	298579	3296	0	131	1	0	13056
170229	59107	3075	8192	0	1	20224	13056
168766	15687	12168	8192	256	0	58368	697
101671	5327	5553	4096	256	0	64768	6961
210714	54276	9572	4096	256	1	59904	6656
185139	94914	8919	0	131	1	0	7424
291357	51876	15556	4096	131	1	228352	768
211732	57543	5432	4096	0	1	77824	10752
156393	34938	8730	0	0	0	0	7424
23720	16985	63	-1	256	1	21504	6735
343680	167301	4708	8192	131	0	278016	4731
250498	30534	12685	-1	0	0	25088	3584
89620	83384	7195	8192	256	1	29184	6236
24257	19477	15128	8192	131	1	10240	1024
142823	119222	3356	4096	0	1	42240	12800
158863	150899	6650	0	256	0	0	7964
73677	2478	2377	8192	131	0	51712	5714
108379	49439	5899	-1	0	1	63232	10240
79238	74721	9041	-1	131	1	46080	4517
23813	20879	9971	-1	256	1	5632	2934
341618	68696	1954	0	131	0	0	14336
335772	112082	10091	0	131	0	0	6144
77634	65629	1786	-1	131	1	60160	12005
173039	100522	15183	0	131	1	0	1024
267512	172223	10854	-1	0	1	51456	5376
87553	15635	6705	-1	0	1	77568	9472
126041	72638	6468	-1	0	1	42240	9728
77939	15913	16357	4096	131	1	8704	0
15359	5159	8032	4096	0	1	11776	8192
15030	9352	5560	8192	256	0	13824	4472
249221	156485	6011	8192	0	1	141056	10240
348203	267871	13773	8192	131	1	82176	2560
237051	65199	13995	-1	256	0	51200	2304
325044	255950	1429	8192	0	1	268800	14848
46615	29155	3069	8192	256	0	35072	5917
291881	247175	9289	-1	131	1	267776	6912
268087	256534	6732	8192	0	1	196096	9472
320540	170842	11293	8192	0	1	232704	4864
152846	27943	3441	8192	0	0	98048	4825
130046	45359	9416	4096	0	0	7680	3793
259934	251590	11066	-1	0	0	152320	5120
170011	12559	8102	8192	0	0	107264	3825
130982	11684	11476	8192	131	0	116992	4700
288516	209508	15825	8192	0	1	206848	512
305444	298723	12691	8192	131	1	245248	3584
66976	27765	3960	4096	0	1	47616	12288
130870	99725	8192	8192	0	1	70656	8192
45620	10390	9000	8192	131	0	19968	5994
91329	38194	4085	-1	131	1	16640	12288
277220	130453	15902	4096	0	1	271360	256
78712	23444	2686	4096	131	0	23040	13420
73470	33446	10629	-1	0	1	68352	5632
89934	84646	450	8192	131	1	22528	5288
38275	23829	8408	8192	256	1	19200	7936
260229	105780	15352	0	256	1	0	1024
317849	187353	11915	4096	256	1	239616	4352
179546	64603	6569	8192	131	1	94464	9728
49248	17935	4416	4096	0	0	44800	10737
105000	52681	326	8192	256	1	21504	15872
314416	53045	14573	0	0	0	0	1792
137302	42344	11283	0	0	0	0	4864
54716	25891	7477	0	0	0	0	8704
326092	25360	3692	-1	0	0	249088	12544
175850	27070	2523	8192	0	0	138240	5698
340217	336671	10023	4096	256	0	41984	3041
192778	157260	7010	8192	0	1	177664	9216
328839	183411	7892	-1	131	0	201728	8448
270914	261920	4440	-1	0	1	110592	8994
15922	13952	4969	-1	131	1	14848	1970
317929	47230	3153	8192	0	0	33536	10114
285475	71533	7624	4096	256	1	22528	8704
340015	79419	7651	0	131	1	0	8704
158171	118869	13424	0	131	1	0	2816
20378	15090	1643	-1	0	0	12032	5134
114458	53265	7784	0	0	1	0	8448
206742	157148	10174	8192	131	0	88832	6144
246511	5687	3232	-1	131	0	78336	13056
157575	20424	857	8192	256	0	112640	12344
114228	99943	2767	0	0	1	0	13568
279952	167771	15553	8192	0	0	43520	768
290462	137048	16220	-1	256	0	93184	0
218567	204918	7912	4096	131	1	125440	8448
268349	46741	14070	4096	131	1	219648	2304
78779	51262	15853	0	0	1	0	512
205252	17686	1485	4096	0	0	26368	8682
169095	47213	3191	8192	0	0	109568	10131
164690	145276	2121	8192	256	0	45056	10372
230940	68697	5512	8192	131	0	193280	5031
178995	21499	8714	0	256	1	0	7424
88262	20386	1989	4096	131	1	20480	14336
301673	218052	12632	-1	256	1	74240	3584
95476	4697	9898	-1	131	0	31488	6400
334024	63236	16262	-1	0	1	330496	0
264706	241330	3330	-1	256	1	69376	12800
92320	75915	15728	0	256	1	0	512
310573	96360	487	0	131	0	0	15872
105159	64307	9751	0	131	0	0	6400
69484	17449	12611	-1	256	1	22016	3584
37715	25766	6871	4096	131	1	3584	9472
129282	105531	8344	8192	131	0	121600	965
203154	66696	12184	4096	0	1	23296	4096
30595	1080	15965	0	0	0	0	256
125456	44991	2648	-1	256	0	89856	13568
88275	43089	8093	8192	256	1	38400	8192
114262	53773	11534	0	0	0	0	4608
109433	51727	11574	0	0	0	0	4608
184189	158647	13945	8192	0	1	115456	2304
293545	48344	5204	8192	131	0	278016	9000
219579	216970	6573	0	0	1	0	2609
328414	17050	4443	0	256	0	0	11776
79159	10664	13612	-1	131	1	23552	2560
202442	93624	3282	8192	256	0	89088	12872
215990	64612	647	8192	131	1	169472	15616
306219	260835	2644	4096	131	0	253952	9501
75902	42830	4527	0	256	0	0	11776
139943	81435	11649	4096	256	1	13056	4608
146583	86098	8542	4096	131	0	54784	4014
41264	13484	3601	0	0	1	0	12544
295835	159400	7488	-1	256	1	295680	8704
142734	78493	3702	4096	256	1	29696	12544
269492	41624	9644	8192	0	1	110848	6656
264100	80470	9321	-1	131	0	155904	6912
269422	108618	11162	8192	0	0	45312	5120
31300	24639	2943	4096	131	1	23808	6661
334376	63000	6825	4096	256	1	94464	9472
180113	36829	3487	4096	256	0	77824	12323
174642	30836	10443	8192	256	1	50176	5888
330376	53056	5225	4096	131	1	296192	11008
68984	37780	15231	8192	256	0	11008	1024
17489	8107	6675	8192	131	0	15616	7509
22137	19974	4857	0	131	1	0	2163
275215	162989	6830	0	0	1	0	9472
289448	8060	15740	0	0	1	0	512
199650	85037	14788	-1	0	0	7680	1536
73204	67245	8685	-1	256	1	4096	5959
77060	49187	11862	0	256	1	0	4352
210737	76554	9616	0	131	0	0	6656
335048	23210	9536	8192	256	0	294144	1366
170712	59799	3958	-1	131	1	117504	12288
253610	116046	5878	-1	131	0	217344	10496
214036	88165	7328	8192	0	0	209152	1947
251718	10971	1005	0	131	0	0	15360
74899	23713	3422	4096	0	0	47616	9055
263520	93468	2733	8192	0	0	231680	13028
110303	37408	5608	0	0	0	0	10752
252549	21937	9341	8192	0	1	32512	6912
257590	204461	2767	4096	131	1	160512	13568
37992	4923	4979	8192	131	0	36864	3269
14990	6968	15335	-1	256	0	8448	1024
121619	74779	2851	-1	131	1	20224	13312
42996	16649	1069	4096	131	0	42240	12023
25247	7106	1026	8192	256	0	13312	6206
215089	61240	8151	4096	256	0	88320	4296
171387	59695	11104	0	0	1	0	5120
192759	100878	15601	0	256	1	0	768
228425	180541	7262	-1	256	0	9728	8960
132271	22765	8981	8192	256	0	103936	1811
302683	32214	14563	4096	0	0	225280	554
125105	88891	7246	0	131	1	0	8960
92157	55862	1042	-1	131	1	28416	15104
13385	12852	12223	-1	131	1	12544	533
262298	192269	7153	8192	131	1	139008	9216
134998	25896	1948	-1	256	0	49664	14336
913	5	12972	-1	0	1	256	908
335052	74995	876	0	256	0	0	15360
216772	93661	15109	8192	0	1	73984	1024
176510	15533	15877	-1	256	1	48640	256
18720	13859	4908	8192	0	1	18432	4861
164895	124122	1066	4096	256	0	78848	11046
321539	302116	9283	8192	131	0	512	988
184307	110170	12983	4096	0	0	103424	422
272513	217011	14568	0	256	0	0	1792
238424	237742	5714	4096	0	0	58368	594
280971	275034	16307	8192	0	1	150272	0
233248	161481	6062	4096	256	0	74240	6455
120496	83415	78	8192	256	0	7680	14889
150674	87634	11659	0	131	0	0	4608
187628	139110	3888	-1	256	1	106752	12288
186802	42390	6453	0	0	0	0	9728
217658	151478	6930	4096	131	1	31744	9216
260670	14935	6127	0	256	0	0	10240
145786	30410	12150	4096	0	1	108544	4096
243482	170605	13683	8192	256	1	184064	2560
254564	82660	4518	4096	131	1	201472	11776
123514	90077	11439	0	131	0	0	4864
256112	123889	13958	0	0	1	0	2304
189599	157224	2992	0	256	0	0	13312
151604	5344	384	-1	256	1	25600	15872
65626	55876	9169	0	256	0	0	7168
90879	50444	4690	-1	131	1	30720	11520
78080	33023	5363	0	0	0	0	11008
273815	171644	13069	8192	131	0	72704	388
338761	20839	3063	0	131	0	0	13312
200672	153117	12301	8192	0	1	63744	3840
283759	248495	4077	-1	0	1	97024	12288
121475	116002	12772	4096	131	1	112128	3584
186796	45182	14677	0	0	1	0	1536
246353	220961	8885	-1	0	1	113920	7424
186558	5560	8492	-1	256	1	21248	7680
336235	303490	14938	0	131	1	0	1280
259286	41015	12879	8192	131	1	114944	3328
301817	254057	5632	0	256	0	0	10752
346742	338021	5685	4096	256	0	142336	6043
68476	1474	199	4096	0	1	17664	16128
169000	49089	3516	8192	256	1	118272	12800
186951	148916	13758	4096	131	1	153088	2560
11181	8239	11009	-1	131	0	9984	1745
153678	70005	7642	0	0	0	0	8704
229301	20159	15740	8192	131	0	156672	512
340168	169458	3510	-1	0	0	246272	12800
211375	201912	10983	8192	256	0	175872	2888
346046	17403	10613	4096	0	0	326656	3077
315676	289843	1179	-1	0	0	48896	15104
254334	242191	4246	4096	256	1	104960	12032
104287	61235	8815	4096	256	0	22784	4301
81682	23714	16019	-1	131	0	22272	256
326776	112752	11716	4096	131	0	128512	1936
26176	6810	3535	8192	0	1	9216	12800
222463	213497	14630	-1	131	1	211200	1536
247646	114179	1964	-1	256	1	207616	14336
225723	88286	11646	8192	256	1	26880	4608
116177	103777	12934	8192	131	1	90624	3328
266774	172550	4646	-1	256	1	76800	11520
230610	103500	9494	0	0	1	0	6656
54959	52724	2749	4096	256	1	52480	2235
193471	77020	5382	-1	131	1	148480	10752
188045	13114	13963	4096	0	1	23296	2304
170503	110436	5885	0	0	1	0	10496
63941	36325	4542	0	256	1	0	11776
263840	45302	15450	-1	0	1	29184	768
85146	9520	7259	4096	256	1	53760	8960
159215	136798	7006	0	0	0	0	9216
11095	6032	13951	-1	256	0	1280	2304
314514	194140	8469	-1	131	1	123392	7680
44203	8330	11087	-1	131	1	34048	5120
6384	1468	7815	4096	256	0	2304	836
25005	8309	14615	0	256	1	0	1536
221442	20176	3417	0	131	1	0	12800
99271	81435	13855	0	0	1	0	2304
247368	139476	12036	-1	0	0	27648	4096
321792	189308	2001	-1	0	1	276480	14336
174571	43983	200	4096	0	1	118528	16128
172994	91970	11188	-1	131	0	79616	5120
122371	24509	1165	8192	0	0	121856	8259
85460	33987	625	-1	0	0	2304	15616
260314	184476	11997	-1	0	1	204032	4352
41808	31526	3683	4096	256	0	32256	730
126523	122017	4729	8192	256	0	24064	863
98197	4345	3718	-1	0	0	47360	12544
127333	9946	3831	8192	131	1	125440	12544
251099	69582	3350	-1	131	0	221696	12800
35767	18820	10389	-1	256	1	22784	5888
88653	22971	15481	0	131	1	0	768
191949	29606	12155	-1	256	0	15360	4096
222546	43420	4650	-1	256	0	173312	11520
141575	117529	1076	4096	131	0	80896	13543
203461	170102	13820	0	131	1	0	2560
170546	158384	2670	4096	256	1	116480	12162
232105	99109	5144	8192	256	0	207616	7387
247664	156183	13396	-1	256	1	91648	2816
124909	114632	14633	8192	256	1	65024	1536
236318	152995	10077	8192	256	1	176128	6144
142719	102015	1360	8192	0	1	30464	14848
262924	233584	3814	0	131	1	0	12544
40109	31391	10680	0	0	1	0	5632
92523	65376	15380	0	256	1	0	768
107793	85196	11602	0	131	1	0	4608
88707	48578	1215	-1	256	0	1024	15104
100000	5408	10206	8192	0	0	94720	2784
324981	78835	7985	8192	256	0	107008	3085
206865	170567	14760	0	256	1	0	1536
304393	259796	2825	-1	131	1	145408	13312
140215	48	4214	-1	256	0	38400	12032
193822	47263	4168	-1	0	1	47104	12032
120073	119528	7152	8192	131	1	101120	545
182898	138199	8238	-1	0	0	173568	7936
74799	41448	6073	8192	131	1	64256	10240
255959	255278	11832	8192	0	0	43520	466
295335	270104	11675	8192	0	1	33024	4608
63031	27307	4338	0	256	0	0	12032
344494	215052	8970	0	256	0	0	7168
216560	67924	15100	4096	256	0	118016	1280
282215	200863	8091	4096	0	1	142592	8192
16606	5475	7736	4096	256	1	2560	8448
55873	21841	8836	-1	256	0	45056	7424
325681	113552	9737	8192	0	0	293632	1136
273708	199767	15549	-1	256	0	77056	768
289533	243603	8052	-1	0	0	146432	8192
180010	158107	14445	4096	256	1	168960	1792
289447	12572	8264	8192	131	1	270080	7936
99308	78031	727	8192	131	1	12032	15616
40727	12027	9645	4096	0	1	30208	6656
172687	93017	10347	0	0	1	0	5888
34873	17976	9935	8192	131	1	26112	6400
306222	65733	170	8192	131	1	129536	16128
44641	15882	3598	4096	0	0	30208	8694
103513	67233	1782	-1	0	1	92160	14592
24715	2506	5708	0	0	0	0	10496
88413	23415	10948	8192	131	1	25856	5376
225655	210012	16357	4096	131	0	84992	0
296215	125063	5092	8192	131	0	283392	6009
78629	25912	9179	-1	256	1	72448	7168
329006	291941	10227	-1	131	0	177152	6144
280401	749	7417	4096	0	0	257536	7443
137441	52297	10077	4096	0	0	100096	5047
101679	12167	7654	8192	0	0	18944	4217
275159	33876	7977	4096	0	1	210432	8192
18715	13201	16301	8192	256	1	18432	0
219505	16889	6557	0	0	1	0	9728
225611	153236	10390	8192	0	0	44544	2412
238817	6743	7916	4096	0	0	33024	5545
239886	216560	3824	4096	131	0	206336	8720
139301	15454	10008	-1	131	1	78592	6144
249861	17895	8726	0	131	0	0	7424
109384	11491	6834	-1	0	0	93184	9472
22213	2204	14022	8192	256	1	15616	2304
53606	29530	5520	8192	131	1	28416	10752
196483	128793	891	-1	0	1	4608	15360
3514	1604	12565	0	256	0	0	1910
135438	17678	6934	0	0	1	0	9216
9596	7877	14548	0	131	0	0	1719
19662	7924	10042	8192	131	1	13312	6144
168534	70714	3380	0	0	0	0	12800
70458	56049	13644	4096	256	0	37120	1295
295887	249371	4640	-1	131	0	220672	11520
262405	226479	12187	-1	0	1	252416	4096
305341	202613	7327	4096	256	1	148224	8960
188359	132150	9895	4096	256	0	40704	3018
181494	175213	6505	0	131	1	0	6281
79600	57300	14084	8192	256	1	65024	2048
46886	39462	8454	-1	256	0	44544	5082
89974	87314	6270	0	0	1	0	2660
211036	14800	13060	8192	0	0	32768	1584
282652	222978	16314	-1	131	0	166400	0
153336	116742	2567	0	0	1	0	13568
164452	73229	3722	-1	131	1	128256	12544
53153	15374	15493	8192	256	1	27136	768
229523	212405	12173	-1	131	0	133120	4096
93251	40343	4573	8192	256	0	69888	8809
240540	77581	6848	4096	0	1	6912	9472
23328	8065	4197	8192	256	0	13568	5503
336898	318776	5418	4096	0	1	133632	10752
68553	50575	13482	0	256	0	0	2816
249429	43820	6001	0	256	0	0	10240
254993	80603	4954	4096	256	1	101120	11264
10065	26	2410	4096	256	1	8192	10039
18933	15948	16052	0	0	1	0	256
144568	1513	10837	0	131	1	0	5376
320040	1912	5380	-1	131	1	307200	10752
243327	205539	992	4096	0	1	103680	15360
110641	49459	1014	-1	256	0	107008	15360
117732	29831	14244	-1	0	1	65792	2048
2642	2575	7137	4096	0	1	256	67
33199	16730	5241	0	256	1	0	11008
67132	5774	7518	-1	256	1	9728	8704
109031	78815	1188	0	131	1	0	15104
270425	184669	4784	4096	131	1	82176	11520
136183	43621	11308	0	131	0	0	4864
182542	109340	3152	-1	256	1	82944	13056
261373	94310	14766	4096	256	0	79872	1536
300593	299345	9635	4096	131	0	239872	943
272671	219571	15046	4096	256	0	69120	1280
340971	280037	7846	0	131	1	0	8448
32958	13820	10208	0	131	1	0	6144
114818	55626	12171	4096	256	1	15360	4096
125998	98866	9058	8192	131	0	123648	7168
96902	95772	6587	4096	256	1	36608	1130
249632	138174	7213	-1	256	1	131840	8960
323552	310923	10368	4096	0	0	162048	4469
159316	93526	14581	0	0	1	0	1792
68696	21132	12615	8192	0	0	13312	3444
245237	172961	3009	0	131	0	0	13312
40737	5310	10000	8192	0	1	7936	6144
85931	36788	11044	0	256	1	0	5120
225341	8594	16113	0	0	0	0	256
304639	267919	6407	-1	131	1	143104	9728
273433	70767	2633	0	0	0	0	13568
106530	23600	3845	4096	256	0	48896	9168
250254	44395	8225	0	131	0	0	7936
283089	42545	125	8192	131	1	65792	16128
145724	26188	10746	0	131	1	0	5632
261346	235896	12317	0	256	0	0	3840
5791	4041	1364	8192	131	0	1280	1591
252652	172900	7741	4096	0	1	128256	8448
29289	25994	9720	0	256	1	0	3295
156119	9693	12784	-1	131	1	107520	3584
152579	102920	12756	-1	0	0	123648	3584
208374	88029	9970	8192	256	1	179968	6400
273882	124277	6773	0	131	1	0	9472
125167	52101	15285	8192	131	0	4864	1024
29084	20941	9006	8192	0	0	3584	3635
123837	96930	3585	8192	256	0	41472	9566
30235	26348	12518	-1	131	0	9216	3604
91553	11947	10068	-1	131	0	31488	6144
153772	15216	9183	0	256	1	0	7168
55925	306	736	8192	0	1	37632	15616
67387	34370	14558	-1	0	1	2304	1792
277497	7051	5080	0	256	1	0	11264
97218	49005	8433	0	0	1	0	7936
190940	161688	4500	0	0	1	0	11776
129772	74536	14240	-1	131	0	61696	2048
196027	190787	2151	8192	131	0	77824	5053
47974	4188	11002	4096	256	0	8192	4004
340094	287379	6464	4096	131	0	223232	7533
82204	36487	11580	4096	131	0	67328	4473
234705	216453	14510	0	0	1	0	1792
112626	105593	6625	0	131	0	0	7033
102656	87784	16246	4096	256	1	75264	0
270707	192059	3153	8192	131	0	217600	12741
177424	166165	5670	8192	0	1	24832	10496
105047	90797	6625	8192	131	0	8448	7507
181577	69044	9014	4096	131	1	117248	7168
288908	134072	10213	-1	256	0	282112	6144
320381	274975	1978	8192	131	0	115968	11745
184357	89019	9306	0	0	1	0	6912
282595	257366	15203	0	0	1	0	1024
274991	27381	14215	4096	131	1	110592	2048
45271	22399	13245	0	256	0	0	3072
252260	151843	8194	8192	256	1	21504	7936
96719	48254	373	0	0	1	0	15872
166826	130289	11063	-1	256	0	44544	5120
260045	249902	38	0	256	1	0	10143
311570	47572	1288	0	256	1	0	14848
228991	175710	572	-1	131	1	30464	15616
112470	99673	583	-1	0	1	55552	12797
27435	8137	829	8192	131	1	7680	15360
74244	23001	16162	4096	256	1	29696	0
196826	168702	12666	4096	0	1	71168	3584
275831	89724	9520	8192	256	0	134144	388
149773	106458	14350	0	256	0	0	1792
118071	15127	4642	4096	0	1	76800	11520
248649	185085	12198	4096	256	1	8192	4096
121940	109387	6881	8192	0	0	99328	5301
299491	79336	14927	-1	0	1	276992	1280
143444	44094	91	8192	0	1	21504	16128
86729	11829	12588	8192	0	0	55808	3584
265320	27890	455	-1	256	0	129792	15872
129759	104051	460	4096	256	1	46592	15872
202073	81534	7349	8192	131	1	66048	8960
273068	234390	8301	-1	131	1	108288	7936
133615	87149	35	4096	131	0	37376	15251
34368	33907	1031	4096	256	1	26368	461
197107	181954	15296	0	256	0	0	1024
284773	77789	10373	0	131	1	0	5888
11891	1773	7064	-1	256	0	7680	5907
230895	63308	3313	4096	131	0	193024	10420
231348	54000	3112	8192	0	0	24832	11536
104444	102683	10067	8192	256	1	59136	1761
239403	96404	16076	8192	131	1	95232	256
274278	261175	15218	4096	256	1	87296	1024
175755	117973	358	-1	0	1	20224	15872
307091	235568	7163	-1	131	0	215040	9216
333276	164697	12203	-1	131	1	165888	4096
72415	49329	8110	4096	131	1	70144	8192
62086	14417	2360	-1	256	1	45312	13824
50574	14912	14689	8192	256	0	13312	1472
196842	177441	4526	8192	256	1	29696	11776
101746	45611	11125	0	0	0	0	5120
98435	36918	10799	8192	131	0	78592	4042
267203	97789	146	0	256	0	0	16128
59173	22730	10781	4096	256	0	43520	1846
168082	116115	8374	0	256	0	0	7936
91227	61450	15416	4096	256	1	49664	768
154729	16643	6567	-1	131	1	105984	9728
279153	63253	15882	4096	256	0	180992	256
33510	8547	1605	8192	131	1	16384	14592
180861	63228	14402	4096	256	0	140288	1792
71919	54505	11102	8192	256	1	40448	5120
56046	11462	6989	0	131	1	0	9216
286566	253850	12042	-1	256	1	260864	4096
9890	5752	6020	4096	256	0	6400	648
122682	11655	1349	8192	0	0	78592	12921
185669	82541	3692	8192	0	0	123392	7571
80204	11217	6297	4096	0	0	44288	9263
248285	88122	14743	-1	0	1	179712	1536
41529	17792	7854	-1	131	1	38144	8448
213261	130617	16350	0	131	0	0	0
175464	63403	3222	4096	256	0	110848	10325
347722	310031	3920	0	256	0	0	12288
45992	27998	10663	8192	256	0	19456	4770
271694	90122	2190	8192	256	0	237568	8182
215439	51335	519	-1	256	1	25600	15616
178361	89180	12969	0	131	0	0	3328
111283	60573	3816	-1	256	0	55552	12544
186500	12400	1875	0	256	0	0	14336
6532	3171	1075	8192	131	1	5888	3361
111561	56932	3644	4096	131	0	28928	8604
271696	203942	8425	-1	131	0	244736	7936
14424	758	3264	4096	256	1	11008	13056
264456	123303	14427	4096	0	0	156928	1792
229712	125563	5902	-1	256	0	64000	10240
9853	8211	2468	4096	256	0	5632	1261
176499	42253	4477	4096	0	1	23296	11776
177225	142132	5703	4096	256	1	44544	10496
138807	30933	15252	-1	256	1	68608	1024
206041	167074	2488	-1	131	1	57344	13824
248732	39620	15974	8192	256	1	247808	256
264159	186207	13511	4096	0	1	69632	2816
103368	2816	9593	0	131	1	0	6656
136462	29494	14025	-1	0	1	130048	2304
257305	20809	2537	-1	256	0	134656	13824
221720	193227	4782	4096	256	1	210688	11520
96924	78315	14169	0	131	1	0	2048
327470	38394	1253	8192	131	1	107776	15104
14451	512	521	0	256	0	0	13939
270122	86048	8600	-1	131	1	248832	7680
280847	151427	10710	0	0	1	0	5632
222843	81296	5870	-1	256	1	71168	10496
55064	52165	9086	8192	0	0	32512	2875
196856	171820	14915	4096	131	0	97280	212
287474	282562	6427	8192	131	1	262656	4912
179783	127422	10976	8192	0	1	59392	5376
68381	41320	9111	0	256	0	0	7168
307338	228442	3456	4096	0	1	124672	12800
292379	191221	14254	0	131	1	0	2048
61233	15883	14765	4096	0	1	56064	1536
249833	117977	9943	8192	131	0	242432	4903
231264	93874	15405	4096	131	1	45568	768
313427	224981	12732	8192	0	1	161280	3584
256293	145225	12350	0	256	1	0	3840
340803	108673	12491	8192	0	1	28672	3840
136335	11576	7374	8192	131	0	46592	4808
332558	107979	10570	0	256	0	0	5632
318988	47177	15353	0	0	0	0	1024
279617	214390	15961	8192	0	1	52736	256
266575	263557	16107	-1	256	1	147200	256
156824	114963	9065	0	256	1	0	7168
116545	49277	9833	0	256	1	0	6400
123330	101039	9088	8192	0	1	9984	7168
340658	272237	10004	8192	131	0	143872	6144
279035	89230	7368	-1	256	0	108800	8960
57629	44625	4862	0	0	0	0	11520
171775	15339	7692	-1	256	1	124160	8448
190411	108266	305	0	131	1	0	15872
299034	273560	8392	0	131	1	0	7936
166427	19166	10989	4096	256	0	106752	1314
226670	32847	476	8192	256	0	200192	8113
301220	281905	3230	0	256	1	0	13056
309338	203514	7462	-1	131	1	240384	8704
61236	1977	3912	4096	131	1	49408	12288
194793	170121	6617	4096	0	1	182528	9728
169402	77823	4705	8192	0	1	114176	11520
53368	35441	7614	8192	256	0	28416	5519
269979	203804	12026	-1	131	0	12544	4352
327632	233885	3513	-1	131	0	226560	12800
129559	15783	12357	4096	0	0	116736	601
311227	32250	13991	4096	131	1	245760	2304
187096	142763	8836	0	131	1	0	7424
217026	42660	12868	-1	131	1	210944	3328
125450	103808	2218	-1	256	1	72192	14080
228346	62144	291	8192	0	1	25856	15872
277721	190605	8733	8192	131	0	151808	6003
156035	82317	6650	0	0	1	0	9728
210581	79419	2943	0	0	0	0	13312
106895	68922	11335	-1	0	1	89600	4864
240103	4171	11937	-1	0	0	60416	4352
41873	26838	5775	8192	256	0	17152	5930
191405	26271	15546	4096	0	0	5888	768
255836	52124	2754	8192	0	0	34560	13412
69873	21347	5295	-1	0	0	21760	413
160974	58350	5603	4096	131	1	38144	10752
241707	19899	8509	-1	131	1	0	7680
221920	192183	6291	0	256	1	0	9984
279128	26586	15138	0	131	0	0	1024
187360	38509	8845	4096	0	0	109824	6547
5679	687	3173	8192	131	0	3328	2641
113301	53934	10840	8192	131	1	110080	5376
152036	25447	15790	4096	131	0	11264	512
47103	29031	9433	8192	0	1	42752	6912
211440	164016	8682	-1	256	1	4096	7680
38835	14541	2991	-1	131	0	4608	13312
40652	1601	4671	0	131	0	0	11520
200992	183113	3713	-1	0	1	122112	12544
96571	65209	4747	4096	0	1	64256	11520
18439	8147	4214	-1	0	0	7680	10285
112455	14669	1406	0	0	1	0	14848
121633	76267	6291	4096	256	1	18176	9984
117733	37219	3018	4096	256	1	70400	13312
235480	165623	15548	4096	131	0	5376	768
253499	78955	15416	-1	131	1	144384	768
155085	62855	15858	-1	0	0	154624	512
198688	96561	15258	4096	256	0	174080	1024
9601	4810	16293	0	256	0	0	0
159034	22195	9284	8192	0	1	79360	6912
299135	79340	11904	4096	0	0	25344	2580
306034	216184	13836	4096	131	1	7424	2304
145190	138804	16119	-1	0	1	106240	256
287734	85648	8829	4096	131	0	14848	4464
296796	16932	2734	0	256	1	0	13568
121229	28866	3546	4096	256	0	70144	12094
330139	147316	13021	0	0	0	0	3328
105498	50115	12565	-1	256	1	37632	3584
133349	8132	4553	4096	131	0	114176	8252
125618	52904	8634	0	131	0	0	7680
97675	62132	3654	4096	0	1	57856	12544
309464	277307	8952	4096	256	0	148992	5317
129950	105484	9491	4096	131	0	7168	5108
14559	5002	11286	0	0	0	0	4864
283200	199330	16006	4096	131	0	62720	256
161146	47190	5885	4096	0	0	81920	10154
46357	565	8506	8192	256	0	17152	7627
147988	139923	9748	-1	131	0	145408	5485
316319	31529	8417	8192	256	0	269824	1239
342020	113137	7145	8192	0	0	202240	1551
222954	17750	4622	8192	256	0	222208	6826
233058	119412	9534	0	256	0	0	6656
